request_id,oof_prediction,target
t3_q8ycf,0.24286265728128903,False
t3_ixnia,0.27455799039501977,False
t3_ndy6g,0.2605762951733231,False
t3_1abbu1,0.38266790722741395,True
t3_kseg4,0.37150278624498684,False
t3_18ufau,0.26038381433204366,False
t3_j7uvc,0.26392961523511027,False
t3_11c4ia,0.2967703165453859,True
t3_1msh0x,0.30144687271577086,False
t3_revjv,0.2690300601964225,False
t3_16q61n,0.3066896190950732,False
t3_1b3g0l,0.24286265728128903,True
t3_m2t75,0.2794876209371313,False
t3_mak5d,0.26504698217329525,False
t3_poa91,0.2601040685844978,False
t3_ln1qn,0.3414677120299161,True
t3_i4aiw,0.25730223426587634,False
t3_wz6ms,0.27936525852655275,False
t3_1dw266,0.24553794147992625,False
t3_14svg6,0.3352615211373286,False
t3_yjjw7,0.3238097693446282,False
t3_ongiw,0.25850956250292656,False
t3_vhmko,0.24279370266406647,False
t3_1lw1mn,0.274365494400184,False
t3_kdmru,0.30329506213051105,False
t3_1i8m5d,0.32777832232599574,False
t3_y1swi,0.24240090520204172,True
t3_11ctig,0.2415297445648225,False
t3_1e0uyz,0.2913816929314777,True
t3_rr9wx,0.2645197222071791,False
t3_17ifsw,0.3376433137187984,False
t3_15cj9s,0.2844968588945793,True
t3_vdav3,0.2549285124610421,False
t3_1jw1ig,0.2428090853868977,False
t3_1n8b9x,0.3250585123294266,False
t3_jf792,0.2978101210474986,False
t3_13u12r,0.2817642168658217,True
t3_15e27u,0.3600297878910431,True
t3_ymc8x,0.2619055785328806,False
t3_j5vig,0.35760029402198495,False
t3_1moge8,0.28480041798596784,False
t3_rehh1,0.26106164013723804,True
t3_zm9r7,0.24093318236955638,False
t3_1mvyrw,0.3320586152480787,False
t3_j78hw,0.37647990953934585,True
t3_ihb81,0.2729691701392629,False
t3_wqdty,0.27447293793090793,False
t3_1052rl,0.3543729130391657,False
t3_kgy20,0.24286265728128903,False
t3_12etl1,0.34796999087629393,True
t3_1mh9l8,0.2670509211172226,False
t3_1lojow,0.2952263937977026,True
t3_wcr6k,0.31059437158569075,False
t3_oqt3g,0.25495629918381457,True
t3_zaiqv,0.25216452472424156,False
t3_r2m63,0.28464678818628,False
t3_1elsjv,0.3265293883722677,False
t3_1cm709,0.28650599931710213,True
t3_13uiu9,0.2619055785328806,False
t3_oo525,0.30175963208821543,True
t3_rf5th,0.2978777614206316,False
t3_10y7bf,0.3174675275299611,False
t3_jvm5p,0.29277219514821984,False
t3_ie8kp,0.2696683227963744,True
t3_19xxg4,0.24286265728128903,False
t3_zm7qd,0.25872521510545826,False
t3_idhoq,0.26523764199057326,True
t3_1d14ic,0.25666103675714225,False
t3_id312,0.3045562075420243,False
t3_1ajekk,0.33148758100176773,False
t3_1c60fa,0.3706028410243635,True
t3_1l7qjw,0.35038993113260053,False
t3_12w748,0.3119744219927989,False
t3_1izxda,0.3022532793064585,False
t3_o59yk,0.24286265728128903,False
t3_1db2db,0.2160794499576416,False
t3_19z0qn,0.325579543000448,False
t3_ivze3,0.3050688300204408,False
t3_1bs9o1,0.25495629918381457,False
t3_i41ca,0.3642592557969433,False
t3_1c5whr,0.31644775417483945,True
t3_14ywna,0.265087227745624,False
t3_jji1s,0.31613495181246015,False
t3_1ah3be,0.29268300461724245,False
t3_ly6a7,0.3193326204739568,False
t3_167owz,0.30823526299807225,True
t3_ihbnf,0.2794876209371313,False
t3_19qsle,0.27080077262903346,False
t3_v4fsy,0.25599421044305304,True
t3_websd,0.25495629918381457,False
t3_1g9has,0.27447293793090793,False
t3_1hty43,0.24806162917997746,True
t3_191zkg,0.34515779389963497,False
t3_mwxr8,0.25599421044305304,True
t3_kr7pc,0.2619055785328806,False
t3_zmeup,0.2696683227963744,False
t3_s9wid,0.23663263854616023,False
t3_is4bx,0.2563848203684551,False
t3_t468d,0.2833462079039792,False
t3_1mxdoc,0.25867439811696513,True
t3_1gbd9e,0.23663723875305945,False
t3_iubo8,0.24067167890685795,False
t3_opnwu,0.31087241800038967,False
t3_lcqaj,0.3150906840778921,True
t3_kwnc2,0.324424586856195,False
t3_mwews,0.23505335732204063,False
t3_ickz6,0.2503278712320761,False
t3_1mnhwm,0.27949829743005655,False
t3_1ge5t7,0.2913591430853066,True
t3_18v2lo,0.281517325133431,False
t3_jh8y1,0.28475121861289865,True
t3_19qika,0.3372283774680958,False
t3_1kgyak,0.2619055785328806,False
t3_l85q7,0.24286265728128903,False
t3_12min2,0.27080077262903346,False
t3_jd4dp,0.2645197222071791,True
t3_zmoun,0.2731140282496734,False
t3_k5s93,0.30751347453844746,False
t3_zm9vg,0.23663263854616023,False
t3_nbqjv,0.3011714373080529,False
t3_175kgc,0.2826499723248101,False
t3_psmo2,0.3639848635762368,False
t3_wm9q9,0.2680386701742483,True
t3_lcl28,0.27443175686294646,True
t3_s94q3,0.2557845597507623,False
t3_xdes5,0.27544546591817615,False
t3_1gvv2z,0.2951398310809455,False
t3_1dj6c7,0.2877712481223091,False
t3_q21uq,0.32929046030537656,True
t3_1nbual,0.2800693094930114,False
t3_10sh4y,0.24286265728128903,False
t3_11yzhr,0.2898434783435965,False
t3_o2yuk,0.3398743514736173,False
t3_1ifrk1,0.26086893345826545,False
t3_1o2qn4,0.25594947410071356,False
t3_1lkwgf,0.2729800051875781,False
t3_ktlwy,0.2362645170165884,True
t3_1ard8p,0.2566079997456139,True
t3_1mjbbd,0.26530643026934575,True
t3_mr417,0.38266790722741395,False
t3_1i9rhr,0.3414677120299161,True
t3_16p2bo,0.23142536026757732,False
t3_1445z4,0.25495629918381457,False
t3_hj1hr,0.3489155816320393,True
t3_wapkt,0.2793456974323063,False
t3_17aeua,0.26157268979459275,False
t3_mtthu,0.27954564211735394,False
t3_12b3w7,0.27080077262903346,True
t3_112lzf,0.22029127912335753,False
t3_12hn0h,0.27080077262903346,False
t3_1judum,0.28233261899613993,False
t3_14icx0,0.2670509211172226,False
t3_rxvd9,0.35747535035733946,False
t3_10l8qm,0.24067167890685795,False
t3_ub7hw,0.3017185571552033,True
t3_l38o7,0.27304550635288616,True
t3_19nxgf,0.2751430759347072,False
t3_zopxu,0.25850956250292656,False
t3_vwaq0,0.33287998526347334,True
t3_ss0dh,0.26108731333608864,True
t3_p3ms6,0.3075018349508101,False
t3_1n9ois,0.24553794147992625,False
t3_iv46f,0.26969600758588075,False
t3_p8bpo,0.24345807975160108,False
t3_pfkus,0.2797477855331269,True
t3_ig6hm,0.24067167890685795,True
t3_1f20o2,0.3137125734957877,False
t3_icpji,0.2584044821662746,True
t3_1fhosp,0.26276414070416904,False
t3_1njmj5,0.27461778579439616,False
t3_p9mhf,0.2931928628078313,True
t3_jiupg,0.23949024262725072,False
t3_ly96a,0.29199443112635914,False
t3_1f5c0t,0.29808650954684346,False
t3_su88y,0.29808650954684346,False
t3_o2oml,0.23979310697091122,True
t3_1adzzj,0.2724894796638124,False
t3_oqnnx,0.31803744299899417,False
t3_nk0mc,0.27461778579439616,True
t3_jitty,0.28607129967356393,True
t3_12t3gq,0.30803734829242896,False
t3_1c8gp9,0.30803734829242896,True
t3_j6433,0.24286265728128903,True
t3_nwvan,0.2999344394067516,False
t3_j61nm,0.2582802345682805,False
t3_yhqes,0.24286265728128903,False
t3_u03i9,0.24553794147992625,False
t3_1m1lri,0.35038993113260053,False
t3_sxkga,0.28966871834311964,False
t3_njowo,0.27461778579439616,True
t3_j3bnz,0.24286265728128903,False
t3_10xzjp,0.2929827750046565,False
t3_r6skb,0.24286265728128903,True
t3_1516p2,0.3128029783427703,False
t3_1k03r5,0.2762978688965564,False
t3_1dmzo2,0.23075391595758002,True
t3_oqt9r,0.2619055785328806,True
t3_xq7y2,0.3414677120299161,False
t3_1l2jgl,0.24345807975160108,False
t3_1j27e6,0.27080077262903346,False
t3_10lit4,0.24286265728128903,False
t3_1alppm,0.3055440884724,True
t3_124ixz,0.2872750891422894,False
t3_q20mc,0.2645197222071791,False
t3_1a1d5k,0.3488626280381425,False
t3_1la0rw,0.2889520063962473,True
t3_j4f1b,0.33306119021013453,False
t3_kteng,0.23663263854616023,False
t3_v4h27,0.26523764199057326,False
t3_jtkzo,0.4011054292901923,True
t3_w7d44,0.24553794147992625,False
t3_1enrol,0.2693526486348016,True
t3_1jr3uk,0.2534695622030808,False
t3_o1lf2,0.23663263854616023,False
t3_isapa,0.28304647567870345,True
t3_1evf1g,0.2684587062045801,True
t3_sxbtk,0.24286265728128903,False
t3_1djsub,0.3071333343315842,False
t3_huz3x,0.2692517396190765,True
t3_j48e9,0.2724181273050773,False
t3_mn8cj,0.2897615194258865,False
t3_1izvy4,0.26005963753281486,False
t3_zz1y6,0.25495629918381457,False
t3_trxk8,0.2754692936783461,False
t3_kynos,0.3023572924571508,False
t3_1ibc21,0.2798343556953638,False
t3_ij5u9,0.24404800405274785,False
t3_imjze,0.3100019319217248,False
t3_i7emz,0.24286265728128903,False
t3_ielvb,0.2160794499576416,False
t3_j0g29,0.34855842702535644,True
t3_12qzfl,0.3068937887030843,False
t3_jyac3,0.2950346580577987,False
t3_14sqs0,0.25136855684867954,False
t3_o1unn,0.22047116072205877,False
t3_lum93,0.2298774100394305,False
t3_1ivane,0.2674656165822912,False
t3_ifsip,0.26736358314186964,False
t3_15cime,0.2702370970631395,False
t3_144hee,0.2822277314782217,False
t3_rlm9n,0.30689201920537806,False
t3_1kz73q,0.2699631643741097,False
t3_1l7iq5,0.2933836058213657,False
t3_11ndm0,0.24286265728128903,False
t3_j541g,0.25850956250292656,False
t3_ki1iq,0.2960761807838419,False
t3_nh302,0.24286265728128903,False
t3_sujtn,0.24328529158578663,False
t3_rtp1p,0.22756197864425914,False
t3_zb1dc,0.2693526486348016,False
t3_172ycb,0.31097921228837144,False
t3_iskru,0.2881073788443265,False
t3_1bvg8u,0.2564319946464188,True
t3_1fd9qv,0.29808650954684346,False
t3_16sgg7,0.2751055119572579,False
t3_zkkxp,0.30771673739124394,True
t3_1hbqef,0.26214237690259673,False
t3_1dvlba,0.25599421044305304,False
t3_idljj,0.351582539330042,True
t3_1di6wv,0.2704751698680269,True
t3_qj1to,0.25850956250292656,True
t3_vr6nt,0.24286265728128903,False
t3_isixq,0.2229588840297358,False
t3_w0fy2,0.2586899135389376,False
t3_15chud,0.28279253581823505,True
t3_10qj5i,0.24286265728128903,False
t3_jy62z,0.2522004893281043,False
t3_o8g9k,0.3026200311194218,True
t3_14sq09,0.26834484224972344,True
t3_1ee43k,0.38266790722741395,True
t3_j4khu,0.3347547329748082,True
t3_1dl7xz,0.2617309888890659,True
t3_o31ku,0.34476648438878615,True
t3_185nib,0.28109635939522715,False
t3_1arvbn,0.2502185859414488,False
t3_jvvwh,0.2253079659197321,False
t3_ta8v7,0.2918884283623346,False
t3_hugjx,0.2557845597507623,False
t3_q1fhz,0.24067167890685795,False
t3_1mur9b,0.2661082878650287,False
t3_jixhl,0.322125078283062,False
t3_1eva7f,0.3290839564671064,False
t3_mywl8,0.34975106607996365,True
t3_10gx5r,0.24328529158578663,False
t3_1io64d,0.3352361032604022,False
t3_rna66,0.24031011787599837,False
t3_yd17n,0.26629094877842885,False
t3_1c356v,0.26734746689600797,False
t3_117x8e,0.313116187527221,False
t3_1517ev,0.2721380668122035,False
t3_kas3t,0.24286265728128903,False
t3_lylep,0.2645197222071791,False
t3_14i983,0.32136028133563543,False
t3_ibsx7,0.3505467990057955,True
t3_htec8,0.2572026981052758,True
t3_1ip9i8,0.2563848203684551,False
t3_1kfekm,0.2563848203684551,False
t3_1nadhy,0.22744619244742512,False
t3_jpelk,0.2859700791623345,False
t3_1neb2a,0.27407041553066613,False
t3_uvavy,0.2896317807583699,True
t3_xjnsg,0.24067167890685795,False
t3_164hsj,0.25744643911822257,True
t3_1j485g,0.27414811422528595,True
t3_ma3ug,0.27080077262903346,False
t3_1lsjll,0.3014792322025203,False
t3_1n3y6g,0.3414677120299161,False
t3_rgbqw,0.26214237690259673,False
t3_wulgs,0.2755872199601284,False
t3_1elkjb,0.28860710804107664,True
t3_rmf5x,0.258945398280959,False
t3_iz7sq,0.23663263854616023,False
t3_144973,0.32415634453908515,False
t3_1dy638,0.3697379259933201,False
t3_1fmctc,0.304119944606365,False
t3_il4a3,0.3209092647300247,False
t3_m9dxg,0.24806162917997746,False
t3_l25d5,0.3091207141132404,False
t3_11ydyn,0.3089408444023062,False
t3_17w2sb,0.2762629911350872,True
t3_1b33f3,0.36952894718693613,True
t3_hvtd1,0.33501600415078764,True
t3_mv3z8,0.24286265728128903,False
t3_pmnm3,0.29058767782452954,True
t3_19y0r3,0.26833049528435365,False
t3_x1ehz,0.2704751698680269,False
t3_ktg8y,0.2563848203684551,False
t3_pgv5p,0.25844575453589286,False
t3_1kelpk,0.24806162917997746,True
t3_j8ypi,0.27080077262903346,True
t3_tfla1,0.27080077262903346,True
t3_12jdw9,0.34358051235386483,False
t3_nvp4w,0.2880017651922281,False
t3_10nyhz,0.24806162917997746,False
t3_1js4bg,0.2704751698680269,True
t3_1ad48x,0.30506861404470154,False
t3_1inx86,0.3152923929274229,False
t3_12laxd,0.23309233582183905,False
t3_13mrf0,0.3188101253548366,False
t3_ryqh6,0.27623219467642807,True
t3_ucbjy,0.2495169814213936,False
t3_174132,0.2666736983376754,False
t3_1icvfx,0.2821809608945058,False
t3_p8qqs,0.2835881318392975,False
t3_kte8z,0.37647990953934585,True
t3_ipti5,0.2362645170165884,True
t3_ptpmf,0.2828763402570261,False
t3_1jul47,0.25909341809763714,False
t3_uiw5r,0.30665758018483913,True
t3_r7qk1,0.2693526486348016,False
t3_11i3po,0.2786150885958481,True
t3_11q3hl,0.2794876209371313,False
t3_1bna25,0.2619055785328806,False
t3_knm5x,0.289694125491995,False
t3_105fpq,0.2989736242780047,True
t3_m5ohi,0.3136824467395621,False
t3_1m08k0,0.32988649250908914,False
t3_mcez6,0.3529820276513941,True
t3_jas9j,0.3535338054918394,True
t3_m3wli,0.3288287700792912,False
t3_1g7yy8,0.3356747026625956,False
t3_1iq30u,0.2563848203684551,False
t3_lqxnz,0.2298774100394305,False
t3_p863y,0.2949863819310722,True
t3_10rx08,0.25730223426587634,False
t3_pr90u,0.26833049528435365,False
t3_1f8wzs,0.2828764607104795,False
t3_l9xcf,0.2877936316882312,False
t3_iaeiq,0.2645197222071791,False
t3_n1buu,0.28572739034343464,False
t3_ulsv8,0.2731140282496734,False
t3_pqlxn,0.27461778579439616,False
t3_1dn8ys,0.30574160225095576,False
t3_wnwt1,0.2805728416108927,False
t3_14cptr,0.2760053203757191,False
t3_iawlc,0.25850956250292656,True
t3_11djlk,0.25495629918381457,False
t3_m0sty,0.25495629918381457,False
t3_1bmde1,0.25945153060072806,False
t3_v6wse,0.28655542181342986,False
t3_sujw6,0.2990894157123962,False
t3_1crwpr,0.27844978256928504,True
t3_y3kvw,0.28349322333583177,False
t3_1lh7k2,0.26214237690259673,False
t3_x5x2l,0.2693526486348016,False
t3_18od8n,0.35038993113260053,False
t3_obm7u,0.28239771813363207,False
t3_1amn1r,0.24248476781102415,False
t3_1eudfd,0.2983519980626672,False
t3_1kty6v,0.2890077331387994,False
t3_1j4cpr,0.2817642168658217,False
t3_1mi7hs,0.2724726897282078,False
t3_17vccr,0.2619055785328806,True
t3_1lj5z5,0.24553794147992625,False
t3_w4fdd,0.3081473430857918,True
t3_il751,0.27455799039501977,False
t3_jadje,0.28590188937143013,False
t3_1894ni,0.2694361376832832,False
t3_r23hv,0.2298774100394305,False
t3_pzdct,0.24286265728128903,False
t3_1hu814,0.3656944939989673,True
t3_iajeu,0.3006421770051959,True
t3_wo39k,0.23788866534359981,False
t3_1edtyp,0.26833049528435365,False
t3_ri8zw,0.2787537922469668,False
t3_1ka3zb,0.255318544190876,False
t3_k2m6f,0.2550847106133165,False
t3_15a40e,0.3353743543856185,False
t3_1feuqr,0.3321223903301032,False
t3_1bbhuw,0.3544985292769428,False
t3_ncogh,0.34515779389963497,True
t3_1lui8z,0.32654089365451994,False
t3_j46p8,0.25730223426587634,True
t3_us5ub,0.32208281194916244,True
t3_i8bgo,0.3423435473081988,True
t3_127cdj,0.23309233582183905,False
t3_l0vt2,0.24240090520204172,True
t3_1mcsc6,0.32775267127570107,False
t3_1me01t,0.27623219467642807,False
t3_xtiat,0.24286265728128903,False
t3_id7yh,0.36608048355007416,True
t3_k0gwn,0.268810757920641,False
t3_t2043,0.27080077262903346,False
t3_1er0fy,0.2924005172200887,False
t3_infkm,0.27280163733054763,True
t3_j1rc7,0.266074177045158,False
t3_xnxyn,0.2483285785795909,False
t3_1j4qoa,0.26858773845417266,False
t3_1ne4h1,0.31290992923526756,False
t3_qmods,0.3433444499333836,False
t3_1fgtb1,0.2597196012974421,False
t3_iw9on,0.26214237690259673,False
t3_16ufd0,0.3414677120299161,False
t3_nzysy,0.23663263854616023,False
t3_1l2aii,0.319002748705189,True
t3_19g79c,0.34752553647661694,False
t3_1lnjv7,0.3385445267247587,False
t3_s2l24,0.28912503794025024,False
t3_13b5ve,0.3409226933198615,True
t3_1mjuld,0.2753716524648946,False
t3_u36g0,0.31558745513888464,False
t3_z19d1,0.30331718795638807,False
t3_14yly3,0.2563848203684551,True
t3_j79wu,0.2563848203684551,True
t3_jxci9,0.32306941346875345,False
t3_j0ciu,0.3030384055649861,False
t3_191xar,0.2619055785328806,False
t3_10bxbt,0.31373331232527796,False
t3_p58x5,0.27091225687980425,True
t3_jk7nj,0.26857589121589703,False
t3_10bqot,0.2752110258534538,False
t3_1lhldz,0.2570144647512896,False
t3_17i74u,0.27461778579439616,False
t3_jizyf,0.32914903197013506,False
t3_xb4id,0.2991306329183152,True
t3_nh797,0.27933480015865375,False
t3_oykqi,0.3483378382581491,False
t3_rtzx6,0.2917946192712223,True
t3_1inlzm,0.3349819788364349,True
t3_li6dm,0.24286265728128903,False
t3_iyulk,0.23221574757948363,False
t3_1b7ieh,0.3173600867332786,False
t3_yluzq,0.24328529158578663,False
t3_yc9h5,0.35266095754308696,False
t3_xhaqr,0.24286265728128903,False
t3_jirrd,0.34177599501173345,True
t3_ifd2k,0.24286265728128903,False
t3_1naa40,0.29120194606939653,False
t3_1eheso,0.2804945099388291,False
t3_16aay2,0.24593267258048976,False
t3_p8jnr,0.26570507590023074,False
t3_1ich4u,0.35687566693342937,True
t3_1exn3k,0.34515779389963497,False
t3_ik4z9,0.26235808009755845,False
t3_i8lcc,0.30144687271577086,False
t3_1l297j,0.36725594613309087,True
t3_1iiiyn,0.27872740915451394,False
t3_mfrzo,0.27742303482142544,True
t3_z1wyp,0.34850366890554757,False
t3_uvoyu,0.30751347453844746,True
t3_j24zb,0.304274403423713,True
t3_1cc30t,0.3498797391990801,True
t3_1lj6nv,0.3283173981481288,False
t3_wi29z,0.31792139576738326,True
t3_1enx5y,0.28636771394940813,False
t3_1k5zsu,0.24132548300995252,False
t3_zyecc,0.23663263854616023,False
t3_1n6s96,0.26005963753281486,False
t3_my0ag,0.2563848203684551,False
t3_176he7,0.2692517396190765,False
t3_16h22v,0.24328529158578663,False
t3_rjw7q,0.3296387505663119,False
t3_j51j8,0.2371663383365254,False
t3_t1mhf,0.3883180721860659,False
t3_151nhw,0.3414677120299161,False
t3_1f3w97,0.3667935034712779,True
t3_105dda,0.2806708068868346,True
t3_1mgzi5,0.31952782359386755,False
t3_if1m4,0.25727429585786415,True
t3_169luc,0.32067937606700014,False
t3_i2sdq,0.29103702182765906,False
t3_vrgzp,0.28546175046937533,False
t3_1msykf,0.3414677120299161,True
t3_li965,0.27080077262903346,True
t3_nfga2,0.2645197222071791,False
t3_k61z4,0.25599421044305304,False
t3_16a6dj,0.3412949497338178,True
t3_izjt4,0.2893710079908345,False
t3_1akbeb,0.34702440261647044,False
t3_15ftmj,0.25495629918381457,True
t3_1n9ywx,0.27443175686294646,False
t3_14ekl4,0.25495629918381457,False
t3_qqs9k,0.22029127912335753,False
t3_ngtny,0.27758794399915004,False
t3_n7hld,0.24328529158578663,False
t3_j55d2,0.2756721506312193,False
t3_1mtgh9,0.30196043293337743,False
t3_1lluvd,0.25744643911822257,False
t3_1erh1c,0.2619055785328806,True
t3_zd5vd,0.278882861170808,False
t3_1fxjl8,0.2828763402570261,False
t3_opkdn,0.2469497505678515,False
t3_1lh2r9,0.2837208135346966,True
t3_1fhc8g,0.2798658195497633,False
t3_lpztw,0.25730223426587634,True
t3_1bh26l,0.28343374936103544,False
t3_vutx2,0.30632346381379894,False
t3_1exwj8,0.392075311097022,True
t3_socp8,0.2947612194790422,False
t3_1m9jww,0.2656250942564366,False
t3_pvhrc,0.23949024262725072,False
t3_1ayawz,0.2493622096607189,False
t3_1ioo1k,0.26833049528435365,False
t3_i9w6y,0.3747947290067486,True
t3_17ng3y,0.2838041527516841,False
t3_1d0sw9,0.3007769269504496,False
t3_kjy8g,0.26523764199057326,True
t3_13q20v,0.22620006651005062,False
t3_tdqta,0.25850956250292656,False
t3_1l5oal,0.26833049528435365,False
t3_1ifvnz,0.23876269360266147,False
t3_jcu7r,0.3171601759890635,False
t3_izi35,0.3016965942844247,False
t3_101n9x,0.38266790722741395,False
t3_w34ns,0.25850956250292656,False
t3_1mur4f,0.3414677120299161,False
t3_u90cl,0.23876269360266147,False
t3_1ifdy8,0.28099274277454483,False
t3_1ne448,0.35486651534631725,False
t3_ihkf2,0.2647365221850324,False
t3_sz54v,0.2927708074542842,False
t3_1msmge,0.2896317807583699,False
t3_1ml07a,0.2239512196407929,False
t3_jwijt,0.35652233331491606,False
t3_hrurv,0.3310444280639769,True
t3_ifbh8,0.26251163263779864,True
t3_1la4qw,0.3638141030686339,True
t3_ji284,0.24067167890685795,False
t3_kng31,0.3508423140100786,False
t3_i9m36,0.2789197311494222,False
t3_srzwu,0.23523639285178283,False
t3_1dd7f2,0.24286265728128903,True
t3_lfmlt,0.2549285124610421,False
t3_n33bt,0.27461778579439616,True
t3_qm94i,0.25850956250292656,True
t3_zm5zn,0.3349819788364349,False
t3_kpk2i,0.23221574757948363,False
t3_11hnj3,0.24920674273834637,False
t3_1eek5u,0.25495629918381457,False
t3_1hdosr,0.25495629918381457,False
t3_1gb0m2,0.295241613196984,False
t3_vxj3u,0.36610579382331787,False
t3_13xx66,0.24553794147992625,False
t3_ukfxm,0.24067167890685795,False
t3_1109ol,0.392075311097022,True
t3_mkc0j,0.25495629918381457,False
t3_1c9wej,0.27407041553066613,True
t3_qg3tl,0.2619055785328806,False
t3_19hqs4,0.25495629918381457,False
t3_1dj9ut,0.2645197222071791,False
t3_1fw7rg,0.3432082458223578,True
t3_qfg06,0.28032388947588416,False
t3_117p6o,0.25495629918381457,False
t3_1j4pkv,0.24551942225348852,False
t3_1fi3qg,0.2935416426865019,True
t3_p8i8g,0.21210335977230976,False
t3_19li6x,0.2983906196494447,False
t3_x2cnf,0.25599421044305304,False
t3_160ppk,0.2619055785328806,False
t3_1n20xb,0.2563848203684551,False
t3_1dytpv,0.28903650924572843,False
t3_13shfa,0.356297826824237,False
t3_ik2xk,0.26857589121589703,True
t3_j4eym,0.24067167890685795,False
t3_qnocf,0.2702115164019268,True
t3_wcw5m,0.24067167890685795,False
t3_v0nep,0.2704751698680269,True
t3_jsz3b,0.2619055785328806,False
t3_z8pyv,0.24286265728128903,True
t3_1d743u,0.2049570379903664,False
t3_12ex9y,0.29765229465365034,False
t3_rmysa,0.348815305339647,True
t3_lj85m,0.3359891416515459,False
t3_1lof0c,0.32130676675500525,False
t3_j1qeu,0.29862720052124925,False
t3_1hrzcx,0.26833049528435365,False
t3_1mug65,0.22950957515743356,False
t3_18ct9a,0.24553794147992625,False
t3_vhwvk,0.24286265728128903,True
t3_kptim,0.29651702664209045,True
t3_vvpm3,0.2988552401312794,True
t3_li7nr,0.33295965912472536,False
t3_13rybt,0.26140918715124906,False
t3_1jg9ua,0.2495169814213936,False
t3_1atgfe,0.33822934214867595,False
t3_k6lxr,0.3650301024043816,False
t3_i4f5p,0.2495169814213936,False
t3_1jic3g,0.24240090520204172,False
t3_pdky6,0.35652233331491606,True
t3_q778f,0.2949863819310722,True
t3_14g8sq,0.27080077262903346,True
t3_mmxzg,0.26817760748671576,False
t3_ovyi3,0.2692517396190765,False
t3_kqvcx,0.2808546461974937,False
t3_1hk0kc,0.3593050734487292,False
t3_1ms3tz,0.24299191260753042,False
t3_1n1nv0,0.34752593293745193,False
t3_z3v1w,0.3057119708400516,False
t3_11y6ha,0.24286265728128903,False
t3_132u9h,0.3089564919958124,True
t3_x60iq,0.2563848203684551,False
t3_1iih7c,0.2845968544458111,False
t3_ifx03,0.2997542566582436,False
t3_wal74,0.25171916664687866,True
t3_xlbva,0.2695189227238667,False
t3_14khk1,0.35652233331491606,False
t3_j4ay7,0.33113045549081277,True
t3_1d4pw9,0.2619055785328806,False
t3_1ay6kg,0.3278319203052851,False
t3_w8dxz,0.2426969088354691,False
t3_ifkoa,0.3474055256288053,False
t3_k6rmw,0.22976377321187752,False
t3_sya7k,0.23663263854616023,False
t3_zxwp7,0.23969434138523502,False
t3_jcuju,0.32913597530999555,False
t3_1l5nlk,0.3310044565230975,False
t3_mejn4,0.3881111775166712,True
t3_1bge05,0.3349819788364349,True
t3_1d18tc,0.2869147797645351,True
t3_xwgmp,0.26523764199057326,False
t3_ljk9d,0.3603367875120137,False
t3_1d0hyy,0.31861618391158625,False
t3_iacsl,0.24426813107987802,False
t3_m6ue5,0.2468588315975576,True
t3_19npzl,0.24869901706796044,False
t3_lde2y,0.32930624999704533,False
t3_uok70,0.2693526486348016,True
t3_qdtwi,0.32902533559587205,False
t3_iqqh4,0.3564366878926346,False
t3_16aprw,0.30757680534279036,False
t3_ogx8x,0.2563848203684551,False
t3_mhhwl,0.31558745513888464,True
t3_16y5eo,0.33860009260062174,True
t3_1jr94y,0.28855130317766176,False
t3_14cq8l,0.35320971083129327,True
t3_oa1bn,0.3626322939356707,True
t3_j5c48,0.28281809906149713,False
t3_zl9mx,0.28903650924572843,False
t3_kqzsi,0.23949024262725072,False
t3_llbbt,0.24286265728128903,False
t3_1kjz61,0.3374362056541723,True
t3_yxo39,0.23309233582183905,False
t3_10inbs,0.3287831350035704,True
t3_1iimjc,0.28360588100108586,False
t3_ksycv,0.27311199822832555,False
t3_hyucu,0.2820704703033215,True
t3_qp3yp,0.23949024262725072,False
t3_r7olz,0.28125587034239236,False
t3_iv1oe,0.24286265728128903,False
t3_rx1kn,0.31941590575450807,True
t3_js0jj,0.2575175228416066,False
t3_uamvp,0.2619055785328806,True
t3_1lvmjt,0.24553794147992625,False
t3_jbns5,0.2806377273328891,False
t3_is2rj,0.23600173608342054,True
t3_wkg7i,0.22511639112739956,False
t3_1i79he,0.27080077262903346,False
t3_j0uqt,0.304521388328574,False
t3_1lcy20,0.3223396613476316,False
t3_18qrhq,0.2778592686927615,False
t3_pgqj4,0.2704751698680269,True
t3_ndb38,0.25730223426587634,False
t3_w7yx5,0.25495629918381457,True
t3_ruz5d,0.3409226933198615,True
t3_xf08y,0.38435413452039363,False
t3_kly2k,0.23663263854616023,False
t3_1m0gzm,0.24553794147992625,False
t3_1acwio,0.335658583328027,False
t3_1l4tbw,0.2619055785328806,False
t3_16al3e,0.27080077262903346,False
t3_14szq5,0.2846621437244613,False
t3_jinqa,0.2616510765919304,True
t3_1n2pk1,0.3385445267247587,False
t3_12einf,0.32955371283878543,False
t3_1l39ub,0.3414677120299161,False
t3_16sh48,0.3257876242015234,False
t3_1me87e,0.30331718795638807,False
t3_tpt92,0.24034485815006534,False
t3_1iv3t8,0.24093318236955638,False
t3_1bvvu0,0.2603495408961254,False
t3_1dveio,0.32631830583072263,False
t3_u2x1g,0.25495629918381457,False
t3_17mpk5,0.3044042691191485,False
t3_hvsln,0.24286265728128903,False
t3_ks28o,0.23663263854616023,False
t3_pzyzr,0.3247154334519521,False
t3_1muz45,0.2512802387057249,False
t3_1hh66k,0.26214237690259673,False
t3_mv2p0,0.2914251576323368,False
t3_15uf6h,0.29363238340052317,True
t3_1ikx0m,0.3159140214467949,False
t3_w414u,0.24901063289998593,False
t3_sqs7r,0.3307502698177245,False
t3_ijyyg,0.28650599931710213,True
t3_1cwhzy,0.27080077262903346,False
t3_rv81p,0.2619055785328806,False
t3_jygnk,0.3122654494698844,False
t3_huyb7,0.2693498198938879,True
t3_1iaji5,0.25625306160070355,True
t3_ldp4g,0.32200999583303425,True
t3_16pguo,0.2868973716292834,True
t3_ieouk,0.2495169814213936,True
t3_ydx3y,0.24962269629085257,False
t3_1ldpxz,0.2721970241418567,False
t3_xcuq7,0.2721380668122035,False
t3_x3zw7,0.26278285254495365,False
t3_xk5kb,0.25737767602044326,False
t3_1g2ias,0.33715558559900743,False
t3_1mjadx,0.2563848203684551,False
t3_1mq3sd,0.2532464923624967,True
t3_iahfy,0.2298774100394305,False
t3_16atpc,0.25850956250292656,False
t3_lcs2n,0.30803734829242896,True
t3_kobn3,0.26857589121589703,False
t3_zmvrz,0.26993558597831213,False
t3_13n4wc,0.27461778579439616,True
t3_1jwt8f,0.26833049528435365,False
t3_ya1am,0.2947028367133404,False
t3_kyth8,0.2829986576848571,True
t3_wujgp,0.3849167636799337,True
t3_109v9l,0.23663263854616023,False
t3_19vqlq,0.25495629918381457,False
t3_jsibf,0.29216287637131144,False
t3_1eilsp,0.2803514663021362,True
t3_opr6p,0.2832118686087556,False
t3_i4kxs,0.32177778600228796,True
t3_1cfe7o,0.25042092638046215,True
t3_uu8m0,0.30714388461222353,False
t3_jjjr3,0.31660642238811026,False
t3_ip6t7,0.24483660621640327,False
t3_jo7cn,0.23663263854616023,False
t3_p53xp,0.24286265728128903,False
t3_183m94,0.3054319726864679,True
t3_isw6m,0.23663263854616023,True
t3_1ivbsx,0.3121581484031428,False
t3_t3g7k,0.28375106740202416,False
t3_niyvi,0.3315412139342394,False
t3_14swrv,0.3296520605637146,False
t3_rn35l,0.2517434866461656,True
t3_ictg3,0.24426813107987802,False
t3_iwdxn,0.20721550190797772,True
t3_1j6blu,0.3197110223126624,False
t3_14xiay,0.34099538684427066,True
t3_13s53x,0.2808546461974937,False
t3_ihn52,0.24470722876857615,False
t3_rsdxz,0.2584044821662746,False
t3_kwvtp,0.3349819788364349,False
t3_tow71,0.2619055785328806,False
t3_11r6hr,0.24286265728128903,False
t3_z7nxl,0.2834232421229365,False
t3_1lh7ir,0.3128029783427703,False
t3_14uwjl,0.3070497245541874,False
t3_1k0jhw,0.2308698673375455,False
t3_189pw1,0.282768835064775,False
t3_kps7l,0.2650769024117737,False
t3_1fhvt9,0.2810810005090343,False
t3_1crb5i,0.27080077262903346,False
t3_1cbaha,0.35944804562710697,False
t3_1dyte2,0.31525780841251116,False
t3_izvqk,0.2647365221850324,False
t3_14twts,0.24858658343495474,False
t3_1bdk1n,0.27461778579439616,False
t3_1mvimj,0.2563848203684551,False
t3_mkn51,0.3543729130391657,True
t3_1mtauc,0.24240090520204172,True
t3_1kds2h,0.32903435660918456,False
t3_zkbg4,0.31800055920316167,False
t3_zpzly,0.2379741719150509,True
t3_lds70,0.23949024262725072,False
t3_1j2fzv,0.2828763402570261,False
t3_1id2lm,0.26833049528435365,False
t3_i5nsa,0.26629094877842885,False
t3_rox61,0.2670509211172226,False
t3_mvbkg,0.27461778579439616,False
t3_1mqv2u,0.3190957733598091,True
t3_leccn,0.3006371438169132,False
t3_ibfwq,0.37094673628364055,True
t3_nht3f,0.24553794147992625,False
t3_1bz3zy,0.255318544190876,False
t3_1jpir5,0.2610028990145785,True
t3_l7hna,0.26158665694235234,False
t3_172zvl,0.2563848203684551,False
t3_q2x4u,0.2713713170384921,True
t3_i7zc7,0.3003470954459247,False
t3_1db9ne,0.2696683227963744,False
t3_107hh7,0.2160794499576416,False
t3_10w7r5,0.30550479485774357,False
t3_m3usy,0.2978422710597373,False
t3_1hgtzs,0.392075311097022,True
t3_os1xx,0.24286265728128903,True
t3_kq6o8,0.27455799039501977,False
t3_ldqcn,0.2710080288459967,True
t3_1bdwn4,0.2919297240282488,False
t3_1ktigy,0.2645197222071791,False
t3_q5xsi,0.33696408032143976,True
t3_1nphr4,0.27461778579439616,True
t3_yemx8,0.32729977847850195,False
t3_joe6g,0.3417413996848164,True
t3_1g5lfz,0.24806162917997746,False
t3_k85y0,0.2495169814213936,True
t3_16o8rx,0.35038993113260053,False
t3_1bve6a,0.33196093749808514,False
t3_10wjqb,0.3043953453949519,False
t3_qktdu,0.24751454811694104,True
t3_jzjv6,0.24806162917997746,False
t3_pa63g,0.2495169814213936,False
t3_k81ce,0.24345807975160108,False
t3_1cyskn,0.2571405471094489,False
t3_1jlya3,0.28697153625519267,False
t3_1mltme,0.2882690912155814,False
t3_19h8rg,0.24833148552961357,False
t3_m2yup,0.268810757920641,False
t3_xnb7e,0.3414677120299161,False
t3_yhkii,0.2443534750441157,False
t3_x4pq4,0.3295010757135917,True
t3_ncvir,0.33313176614575923,False
t3_jgagi,0.2761323534954447,True
t3_wzfa1,0.2437305747394668,False
t3_ofixj,0.29690511484573207,False
t3_110j9p,0.25495629918381457,False
t3_svlxr,0.2645197222071791,False
t3_n1o3t,0.2584088949275944,False
t3_1e4lzb,0.3343563326875193,False
t3_1dafw3,0.2911038686204844,True
t3_xs4sp,0.27166237702423013,False
t3_m7to4,0.27304550635288616,True
t3_1lf8vi,0.38266790722741395,True
t3_iypiy,0.2908414274005978,False
t3_z1o58,0.28634459910178905,False
t3_z5p0q,0.2680386701742483,True
t3_1ju2j1,0.2692517396190765,False
t3_1c9g46,0.3448245893603981,False
t3_ja7v9,0.26857589121589703,False
t3_1crha6,0.28320268726602266,False
t3_1e3qus,0.24553794147992625,True
t3_xgvx1,0.23943072900587326,False
t3_1a26f9,0.2751055119572579,False
t3_w0kpu,0.25286702651544923,False
t3_10hdxb,0.32510857448087593,False
t3_ic9o3,0.375715582424166,False
t3_1gxmkx,0.27461778579439616,False
t3_x37fw,0.3707461434002958,False
t3_n1kit,0.31647268321002264,True
t3_1jlnc4,0.24328529158578663,True
t3_icnlx,0.28852570001404104,False
t3_j1gwx,0.27447293793090793,False
t3_123mtw,0.31493341330784735,True
t3_i6ciw,0.26005963753281486,True
t3_leer9,0.2710080288459967,False
t3_18117p,0.2799691824254058,True
t3_1cdway,0.3003513576446374,True
t3_10fn4p,0.2778592686927615,False
t3_yumwm,0.2798343556953638,False
t3_sd8rh,0.2619055785328806,False
t3_1ju8pk,0.2645197222071791,True
t3_zu4k8,0.2495716595000549,False
t3_t13t8,0.24404800405274785,False
t3_ibstr,0.2393939897784963,False
t3_1ix7og,0.3444804588008756,False
t3_pdr5c,0.24571088536454802,False
t3_ob19a,0.27304550635288616,False
t3_jq1rb,0.35480286473222444,True
t3_144tva,0.27304550635288616,False
t3_181qem,0.2996405934648975,False
t3_14kyrf,0.2839057134595871,False
t3_1c9d5c,0.26833049528435365,False
t3_1jg9ol,0.2927708074542842,False
t3_lmclj,0.23980313700298722,False
t3_1miisj,0.25174821765581795,False
t3_1lti3w,0.3414677120299161,False
t3_1hb731,0.2692517396190765,False
t3_1gqjs1,0.2845617675985633,False
t3_i9pfa,0.31223252216577496,False
t3_1ejqxg,0.29610284297561396,False
t3_ktevc,0.2563848203684551,False
t3_w3t9i,0.32076351138556985,False
t3_1mamex,0.35038993113260053,True
t3_q8kcl,0.224713651223287,False
t3_1ihu3g,0.33696408032143976,True
t3_jx8fn,0.3544056008372981,False
t3_19ursh,0.3349819788364349,False
t3_pykdb,0.27461778579439616,False
t3_1kl9m5,0.29808650954684346,False
t3_14ghqp,0.25451874975947536,False
t3_kvphl,0.24286265728128903,False
t3_16vnx8,0.2603271146074741,False
t3_twhwh,0.24286265728128903,True
t3_1n1ors,0.26214237690259673,False
t3_1bpjvp,0.27080077262903346,False
t3_ir5vi,0.2897857295838383,True
t3_wg45f,0.27003451447086135,False
t3_1mdjqu,0.24328529158578663,False
t3_m2lsp,0.3549321239249222,True
t3_w71p4,0.32460311203302616,False
t3_kv7mk,0.27167319696080816,False
t3_js615,0.34086238760272736,False
t3_w8j3r,0.31528510954386924,True
t3_rjyfr,0.33278267408690815,False
t3_p4bbz,0.3236158562834565,False
t3_1irhv8,0.2563848203684551,False
t3_15c29t,0.3127462942149437,False
t3_o3dra,0.2896317807583699,False
t3_uhn9a,0.26221621067317435,False
t3_1eq5hr,0.26481016750175757,False
t3_n1m47,0.24286265728128903,False
t3_vexr7,0.2751055119572579,False
t3_1avgfp,0.2656250942564366,False
t3_1cc1fm,0.2756721506312193,True
t3_iwsyv,0.2929575187602404,False
t3_m580l,0.298617383325975,False
t3_np780,0.24553794147992625,False
t3_kj1lv,0.2666736983376754,True
t3_m1ugu,0.2673686254408577,False
t3_15dlja,0.30661110245482626,False
t3_17lx74,0.27697687329594867,False
t3_14x19i,0.26788581475947976,False
t3_seser,0.3093103688862152,True
t3_j0t5k,0.3508423140100786,False
t3_i7i3b,0.24067167890685795,False
t3_1ijbcz,0.2563848203684551,False
t3_11ci8m,0.25495629918381457,False
t3_193nh9,0.25599421044305304,False
t3_wwfst,0.23832659922284904,False
t3_pb65f,0.27080077262903346,False
t3_157zdf,0.32189887758300245,False
t3_ur5yf,0.30926581608378334,True
t3_nsp01,0.2693526486348016,True
t3_17z4w1,0.33682191891403,True
t3_jaaif,0.3349819788364349,False
t3_qdiop,0.3362811683576027,False
t3_rs4l6,0.23949024262725072,False
t3_jii22,0.2495169814213936,False
t3_i79uv,0.24553794147992625,True
t3_isfa0,0.29356000009413885,True
t3_t646u,0.2586899135389376,False
t3_146rcc,0.288981659545485,False
t3_1ifvl5,0.26109389036444247,False
t3_14se28,0.2334749636711131,False
t3_18920c,0.298617383325975,True
t3_1lf2wo,0.24085788096241936,False
t3_1g5mzq,0.3198293922847212,True
t3_pdxob,0.35987405918966286,False
t3_m44y4,0.30305474015588624,True
t3_uh6yf,0.2512802387057249,False
t3_12xy6z,0.2837920343061352,False
t3_t5zvr,0.24553794147992625,False
t3_t0h4b,0.33015129489293316,False
t3_1m2eml,0.2563848203684551,False
t3_1bkslu,0.2662647356611445,False
t3_jxo6o,0.3488626280381425,False
t3_w8r0d,0.2955839575121634,False
t3_w275w,0.24863496941910182,False
t3_1ejphm,0.3272047212629025,False
t3_rqba4,0.2638066209278541,True
t3_10qiks,0.2693526486348016,False
t3_iv5pi,0.23282087318725572,True
t3_172og2,0.35038993113260053,False
t3_u9pvk,0.33815644656094157,False
t3_k2xlr,0.2466589658795318,True
t3_lnk5x,0.2479245754015206,True
t3_1ne81h,0.3206410568450997,False
t3_1num5h,0.35183935403878397,False
t3_s34yy,0.25495629918381457,False
t3_wvu7d,0.33833330702514314,True
t3_rojsh,0.3195915205459104,False
t3_zq13j,0.26323178033050454,False
t3_iild5,0.2622108340438086,False
t3_mhfrt,0.27447293793090793,False
t3_jo3bu,0.23221574757948363,False
t3_jfsbk,0.29736837879513717,False
t3_ob0s4,0.37359248506107273,True
t3_1lz2v9,0.28464678818628,False
t3_16gr7t,0.3506084809551761,True
t3_1g7wwn,0.2929827750046565,False
t3_1inw6k,0.24286265728128903,True
t3_1i3rkt,0.2559814653793247,False
t3_12mvhx,0.25850956250292656,False
t3_vt5pw,0.25850956250292656,False
t3_uj3t6,0.29020293026116206,False
t3_jf3r5,0.24236556056110417,False
t3_o2zp5,0.24962269629085257,False
t3_wyw65,0.25599421044305304,False
t3_k4y7u,0.2627435726040337,True
t3_1eovjy,0.25830599188628617,False
t3_15c8qv,0.3063219500242494,True
t3_icfwu,0.2619055785328806,False
t3_nxcek,0.3007966989189423,False
t3_jp4ch,0.24328529158578663,False
t3_1lsz31,0.2645197222071791,False
t3_qv82g,0.29808650954684346,False
t3_11g7c1,0.3853298452848866,False
t3_1kmo1i,0.24067167890685795,False
t3_1e541d,0.35614075985193433,False
t3_kiwh0,0.24553794147992625,False
t3_jsesk,0.2714481399164861,False
t3_1l0u6j,0.2724181273050773,False
t3_1mt1pn,0.3541969787675838,False
t3_1k6ahh,0.3037936575594855,False
t3_i3nn5,0.2876569599231628,False
t3_1fi22q,0.272381068878948,True
t3_16ukpa,0.27461778579439616,True
t3_mawlw,0.2989213932533893,False
t3_rzw92,0.28146843022366863,False
t3_1g8m78,0.33937120388250325,False
t3_1mjuvd,0.27462517933671793,False
t3_w4jwd,0.2597196012974421,False
t3_oabpo,0.25599421044305304,False
t3_kap2x,0.23910976806885934,False
t3_kyju4,0.33822934214867595,False
t3_13dupc,0.2751055119572579,False
t3_olkfv,0.257125835757521,False
t3_nu7h8,0.24593267258048976,False
t3_ik3hj,0.3202648197104067,True
t3_1n79du,0.29862803285933326,False
t3_1dcf2z,0.2933593628405743,True
t3_u027s,0.3075526467659303,True
t3_tjqlx,0.2893300038935863,False
t3_1iupr3,0.25083048591242035,False
t3_1mh2tl,0.3367146347754437,False
t3_154jkb,0.22865397855293085,False
t3_1cqpvz,0.2557845597507623,False
t3_ri2u2,0.30432731492426546,False
t3_vwdiq,0.2841886412107172,False
t3_1noimn,0.31254127456387176,False
t3_1055mk,0.24806162917997746,False
t3_tgqmn,0.25495629918381457,False
t3_t2mwr,0.3626322939356707,False
t3_17cduq,0.2950346580577987,False
t3_1lvvea,0.2563848203684551,False
t3_uog0c,0.24240090520204172,False
t3_16edjg,0.2468415355912329,False
t3_jz8if,0.24034485815006534,False
t3_mhiiv,0.27406567705122487,False
t3_1bdmvl,0.3265293883722677,False
t3_1kmezg,0.27462754208723233,True
t3_hpywv,0.28349322333583177,False
t3_hv7pl,0.25847953040934146,False
t3_1llhu2,0.2563848203684551,False
t3_mo597,0.2888810900935747,False
t3_1i5ifg,0.2821809608945058,False
t3_no0um,0.2673371654474338,True
t3_1j43ni,0.35462645686531474,False
t3_xsd9r,0.2619055785328806,False
t3_w8u6x,0.23663263854616023,False
t3_10klk3,0.3012594156776854,True
t3_ndoym,0.3551334669621354,False
t3_1f6d2l,0.30803734829242896,False
t3_yej9b,0.24925095438318257,False
t3_l73kc,0.27222071493002514,True
t3_14wh1k,0.25495629918381457,False
t3_i7ioa,0.24286265728128903,False
t3_mc7e2,0.2665187704836495,False
t3_ixwsv,0.25730223426587634,False
t3_j8gep,0.2575807113030115,False
t3_lqp0x,0.2792971390568583,False
t3_1muiqm,0.3582733538756986,True
t3_1czlly,0.27596804099611916,True
t3_il4q6,0.2839310270021071,False
t3_1d94gz,0.2794141010524989,False
t3_1edsw6,0.29014998145175874,True
t3_125dqb,0.26629094877842885,False
t3_immo8,0.3072014912074695,True
t3_115nea,0.2549285124610421,False
t3_mofqr,0.24085788096241936,True
t3_1co4xc,0.26214237690259673,False
t3_uhiez,0.24240090520204172,True
t3_1lail7,0.3593813143955984,False
t3_xzu32,0.25490911752325,False
t3_sgja0,0.27461778579439616,True
t3_k7vda,0.2926277812957854,False
t3_kuii8,0.26857589121589703,False
t3_lef1h,0.26151388605927206,False
t3_wax7t,0.25850956250292656,False
t3_19amcp,0.34168732720003014,False
t3_14tq1i,0.2566079997456139,False
t3_wf6gt,0.28464678818628,True
t3_1ht5qu,0.28857181147068206,False
t3_obtjw,0.3251283746259675,False
t3_qklf1,0.28281809906149713,True
t3_idnpm,0.28647588419437225,False
t3_ilrar,0.24286265728128903,False
t3_kvwx6,0.2693526486348016,False
t3_1dkdtq,0.30079756948370984,False
t3_1mmcps,0.2563848203684551,False
t3_jh8ly,0.23309233582183905,True
t3_vlcew,0.31054525894045953,False
t3_19gv1n,0.24553794147992625,True
t3_j79ay,0.21900762156125833,False
t3_1f87zo,0.2921737175811604,False
t3_riq8i,0.24404800405274785,False
t3_1axe71,0.2696683227963744,False
t3_1ldbvm,0.27872740915451394,False
t3_qmxqc,0.27623219467642807,False
t3_1cp0qr,0.24987707255529792,False
t3_13thom,0.25806326372227056,False
t3_icc4d,0.26833049528435365,False
t3_1mlyz0,0.27304550635288616,False
t3_1nut28,0.34515779389963497,False
t3_jtgr2,0.2495169814213936,False
t3_srafm,0.2748796811840033,False
t3_18s0cy,0.2619055785328806,False
t3_xeser,0.34580840713172983,True
t3_v99n6,0.29537124518043995,False
t3_1a6jy2,0.2937052948264623,False
t3_waksn,0.2619055785328806,False
t3_1cua9e,0.2751055119572579,True
t3_165ar1,0.2670509211172226,False
t3_1glv50,0.30953922973987796,True
t3_t24ui,0.32562192339608775,False
t3_18jhc4,0.23632127694336577,False
t3_jf027,0.27461778579439616,False
t3_ic5e8,0.2862769611581215,False
t3_1m5kvu,0.27304550635288616,False
t3_ke989,0.3519059396043195,True
t3_ondmh,0.3065748303779246,False
t3_iswig,0.30544060438636755,True
t3_1jq0uq,0.2704751698680269,False
t3_iu7mk,0.2798343556953638,False
t3_x63ac,0.22654511266260582,False
t3_1lhuir,0.28475121861289865,False
t3_10d5w8,0.3410302703383227,False
t3_1imrjn,0.29507851457428413,False
t3_jnmv8,0.28160926809096815,False
t3_1iw3bk,0.2731140282496734,False
t3_iddo8,0.2665701697020608,False
t3_iok9a,0.3060230935981675,False
t3_1llpxo,0.24240090520204172,False
t3_qv45q,0.24085788096241936,False
t3_mifik,0.2693526486348016,False
t3_l1wdk,0.3448237935567565,True
t3_itu81,0.28943030883209386,False
t3_rru4b,0.2619055785328806,True
t3_u8sig,0.34405718718586187,True
t3_z1pmn,0.2619055785328806,False
t3_ikfbc,0.25129683495897415,False
t3_ublha,0.22934941482350066,False
t3_1f530o,0.2704751698680269,True
t3_1ltals,0.3125385679454349,False
t3_jxdjg,0.2619055785328806,True
t3_z9854,0.23305450557797075,False
t3_17rgbn,0.31765188524502375,False
t3_neuhh,0.2937379872167597,False
t3_1ewe42,0.2929827750046565,False
t3_1a0f2i,0.29834599777577325,False
t3_ix8ze,0.23949024262725072,False
t3_jzea8,0.24806162917997746,False
t3_12txr6,0.26833049528435365,False
t3_113ve9,0.23309233582183905,False
t3_1is63m,0.2901359749410988,True
t3_kl5c3,0.24805236125210522,False
t3_1ammcj,0.24553794147992625,False
t3_lu5j6,0.28349322333583177,False
t3_11t8wr,0.35038993113260053,True
t3_kt9zp,0.2976231200852372,False
t3_j0rku,0.33633544941216814,False
t3_q8v2x,0.2946714767140183,False
t3_y2vbb,0.27501746704142577,False
t3_17tola,0.24286265728128903,False
t3_ukobz,0.2619055785328806,False
t3_maz1g,0.28083167958156213,True
t3_vtlp2,0.2563848203684551,True
t3_11bdrf,0.22048594839507044,False
t3_ionv5,0.27080077262903346,True
t3_v3q5i,0.24067167890685795,False
t3_idt0z,0.24286265728128903,True
t3_mku4m,0.24791199001664144,False
t3_1a7vt5,0.2645197222071791,False
t3_m5hy1,0.2433298046245385,False
t3_i3pc3,0.25588991290891855,False
t3_1mrx1d,0.28543985327306337,False
t3_z7i07,0.27936525852655275,False
t3_j0qo2,0.28864268266708387,False
t3_11yryj,0.23561261635493996,False
t3_12af9e,0.33551000186342955,False
t3_ifuib,0.26029985380394766,False
t3_1gx5ao,0.3211986421951478,False
t3_1mj8t8,0.35244309522305894,False
t3_ph76p,0.23998996937130979,False
t3_ikmmp,0.3546433255189282,True
t3_qryga,0.2510165341865384,False
t3_r3sm8,0.230749731431201,False
t3_kn2wa,0.29862720052124925,False
t3_rn4lx,0.2597467688524829,False
t3_m0x5b,0.25806326372227056,True
t3_1eaao7,0.2778592686927615,False
t3_j853t,0.2751055119572579,False
t3_xl5wz,0.2917946192712223,False
t3_k3x4v,0.24624915544750173,False
t3_11hc8e,0.31332151368506306,True
t3_l8buk,0.2696683227963744,False
t3_kvoic,0.2597467688524829,False
t3_1aruca,0.2996430229870473,False
t3_ibwma,0.25757377139311655,False
t3_lgvxn,0.26846282970072893,False
t3_t0iin,0.23663263854616023,False
t3_1hwiuc,0.36372055709095746,True
t3_1gtx8l,0.2977028947621647,False
t3_1ey7st,0.30630154812113575,False
t3_uhp3f,0.2400696297392754,False
t3_132orm,0.2645197222071791,False
t3_1d8g9b,0.3730958120142848,True
t3_ttuo4,0.3349465733083503,False
t3_ihorg,0.32247012727756663,True
t3_r7s05,0.2840133222945677,False
t3_18udmh,0.27080077262903346,False
t3_1nabmc,0.2619055785328806,False
t3_1b0h0o,0.2773576595520518,False
t3_i0px8,0.2619055785328806,False
t3_1lqkld,0.27136250503202447,False
t3_wj9kf,0.3250585123294266,False
t3_hxvb6,0.3017227574911261,True
t3_sr2y9,0.23663263854616023,False
t3_j0q0q,0.3410302703383227,False
t3_1nuk19,0.2712098239944152,False
t3_vzsx5,0.2665701697020608,False
t3_1fxr0z,0.21868408127041383,False
t3_i5so4,0.2696683227963744,False
t3_1d4qgk,0.2802383403642354,False
t3_leogq,0.33666264286299247,False
t3_m29yl,0.26005963753281486,False
t3_10w4n9,0.2495169814213936,False
t3_pzkzj,0.24286265728128903,True
t3_1eugkb,0.2647365221850324,False
t3_iy2ob,0.2433298046245385,False
t3_nrhrl,0.28068785409743013,True
t3_lqa86,0.352715692637649,True
t3_1kya1w,0.24286265728128903,True
t3_12cxk6,0.28116883736574133,False
t3_o1xgp,0.2704751698680269,False
t3_13lfl3,0.25744643911822257,False
t3_mx9tf,0.3414677120299161,False
t3_lfob1,0.3253462423922318,True
t3_1gtgh0,0.3355057108980095,False
t3_pozkt,0.3206430022802598,False
t3_pfemq,0.2666736983376754,False
t3_16op6o,0.2770652010949543,False
t3_1jhy34,0.3077364978618626,True
t3_j73fa,0.3543729130391657,False
t3_13savj,0.3064451259147077,True
t3_12y1ie,0.26386449283856034,False
t3_1ky68c,0.3036868635716683,False
t3_1ae1va,0.26067277187047766,False
t3_idulw,0.26857589121589703,False
t3_wnwnq,0.29516956652081233,False
t3_iczex,0.2915918180850127,False
t3_1cw5y4,0.26833049528435365,False
t3_kxix5,0.2769287193490063,False
t3_zuz6j,0.2704751698680269,True
t3_pkcud,0.23663263854616023,False
t3_19570a,0.27407041553066613,False
t3_p1179,0.3137299907078828,False
t3_z928d,0.3016596314308503,False
t3_1nehkl,0.2686015657232853,False
t3_1hz5e6,0.2692517396190765,False
t3_qvcsv,0.290012668961303,False
t3_igr0w,0.2619055785328806,False
t3_14usz1,0.32214766961223545,False
t3_iylg1,0.25495629918381457,False
t3_n90yo,0.2880956014309808,False
t3_1l2b0y,0.2645197222071791,False
t3_14crrx,0.3028024470897515,False
t3_1b9jel,0.27461778579439616,False
t3_k2lih,0.28009486718532967,False
t3_jxa6b,0.2565063866574562,False
t3_k4snx,0.25730223426587634,False
t3_16805o,0.3227408974852935,False
t3_zwfro,0.27008996755213316,False
t3_ibqrr,0.2832914217452242,True
t3_1jkz28,0.30699710290696086,False
t3_mu6m5,0.35038993113260053,True
t3_1mbflf,0.27315423511060916,True
t3_otcsq,0.22011127398579408,False
t3_1bj56g,0.2619055785328806,True
t3_1gfuj5,0.25495629918381457,False
t3_10s848,0.31645927228398096,False
t3_xcezy,0.25730223426587634,False
t3_mu4mz,0.3716262016495939,False
t3_ixx2j,0.2570515261461563,True
t3_n5shb,0.30711346213977303,False
t3_i04fh,0.23663263854616023,False
t3_10aurm,0.22865397855293085,False
t3_10vswh,0.34515779389963497,False
t3_m83cv,0.2834232421229365,False
t3_lorft,0.25495629918381457,False
t3_1mes3v,0.2619055785328806,False
t3_1h5oec,0.26954365034323846,True
t3_uxfza,0.25680946078515254,False
t3_12vzjm,0.27390537464859943,False
t3_1cvswq,0.2682183642229429,True
t3_16ung0,0.27266518218923746,False
t3_o7842,0.2415297445648225,False
t3_1is946,0.29041967330534413,False
t3_10umqg,0.2955347224145549,False
t3_1gck35,0.3161072055458214,False
t3_16y7id,0.24858658343495474,False
t3_toxi0,0.25495629918381457,True
t3_1l5cvv,0.2393939897784963,True
t3_kfvgc,0.29808650954684346,True
t3_1ehbb9,0.2688620622187242,False
t3_1b0zza,0.36608048355007416,False
t3_1camld,0.316050442217516,False
t3_1isb15,0.3371973046491023,False
t3_j0aex,0.2563848203684551,False
t3_10keao,0.2679195283338356,False
t3_lpp3p,0.25495629918381457,True
t3_skv3g,0.3202649906987518,False
t3_nef5s,0.3543729130391657,True
t3_iv8qd,0.3178196639850097,True
t3_ujbvy,0.3267822727499954,False
t3_p89qz,0.2557845597507623,False
t3_14wql9,0.2938459210004802,False
t3_1lodmo,0.35038993113260053,True
t3_kwquh,0.32850048495108675,True
t3_1fcn22,0.35309411073564423,True
t3_tk9cn,0.24858658343495474,True
t3_10na75,0.29284000366887897,False
t3_1kknhr,0.2718346857581902,False
t3_slnqa,0.32169967215288736,False
t3_vjsxk,0.23663263854616023,True
t3_ugr68,0.2619055785328806,False
t3_ilzjk,0.28084162024394693,False
t3_167hmn,0.3186377374718956,False
t3_zhcl1,0.278326382297811,False
t3_1mwmio,0.25495629918381457,False
t3_1jwtws,0.366307184699648,False
t3_yxiqm,0.258681749158794,False
t3_k0isy,0.23876269360266147,False
t3_1e4wnn,0.27461778579439616,True
t3_qysl8,0.224713651223287,False
t3_hxw63,0.2563848203684551,True
t3_13l0bg,0.2943626471747107,False
t3_newr5,0.24286265728128903,False
t3_pmmh9,0.2958429422071838,True
t3_ilsq5,0.28480041798596784,False
t3_1lvls3,0.3057578496885016,False
t3_11pwrp,0.24806162917997746,False
t3_q49o2,0.2645197222071791,False
t3_ideq9,0.2718246993488979,False
t3_xa3sp,0.2160794499576416,False
t3_1kkxag,0.27404730472402283,False
t3_1kruz9,0.2809753090879304,True
t3_1h3nix,0.24286265728128903,False
t3_1gx7x0,0.27080077262903346,False
t3_1j2osp,0.24047927782257011,False
t3_1jutwq,0.28159104364037313,False
t3_lrgth,0.357832227279776,False
t3_1jafc3,0.28382122698582113,True
t3_l9of0,0.27784973897140813,False
t3_mvoxn,0.24553794147992625,True
t3_uqlqx,0.2939954714882237,False
t3_1njxks,0.358643066601015,False
t3_1mpt3t,0.29400465919796615,False
t3_rsi7x,0.2298774100394305,False
t3_1kyo8g,0.2820221786340609,False
t3_1n5996,0.2362645170165884,False
t3_11jhye,0.22654511266260582,False
t3_xqjr2,0.24085788096241936,True
t3_x9pve,0.315582828182905,False
t3_yzwec,0.2543396940872761,False
t3_18q30e,0.2552642158234749,False
t3_1ljwiz,0.2508938557680616,False
t3_16glz7,0.255318544190876,False
t3_1if2i0,0.27470383664534853,False
t3_10qvae,0.26852518696757177,False
t3_iype1,0.2834232421229365,False
t3_ru4vj,0.23663263854616023,False
t3_lscav,0.22029127912335753,False
t3_o8gnp,0.2692517396190765,True
t3_lsmt9,0.26038631660940015,False
t3_uzpvh,0.25495629918381457,False
t3_x47st,0.26214237690259673,True
t3_nghtu,0.29044624556139526,False
t3_vjdim,0.3068937887030843,False
t3_1hyixu,0.31438605590000807,False
t3_rpw8f,0.31632954791787665,False
t3_128sfo,0.2563848203684551,True
t3_in7dr,0.2563848203684551,True
t3_l94vi,0.32336377865454824,False
t3_119xz7,0.26833049528435365,False
t3_i99c5,0.28574332079521547,True
t3_roird,0.26754695189493527,True
t3_kqrkn,0.24286265728128903,False
t3_1mjbbl,0.358643066601015,False
t3_zkn7o,0.3210620428805056,True
t3_1h7y09,0.3217696435360371,False
t3_1lq7rz,0.2704751698680269,False
t3_1mfnsc,0.23126323206968796,False
t3_iusix,0.21863063931886148,False
t3_1krs90,0.26650180832297443,True
t3_jsxdy,0.2972302291111085,False
t3_wxb30,0.2629791250097161,True
t3_n5a6g,0.255318544190876,True
t3_yel08,0.2549285124610421,False
t3_jvv9g,0.23309233582183905,False
t3_inmm0,0.26600303808914844,False
t3_1i6y0l,0.28857181147068206,True
t3_13r18s,0.318518977004483,True
t3_1fjr73,0.2751055119572579,True
t3_jhx9e,0.27742303482142544,False
t3_1lqgmi,0.34796999087629393,False
t3_kcm7i,0.24286265728128903,False
t3_1b3xvv,0.28206300459057365,False
t3_uknh3,0.24085788096241936,False
t3_k7vh5,0.2705368596290424,False
t3_12f5oh,0.38575830152966495,True
t3_14mv11,0.2433929800751052,True
t3_ov4nz,0.3253004719629779,False
t3_pnn3c,0.2411951859538671,False
t3_1n52c1,0.294670378809036,False
t3_rrh0t,0.2645197222071791,False
t3_qpu20,0.2905521226570772,True
t3_1iaxs2,0.2619055785328806,False
t3_174u7e,0.26386449283856034,True
t3_1cyyax,0.33025366915252324,False
t3_vyupq,0.2633549843063556,True
t3_tb5nc,0.3170989687664656,False
t3_19d2sg,0.3218709328710758,False
t3_1es4fc,0.24240090520204172,False
t3_118z7k,0.28294103038655444,False
t3_1kty9m,0.27080077262903346,False
t3_10fc3l,0.2912828318217396,False
t3_1j4hjb,0.2778592686927615,False
t3_jip7h,0.3260130835418961,False
t3_xn5kn,0.2692517396190765,False
t3_tab3g,0.24933219873071122,False
t3_k2z7f,0.25495629918381457,False
t3_ytmqq,0.24067167890685795,True
t3_1gxorf,0.2714481399164861,False
t3_iy464,0.24743596995010275,False
t3_1ciiv0,0.26855267901496804,True
t3_ixsgt,0.30415768086413825,False
t3_iejp5,0.2668117833556895,True
t3_jt7po,0.24085788096241936,False
t3_19yeyf,0.32686741147083886,False
t3_jaweo,0.34877652711003265,False
t3_jb971,0.2570515261461563,False
t3_na9ck,0.23349682958627194,True
t3_1itvb5,0.2603495408961254,False
t3_zslif,0.2910499678344156,False
t3_131abh,0.27461778579439616,False
t3_17tuw9,0.27080077262903346,False
t3_1o2zxa,0.3355057108980095,False
t3_10ck66,0.2298774100394305,False
t3_1ios7g,0.23576994411059096,False
t3_ivw59,0.24735296658964215,True
t3_k6kho,0.2704751698680269,True
t3_i7pk6,0.2721380668122035,True
t3_iw7xs,0.2993117088078672,False
t3_1bn5pb,0.35038993113260053,False
t3_pxuna,0.23309233582183905,False
t3_16hgx6,0.25744643911822257,False
t3_1fot3u,0.34102517046814623,False
t3_1cyddp,0.29808650954684346,False
t3_pt4dr,0.25599421044305304,False
t3_jzbel,0.355945681893555,True
t3_1mju70,0.26833049528435365,False
t3_oobtt,0.2710080288459967,False
t3_i7crh,0.290012668961303,False
t3_1cfki8,0.28109635939522715,False
t3_lpwg8,0.25495629918381457,True
t3_sj1n4,0.36374343090961175,False
t3_oy9bv,0.2495169814213936,False
t3_1en6yk,0.319697465619966,True
t3_zj7ws,0.24286265728128903,True
t3_w3zne,0.3139184685526487,False
t3_na04t,0.2614122295000046,True
t3_1eh62x,0.2872750891422894,False
t3_pig5v,0.3093205494683744,False
t3_1ibemu,0.27758794399915004,False
t3_1j6gpn,0.2852744933828208,False
t3_k7xui,0.3921724247497582,False
t3_1ln1oz,0.33887570717435167,False
t3_mkt13,0.25850956250292656,False
t3_15htf7,0.30480009281012377,True
t3_1ndzxb,0.2702595283575496,True
t3_128ih7,0.23663263854616023,False
t3_kv7ng,0.2896317807583699,True
t3_o4ze3,0.3402208281993124,False
t3_w3yw4,0.24328529158578663,True
t3_11yef6,0.23949024262725072,False
t3_qbp0g,0.3171601759890635,False
t3_mwjqi,0.3087883725740629,False
t3_mglcv,0.2919083826835751,False
t3_1jjc4n,0.26214237690259673,False
t3_hv3vp,0.28835926265988765,True
t3_19xyza,0.30281923509212993,True
t3_vekew,0.2597467688524829,False
t3_kwlz2,0.23663263854616023,False
t3_qaoho,0.2789482354783555,False
t3_1aw0ui,0.25747948351754407,False
t3_1fxt00,0.2563848203684551,False
t3_1h0la8,0.28032388947588416,False
t3_1jna2p,0.35868470735111846,False
t3_12j06o,0.33885329895644406,False
t3_1liygh,0.292963902249355,False
t3_1ifvtx,0.2797477855331269,False
t3_1afu30,0.25495629918381457,False
t3_1ba16a,0.2298774100394305,False
t3_1lb8wo,0.26991506386775216,True
t3_lm2ed,0.302262774020231,False
t3_1mm4im,0.24034485815006534,False
t3_1hhjs2,0.23576994411059096,False
t3_q12a1,0.24727888442161258,True
t3_1aquqd,0.25495629918381457,False
t3_18pu7k,0.31418953290471774,False
t3_z3g7m,0.2564782466693172,False
t3_q2x4z,0.28864268266708387,True
t3_hrudm,0.24441591808767898,False
t3_i3tm6,0.26251297816744734,False
t3_1igg5z,0.30172531832555066,False
t3_kqjm9,0.24240090520204172,False
t3_jiprd,0.2563848203684551,False
t3_l92cy,0.285136905691051,True
t3_wulo7,0.31354798406228246,False
t3_18tytz,0.33887570717435167,True
t3_191q66,0.2619055785328806,False
t3_1gfuky,0.24551942225348852,False
t3_jj4jj,0.24009983727371065,True
t3_pygld,0.24286265728128903,False
t3_hv2b2,0.30028259306979066,True
t3_1akdmw,0.2645197222071791,True
t3_j06yw,0.24404800405274785,True
t3_z8ut8,0.23663263854616023,False
t3_1na3ho,0.24858658343495474,False
t3_krtse,0.2679195283338356,True
t3_ks6b5,0.25847953040934146,True
t3_q9437,0.27080077262903346,False
t3_1k1s3k,0.24483660621640327,False
t3_l58wd,0.23663263854616023,False
t3_1db8z4,0.2696683227963744,False
t3_14koem,0.2748478139387771,False
t3_146oos,0.2731140282496734,False
t3_z9lyp,0.25495629918381457,False
t3_l7opc,0.2671563027184786,True
t3_1i5hgm,0.27622232336976255,False
t3_n6oq8,0.36280496609760965,False
t3_sybhv,0.26833049528435365,False
t3_1k8hgw,0.2845053322045981,False
t3_jb46d,0.2919663384108667,True
t3_k8871,0.2742645149660849,False
t3_hyvp0,0.2662761066728274,False
t3_12td6i,0.295241613196984,False
t3_logzt,0.23663263854616023,False
t3_or3rf,0.2621876490888196,False
t3_lb0vv,0.2619055785328806,False
t3_jyf1u,0.2876569599231628,False
t3_nklm9,0.2731140282496734,False
t3_rzwq8,0.25730223426587634,False
t3_lab4w,0.24286265728128903,False
t3_je2hx,0.2684587062045801,False
t3_y3e7l,0.2497387794139972,False
t3_if1u3,0.23980313700298722,True
t3_kx48b,0.25495629918381457,False
t3_ictp4,0.2834232421229365,False
t3_iysb4,0.28634459910178905,False
t3_yxozc,0.25495629918381457,False
t3_n175l,0.31068929675981477,False
t3_owjvm,0.26833049528435365,False
t3_v94b3,0.26833049528435365,True
t3_1ljq51,0.27304550635288616,False
t3_100mod,0.28901251607980505,False
t3_1dnhcy,0.24085788096241936,True
t3_m2ot3,0.31062283600230595,False
t3_14t8xg,0.2829793120269697,False
t3_1fhaz1,0.2776671621011106,False
t3_k84n9,0.2693526486348016,False
t3_z8w20,0.22279084225891269,False
t3_i93jv,0.3414677120299161,True
t3_15cmbc,0.3737019466437703,True
t3_j8f0g,0.26833049528435365,True
t3_iarv8,0.26833049528435365,True
t3_1cisli,0.26754695189493527,False
t3_13vgju,0.26833049528435365,True
t3_1k8kgg,0.3637946665398667,False
t3_131wfv,0.31257269090222445,False
t3_1fxtdo,0.2619055785328806,False
t3_15wxdg,0.26614913111690713,True
t3_kydq0,0.2834232421229365,True
t3_11rnen,0.35038993113260053,True
t3_1ab9wo,0.328295649082251,True
t3_tx7u2,0.2563848203684551,False
t3_182dmn,0.3311246355584804,False
t3_v8h8a,0.32200999583303425,True
t3_xz123,0.2497387794139972,False
t3_1ifnr4,0.24553794147992625,True
t3_1bhrf4,0.27623219467642807,False
t3_1ig16d,0.24553794147992625,False
t3_o8mv5,0.26318728630517174,False
t3_13uvd9,0.2619055785328806,False
t3_js9be,0.33178884349667687,True
t3_1bydz5,0.28204805824098056,False
t3_om5sm,0.27439868981456095,False
t3_1kmae0,0.28480041798596784,False
t3_ivnss,0.2756721506312193,False
t3_vwgnh,0.29025530606520156,True
t3_uzcgo,0.2729800051875781,False
t3_w5491,0.33929729608196374,True
t3_1l5eze,0.32336377865454824,False
t3_ipslu,0.27742303482142544,False
t3_uazup,0.2555116094363503,False
t3_14aj2t,0.3468791706641648,False
t3_17vva0,0.28349322333583177,False
t3_1kahng,0.27304550635288616,False
t3_1ifl5x,0.25867439811696513,False
t3_iienh,0.2912879677593748,True
t3_1ae5ay,0.2696683227963744,False
t3_idpcz,0.27480191467282045,True
t3_nczhy,0.2678840936452988,False
t3_1iey96,0.28296867920112206,False
t3_1g3h1r,0.2627210387974751,True
t3_1hwx9u,0.26214237690259673,False
t3_ukmmm,0.2821809608945058,False
t3_sw852,0.2563848203684551,False
t3_vjcut,0.25495629918381457,False
t3_1k51re,0.24548161840747226,False
t3_n6u50,0.26833049528435365,False
t3_18zjcg,0.265087227745624,False
t3_ihz99,0.24286265728128903,False
t3_w88ed,0.335346428744956,True
t3_wsinb,0.24240090520204172,False
t3_xkoil,0.27844978256928504,False
t3_154pzd,0.26833049528435365,False
t3_12racv,0.26214237690259673,True
t3_1iw4au,0.29969395369858903,False
t3_olc0m,0.2497387794139972,False
t3_swnms,0.2902049729150324,False
t3_15xzhy,0.25495629918381457,True
t3_1jgj2w,0.28032388947588416,True
t3_jeudl,0.2888810900935747,False
t3_jf24w,0.31426483490134743,False
t3_14ulsq,0.335233784165199,True
t3_1j6ymx,0.30182543555022734,False
t3_1dl1qp,0.22786775421429697,False
t3_rn074,0.38359823278220706,True
t3_1k63va,0.3085548137475607,False
t3_umy6v,0.30498625007021685,False
t3_1gy00l,0.2890563840262871,False
t3_lsn4v,0.2588622099486866,False
t3_wpvrz,0.26046965424935026,False
t3_icvqh,0.24286265728128903,False
t3_huphf,0.2549148043950078,False
t3_t5k9r,0.2797477855331269,False
t3_wecef,0.2312951912914268,False
t3_m8vvc,0.2548912831524651,False
t3_1lllet,0.35038993113260053,False
t3_149qai,0.28116883736574133,True
t3_kwqvy,0.24286265728128903,False
t3_kbmzh,0.3162813876111163,False
t3_jcufy,0.24286265728128903,False
t3_1iv2wh,0.3508423140100786,False
t3_zsogn,0.38266790722741395,True
t3_j61n8,0.27461778579439616,False
t3_ytpeu,0.30803734829242896,False
t3_itfzk,0.25495629918381457,False
t3_x1guo,0.25599421044305304,False
t3_18sjqm,0.27758794399915004,True
t3_lupna,0.35460265453381945,False
t3_rs57d,0.25744643911822257,False
t3_1nrbxw,0.318518977004483,False
t3_jbte8,0.23663263854616023,False
t3_1chlic,0.301278464861771,True
t3_nkgiv,0.255318544190876,True
t3_151cmz,0.3373024123464327,False
t3_1dtmzy,0.24085788096241936,False
t3_ikaoj,0.2563848203684551,True
t3_k1tbk,0.2563944396340708,False
t3_y42wf,0.22654511266260582,False
t3_15i1xz,0.2638710170441555,False
t3_1d7z1r,0.272381068878948,True
t3_in0qw,0.25495629918381457,True
t3_17lqrn,0.2645197222071791,False
t3_hvof7,0.2669852744201559,False
t3_12l6ii,0.2716278983257376,False
t3_i1clg,0.316862396679194,True
t3_1jhyp2,0.28475121861289865,False
t3_mmz3i,0.3294081180359585,True
t3_ko99d,0.2563848203684551,False
t3_1lqvcp,0.38644262708670013,False
t3_1na7ht,0.34515779389963497,False
t3_1m6mpd,0.3296767594787367,False
t3_x782m,0.2602872556495823,True
t3_1ffkrg,0.3485863619861669,False
t3_ibtzv,0.24791199001664144,False
t3_1msy9e,0.2941605230521291,False
t3_p8axs,0.2567972807632723,False
t3_1davss,0.25495629918381457,False
t3_oblhl,0.2568215026487677,False
t3_mvaiv,0.30124603006538697,False
t3_zkmeg,0.23949024262725072,False
t3_13deln,0.31254127456387176,False
t3_y2xjx,0.3611394869519224,False
t3_1bbnw0,0.2335360303608557,False
t3_1fqbbq,0.2619055785328806,False
t3_1id1k2,0.2811695028828601,True
t3_ibkc4,0.24441591808767898,False
t3_195mf3,0.23309233582183905,True
t3_1llkg2,0.3188101253548366,False
t3_12gu82,0.255318544190876,False
t3_j87d2,0.2692517396190765,True
t3_1k3rlu,0.24047927782257011,False
t3_rsdh6,0.2619055785328806,False
t3_1mrx1j,0.33058653016295786,False
t3_1cxwov,0.2619055785328806,True
t3_rx7v4,0.2436747828373221,False
t3_1llud8,0.3604367223784345,False
t3_kdgmx,0.268810757920641,True
t3_16w4zn,0.29814955625965195,False
t3_s3mtl,0.2982498005735158,True
t3_pb1sl,0.2788311108225718,True
t3_iznw0,0.2619055785328806,False
t3_hws5c,0.2645197222071791,False
t3_pk4tr,0.25495629918381457,False
t3_10h20i,0.27407041553066613,False
t3_jft2k,0.27186868273959464,False
t3_14t0bl,0.26833049528435365,False
t3_1d6c1g,0.2563848203684551,False
t3_o65jc,0.27758794399915004,False
t3_n7mur,0.32988643194293804,False
t3_muiih,0.25495629918381457,False
t3_14j1b2,0.26214237690259673,False
t3_vtgdh,0.2932683447686261,True
t3_1cniet,0.2619055785328806,False
t3_15jmv1,0.2797477855331269,False
t3_iujkk,0.23663263854616023,False
t3_j85wn,0.2638066209278541,False
t3_1id27a,0.29094439427305696,False
t3_1m1smt,0.24344487953973237,False
t3_1ffnaq,0.32460311203302616,False
t3_mow2w,0.28116851944960963,False
t3_hukj1,0.24034485815006534,False
t3_tdw3i,0.274272030343023,False
t3_wshre,0.2586431712558709,True
t3_wwlqz,0.2731140282496734,True
t3_wbugq,0.2827465781706299,False
t3_kq9e3,0.33191042545454086,False
t3_18k1dz,0.30264663932299757,False
t3_1h3382,0.27924852271025624,False
t3_io6ru,0.2813015313021388,True
t3_11kbdf,0.2619055785328806,True
t3_1iimqf,0.2969475984255843,False
t3_ihosh,0.26038631660940015,True
t3_12m2y4,0.2645197222071791,False
t3_mqiiz,0.34150613731549123,False
t3_121dl9,0.30228889966268085,False
t3_k4vc2,0.26991506386775216,True
t3_n9m3n,0.25850956250292656,False
t3_irmmk,0.3174675275299611,True
t3_l3l3g,0.2298774100394305,False
t3_vcq8s,0.25599421044305304,False
t3_13ug6n,0.3109102329962789,False
t3_la7ul,0.3499224814723735,False
t3_mk1nh,0.28637645070614176,False
t3_i3mry,0.2853722825725318,False
t3_14xo20,0.3557223679607993,False
t3_1gc7u9,0.32773437512840947,True
t3_n6qo2,0.25495629918381457,False
t3_jisdc,0.25850956250292656,False
t3_n474p,0.2976217179080331,False
t3_sgzz0,0.24345807975160108,True
t3_1f77ml,0.3174675275299611,False
t3_14tosq,0.29277155203628225,False
t3_xh7vf,0.29100979940198196,False
t3_15v1mc,0.3039623473585107,False
t3_ohij5,0.35760029402198495,False
t3_icph0,0.2684587062045801,False
t3_l8o26,0.25727429585786415,False
t3_1ehki4,0.35038993113260053,False
t3_1d0i0j,0.2362645170165884,False
t3_zbcu8,0.255318544190876,True
t3_j838f,0.2495169814213936,False
t3_1j1mip,0.2891638489551641,False
t3_uulv7,0.25850956250292656,False
t3_jmdii,0.26029985380394766,False
t3_1b0sq9,0.2565063866574562,False
t3_jlj01,0.34358051235386483,True
t3_1kmnki,0.22791779294113176,False
t3_1kfhz1,0.2692517396190765,False
t3_1040za,0.2669700545432659,False
t3_mugyw,0.27470627010111354,False
t3_scg6o,0.2929827750046565,False
t3_1iupjn,0.2692517396190765,False
t3_k3zar,0.3090725333805392,False
t3_iddhq,0.26857589121589703,False
t3_jb79g,0.2495169814213936,False
t3_1mekgd,0.25495629918381457,False
t3_j90ek,0.2714161814099775,False
t3_13mqgm,0.27408945970915644,False
t3_iw7l2,0.26029985380394766,False
t3_jg981,0.2563848203684551,False
t3_1i26al,0.24240090520204172,True
t3_iftx0,0.25612528754059566,False
t3_iw91m,0.2298774100394305,True
t3_1kwha4,0.2335360303608557,False
t3_iir1z,0.3336766911794757,True
t3_qqotp,0.32729731918823074,True
t3_j9z9o,0.24179858526579454,False
t3_1ftucp,0.2779616813144326,False
t3_ict80,0.31302071527416775,True
t3_181wsu,0.3414677120299161,True
t3_1b06cq,0.3076630234565577,False
t3_1brsgw,0.2433925822313917,False
t3_n5pmp,0.32955371283878543,True
t3_1ik128,0.2680386701742483,True
t3_1cu1nc,0.2852744933828208,False
t3_p77uu,0.24553794147992625,True
t3_jtgug,0.2376894905437098,False
t3_1dviqi,0.3389288356029109,False
t3_j9ae8,0.25599421044305304,False
t3_ich9n,0.3047949750000554,False
t3_ifxnp,0.23663263854616023,True
t3_j55fd,0.224713651223287,True
t3_1msp19,0.37359248506107273,False
t3_yg26s,0.27080077262903346,True
t3_r936p,0.27470383664534853,False
t3_ikmen,0.24553794147992625,True
t3_www9d,0.28857181147068206,False
t3_1l0vhw,0.28206300459057365,True
t3_1nef8z,0.2645197222071791,True
t3_j61pf,0.33582655099428826,False
t3_w3slx,0.27080077262903346,False
t3_1irscg,0.25495629918381457,False
t3_jr1ka,0.29619335373770017,True
t3_nmkka,0.26868453401011466,False
t3_nxq14,0.26833049528435365,True
t3_hibdv,0.2400178697908103,True
t3_qaj56,0.3096627873600661,False
t3_z8wtl,0.23084872128980996,False
t3_nj6st,0.25599421044305304,False
t3_18t5ru,0.246420949457838,False
t3_jck08,0.27406567705122487,False
t3_16arv8,0.3543729130391657,False
t3_1709m0,0.24553794147992625,False
t3_1bp1cv,0.2619055785328806,False
t3_nkp9o,0.2724181273050773,False
t3_jqwa9,0.28432089007500766,False
t3_u69ow,0.2400178697908103,True
t3_lmjz4,0.24345807975160108,True
t3_13ya6m,0.272058322818688,False
t3_1izixi,0.30670789478100635,False
t3_1clmxr,0.284673349525706,True
t3_15ybss,0.2882690912155814,True
t3_11szpu,0.24286265728128903,False
t3_13mlby,0.2619055785328806,False
t3_uotiq,0.2988853754439888,True
t3_tqyet,0.2665701697020608,True
t3_zs16w,0.30520744342390765,False
t3_hu593,0.26029985380394766,True
t3_tk9mh,0.3528244137810679,False
t3_11n84b,0.24806162917997746,False
t3_l5bde,0.272381068878948,True
t3_is7uc,0.30498625007021685,True
t3_1itzxj,0.2563848203684551,False
t3_il2l9,0.23832659922284904,False
t3_l1y8x,0.23663263854616023,False
t3_lkcdk,0.25850956250292656,False
t3_19cufc,0.2731140282496734,False
t3_10rj64,0.27304550635288616,False
t3_12huul,0.24067167890685795,False
t3_kwodq,0.2552704693668842,False
t3_13iiyh,0.31884062088895215,False
t3_182nt8,0.2619055785328806,True
t3_1bxfj3,0.2715918894745173,False
t3_pbco0,0.26833049528435365,False
t3_tn702,0.23949024262725072,False
t3_t6547,0.26711286466606815,False
t3_thhqb,0.3069697128147076,False
t3_14t5b8,0.24240090520204172,False
t3_133nyb,0.24286265728128903,False
t3_1ejvrl,0.294670378809036,False
t3_ze85f,0.30807430748859277,False
t3_16ryqe,0.2631379776277924,False
t3_s9n26,0.35392782428769154,False
t3_pbztp,0.32460311203302616,True
t3_1k26f2,0.22420259762354391,False
t3_mr2km,0.31097921228837144,True
t3_14sy0u,0.30743162879690766,True
t3_11newy,0.2929396131385622,False
t3_jui7f,0.2619055785328806,True
t3_18zjs4,0.2886463817953848,False
t3_1hfald,0.26989982794353096,False
t3_1iveja,0.2565063866574562,False
t3_1l6t09,0.29197884609179525,True
t3_157fqg,0.28375106740202416,False
t3_13hdci,0.25744643911822257,False
t3_144wnv,0.2930978996479169,False
t3_jm0cw,0.2770153178164624,False
t3_1a582e,0.31981760220173977,False
t3_rgjgq,0.27470383664534853,False
t3_xj0rc,0.34515779389963497,False
t3_wdwb0,0.23309233582183905,True
t3_1j8sgl,0.3901587606426999,True
t3_q8i8i,0.28780660058252633,False
t3_xbms1,0.2794141010524989,True
t3_xg214,0.3207693391951192,False
t3_x89xn,0.2563848203684551,True
t3_jb6p3,0.30578283265387685,False
t3_v0yeh,0.31117439742636155,True
t3_mwopz,0.23221574757948363,False
t3_jjq9w,0.27080077262903346,False
t3_124c7p,0.26029985380394766,False
t3_vcqbd,0.24286265728128903,False
t3_11tekf,0.24276482762907697,False
t3_icfnk,0.23415608297140975,False
t3_1edpii,0.2972302291111085,False
t3_1hz51l,0.26544963546192557,True
t3_soeo5,0.26834304637016226,False
t3_10ebw3,0.33015129489293316,True
t3_j6wv1,0.2645197222071791,True
t3_1ffnnh,0.307324824152343,False
t3_1bvtgr,0.2829420247615214,False
t3_rgzga,0.24286265728128903,True
t3_mndty,0.36568565145569537,True
t3_xknj8,0.25495629918381457,False
t3_i33gj,0.34067397496440815,True
t3_1fu8yx,0.29130156437481475,False
t3_1f7t8a,0.35392782428769154,False
t3_1naeuj,0.331629810673244,False
t3_15c5u0,0.24286265728128903,False
t3_10mlm1,0.2834232421229365,False
t3_10qczt,0.26214237690259673,False
t3_17dgf1,0.3413477237290481,False
t3_w3q7n,0.3434528420750479,False
t3_iz8dq,0.28382122698582113,True
t3_q875f,0.29874822065267626,False
t3_objkf,0.2229588840297358,False
t3_1lxtkj,0.2704751698680269,False
t3_1hpzep,0.35038993113260053,False
t3_17kz10,0.2751055119572579,False
t3_wqhuu,0.2549285124610421,False
t3_1kawvx,0.27455799039501977,False
t3_1ddfpw,0.29808650954684346,False
t3_1bao52,0.24286265728128903,False
t3_lag2x,0.2469303836431189,False
t3_slh6k,0.23663263854616023,False
t3_qvej1,0.2778592686927615,True
t3_hucws,0.32007680115298015,True
t3_ic26b,0.295241613196984,False
t3_zkc8o,0.26833049528435365,True
t3_jombw,0.24469693492694428,False
t3_ledg8,0.26523764199057326,False
t3_1iku0z,0.272506370827563,False
t3_j88fc,0.3581266132278888,True
t3_1dfkhd,0.3247154334519521,False
t3_sxf37,0.26214237690259673,True
t3_kuikd,0.29438337944993337,False
t3_1ncc7t,0.21792947683584496,False
t3_jyjhi,0.23663263854616023,False
t3_qljyk,0.3653388376118313,True
t3_tp8yo,0.24067167890685795,False
t3_1m576o,0.35038993113260053,False
t3_ibsa9,0.30610094682533695,False
t3_14t6np,0.26544963546192557,False
t3_jrale,0.268810757920641,False
t3_jytd5,0.2495169814213936,False
t3_medlt,0.25890405352984375,False
t3_m54xb,0.28035452658519777,True
t3_lwvxc,0.2695189227238667,False
t3_k9i30,0.26833049528435365,False
t3_icpqh,0.2647365221850324,False
t3_uyl41,0.34515779389963497,False
t3_101kt0,0.2693711950183176,True
t3_jn9sg,0.27461778579439616,True
t3_mndly,0.24286265728128903,True
t3_yfn0b,0.3349819788364349,False
t3_kdax0,0.23949024262725072,False
t3_1kxb0f,0.31531295867039516,False
t3_jzgqa,0.2655661849392174,False
t3_1hbh16,0.2621079249009423,False
t3_yxkq4,0.26251297816744734,False
t3_19nobm,0.25495629918381457,False
t3_1ew6xg,0.2986374238338193,False
t3_xp43w,0.25612528754059566,False
t3_v6r0g,0.2597196012974421,True
t3_m6zgt,0.29212605718066303,True
t3_1jjeka,0.26214237690259673,False
t3_ptdnp,0.2935416426865019,False
t3_oe92x,0.31876637336364594,False
t3_1kavsa,0.2843046813608638,False
t3_k0pr4,0.2298774100394305,True
t3_1na78o,0.3451099297179667,True
t3_kcdmz,0.24751454811694104,False
t3_173905,0.2637358072662261,False
t3_195mut,0.28032388947588416,True
t3_1ig46p,0.24034485815006534,False
t3_1mh5bj,0.22976377321187752,False
t3_1ifent,0.3148391236972161,False
t3_xd34k,0.32902533559587205,True
t3_m3nk7,0.3032929140649931,True
t3_jsdsk,0.24590623127913774,False
t3_n843d,0.24286265728128903,False
t3_19eisi,0.25495629918381457,False
t3_j1w49,0.26857589121589703,False
t3_1nyrx1,0.25744643911822257,True
t3_ualoh,0.32298479769743377,True
t3_1bml26,0.33818180752375476,False
t3_1f5nhl,0.24286265728128903,False
t3_11mmww,0.31318882334156267,True
t3_y9vxk,0.2645197222071791,True
t3_14rldj,0.25174821765581795,False
t3_jb70d,0.2568235345777596,False
t3_tynyu,0.24821214849169151,False
t3_1lnwkl,0.27501746704142577,False
t3_r454z,0.23663263854616023,False
t3_wnwhi,0.35038993113260053,False
t3_12apt5,0.20721550190797772,False
t3_kr8h8,0.2679932345360026,False
t3_t23ob,0.2649840141695135,False
t3_huzao,0.27080077262903346,True
t3_14t8pe,0.2774448483093741,False
t3_1evcwh,0.2534237330221878,False
t3_1f1506,0.27080077262903346,False
t3_xbt0s,0.22029127912335753,False
t3_17vux6,0.3369768078245759,False
t3_idb6v,0.2647365221850324,False
t3_zixmq,0.2673686254408577,False
t3_1iiqvf,0.2972180809183434,False
t3_jdpx4,0.22520477681141127,False
t3_rpal7,0.3367146347754437,False
t3_18r5lh,0.24553794147992625,False
t3_i8ia0,0.255318544190876,False
t3_i5lr2,0.26969600758588075,False
t3_v8v5j,0.2736247223031486,False
t3_icfjb,0.24034485815006534,True
t3_1ncfcp,0.28789210485381544,False
t3_ije3d,0.27167319696080816,True
t3_1crw8q,0.3414677120299161,False
t3_15z3s2,0.3192868964193547,False
t3_pt8vm,0.24286265728128903,False
t3_1gtriw,0.2645197222071791,False
t3_idi7x,0.24286265728128903,False
t3_kwsfa,0.24286265728128903,False
t3_xhk47,0.26833049528435365,False
t3_pob6f,0.3247154334519521,False
t3_hvxok,0.29862803285933326,True
t3_1dr9hu,0.28396011276192895,True
t3_1apw7t,0.32042397440067,False
t3_jht52,0.3543729130391657,False
t3_137ka6,0.2563848203684551,False
t3_10s41l,0.3710855187782456,False
t3_1lc3ei,0.38266790722741395,False
t3_152l21,0.28382122698582113,True
t3_xsjf7,0.287382021330355,False
t3_hyi8k,0.26516731330292037,False
t3_1ex8js,0.35038993113260053,True
t3_mzuts,0.24675741158545625,False
t3_j9eo0,0.30795319730490134,False
t3_17jitq,0.28382122698582113,False
t3_m706c,0.29808650954684346,True
t3_iuysl,0.282762098204678,True
t3_13fk4e,0.24286265728128903,False
t3_j7x5w,0.23309233582183905,False
t3_sy52f,0.2852941644574449,False
t3_rrtk0,0.22029127912335753,False
t3_117xb4,0.2896317807583699,False
t3_1bimzj,0.3121519005693813,False
t3_ioy71,0.2896317807583699,True
t3_11pnr3,0.3251696883665348,False
t3_pk4g1,0.3529820276513941,True
t3_oxcqd,0.2693526486348016,False
t3_1h9ylg,0.2692517396190765,False
t3_1b6136,0.2298774100394305,False
t3_1jwshe,0.3414677120299161,False
t3_1n1qbc,0.27461778579439616,False
t3_mxzih,0.31849243064440286,True
t3_mzewd,0.36535954557924555,True
t3_11q9z7,0.2668872390463213,False
t3_13pfym,0.29277219514821984,False
t3_x36zi,0.2756721506312193,True
t3_pgzcv,0.27569635913230295,False
t3_qc29b,0.27407041553066613,False
t3_1l831x,0.3599027472667699,False
t3_idpsg,0.2695189227238667,False
t3_lcpa0,0.3309907003222096,False
t3_tjxkv,0.358643066601015,False
t3_ilryc,0.31221747978240316,True
t3_lg6wm,0.24286265728128903,False
t3_zj7dp,0.2841044835542512,False
t3_14ipl3,0.24345807975160108,False
t3_1m9lk6,0.26833049528435365,False
t3_12ok9j,0.2935268452522795,False
t3_15e5xr,0.3278319203052851,True
t3_n35vs,0.24067167890685795,False
t3_jrc56,0.24806162917997746,False
t3_1f7i09,0.2818969273434414,False
t3_wq8q1,0.26029985380394766,False
t3_kexw6,0.2497387794139972,False
t3_s3e85,0.27602954650504596,False
t3_1335d2,0.26776567134415585,False
t3_wyzcp,0.29808650954684346,False
t3_uw8f3,0.25495629918381457,False
t3_1lefgo,0.2707518222999928,False
t3_11rkqa,0.2619055785328806,False
t3_kuhnn,0.25286702651544923,False
t3_t1v48,0.2298774100394305,False
t3_12b5qz,0.292963902249355,False
t3_uidcj,0.33365625526272347,False
t3_ws4cy,0.25850956250292656,False
t3_15s56c,0.3174675275299611,False
t3_or51b,0.29609021977141586,False
t3_hxj4d,0.2806419396109483,True
t3_zhkv6,0.24286265728128903,False
t3_1lg4zo,0.24286265728128903,True
t3_1hr8yq,0.289317441625527,False
t3_1mluew,0.2881604711266443,False
t3_1mliru,0.24085788096241936,False
t3_wuq1h,0.25495629918381457,False
t3_tpezd,0.26214237690259673,True
t3_i7s77,0.3472178061743218,True
t3_v412k,0.3340236830603217,False
t3_17eltw,0.28864268266708387,True
t3_1ipj85,0.27623219467642807,False
t3_sg2is,0.25730223426587634,False
t3_i4uex,0.2996430229870473,False
t3_uio1a,0.26392303626385655,False
t3_1bsy1i,0.31097921228837144,True
t3_14ceg8,0.38266790722741395,True
t3_nyz8j,0.23505335732204063,False
t3_1ctzuk,0.3409226933198615,False
t3_1fhlps,0.30759929295665706,False
t3_1enzdl,0.3282047952390464,True
t3_1bta0s,0.2950346580577987,False
t3_iyetm,0.27742303482142544,False
t3_1i24vy,0.32137558988811776,False
t3_ivboo,0.27455799039501977,False
t3_k5k4b,0.2696683227963744,False
t3_jvl3y,0.27501746704142577,True
t3_utb09,0.2806708068868346,False
t3_pa5of,0.35038993113260053,True
t3_1g78k5,0.24553794147992625,False
t3_1e04ro,0.2664091028693176,False
t3_1kz1xj,0.27080077262903346,False
t3_117ysu,0.24286265728128903,False
t3_16wjkr,0.26847452669809474,False
t3_1loncc,0.3080414177075368,False
t3_xnxm7,0.2981062569816302,False
t3_162rga,0.2929827750046565,False
t3_1m54n5,0.31438605590000807,False
t3_ie861,0.2655661849392174,False
t3_19sead,0.26765062822722296,False
t3_ioo07,0.32541393633330923,False
t3_msbif,0.27080077262903346,False
t3_1lj50s,0.26075985360760345,False
t3_18h7g0,0.231540891473981,False
t3_s2jyh,0.25495629918381457,True
t3_sw0ci,0.27461778579439616,False
t3_15uhll,0.3850948694993605,True
t3_rrh8h,0.2629791250097161,False
t3_122usf,0.3410302703383227,False
t3_1lls1w,0.24806162917997746,False
t3_14t8nk,0.295510220914807,True
t3_wzpzd,0.25774138223669074,False
t3_12agz0,0.3136166998636538,False
t3_12vpph,0.25612528754059566,False
t3_oxtrf,0.2411951859538671,False
t3_1gomfq,0.24085788096241936,False
t3_sdaeq,0.2903402576563159,False
t3_sgkt6,0.23876269360266147,False
t3_14ifug,0.28404391323475325,False
t3_1eish8,0.25744643911822257,False
t3_v2gcl,0.2939954714882237,True
t3_1ljh06,0.24553794147992625,False
t3_nucpj,0.27080077262903346,True
t3_12hlxw,0.224713651223287,False
t3_1cchg5,0.34100551205326,False
t3_13t0rv,0.28207397214985475,False
t3_14su5n,0.2794876209371313,True
t3_j4gi2,0.25495629918381457,False
t3_popxl,0.2619055785328806,True
t3_mzfyh,0.28827404212562496,False
t3_1mtyhy,0.3433041177430607,False
t3_igjev,0.22029127912335753,False
t3_n2vwy,0.2528846513609872,False
t3_10qo7d,0.2896317807583699,True
t3_njs6f,0.24345807975160108,True
t3_pa1lo,0.2229588840297358,False
t3_1f66r9,0.33295965912472536,False
t3_tan10,0.297781857116617,False
t3_kvzub,0.26499266159041557,False
t3_qysgy,0.26523764199057326,True
t3_zfkyr,0.27091225687980425,True
t3_ijbt4,0.2534237330221878,True
t3_uv5bd,0.23272726130200355,False
t3_tpcwa,0.34758644833856284,False
t3_pbukx,0.3517578282643605,True
t3_1kwt69,0.29042931223829,False
t3_u0e8s,0.25847953040934146,False
t3_1imwns,0.2563848203684551,False
t3_1ljhdy,0.3271719989325959,False
t3_1ifb8a,0.2504485887350709,False
t3_m1tzt,0.2871994926629715,True
t3_ioj2z,0.2761323534954447,False
t3_16nlh7,0.3170989687664656,False
t3_ibvs1,0.2841953166667359,False
t3_1ejmg8,0.29153808854691415,False
t3_10oevo,0.2639796793058058,False
t3_l9cc1,0.2619055785328806,False
t3_w8mfc,0.36390602709297265,True
t3_14sr9h,0.2563848203684551,False
t3_1667t9,0.26925447061271407,False
t3_107rut,0.25171916664687866,True
t3_129f7v,0.27461778579439616,False
t3_tdlol,0.3541518506074159,False
t3_qhhxl,0.3156789013574064,False
t3_19r2jz,0.29960183357494324,False
t3_j50yu,0.3488626280381425,False
t3_1kymup,0.2696683227963744,False
t3_i5qmk,0.2645197222071791,False
t3_1cty5k,0.2619055785328806,False
t3_x5uiq,0.3191012470575988,False
t3_i88xi,0.2273814086730822,True
t3_pjy1z,0.24067167890685795,False
t3_xyfbi,0.29031570956567254,False
t3_icw80,0.24286265728128903,False
t3_178fl6,0.2563848203684551,False
t3_14n620,0.24345807975160108,False
t3_wqfrv,0.28987206900469015,False
t3_1iaod7,0.24553794147992625,False
t3_1ejjb2,0.299072729919994,True
t3_17ytyw,0.3141434682537499,True
t3_idoeh,0.23663263854616023,True
t3_1bc4f9,0.2619055785328806,True
t3_izodc,0.2583888397207702,False
t3_ma81t,0.23621970435668324,False
t3_yt3rn,0.3488626280381425,False
t3_l25d7,0.24286265728128903,False
t3_xbp12,0.3293904559363552,False
t3_icda4,0.2959439250274936,False
t3_14yl3j,0.26833049528435365,True
t3_i0pq0,0.24286265728128903,False
t3_jf62c,0.23949024262725072,False
t3_utfrj,0.26544963546192557,True
t3_l5j81,0.2574126142494602,False
t3_13ff4f,0.2693526486348016,False
t3_17mfhp,0.2619055785328806,False
t3_l9g0n,0.3274565869158441,True
t3_14077c,0.2604474532417365,False
t3_1dt792,0.2619055785328806,False
t3_j8fnb,0.25495629918381457,True
t3_1jrtu8,0.23267408372869783,False
t3_lf60i,0.3414677120299161,True
t3_lhpd4,0.3299201058766344,False
t3_wus8i,0.29719812419840547,False
t3_1im2is,0.2563848203684551,False
t3_kltwg,0.30390961665183625,False
t3_1d4jft,0.2960049068841769,False
t3_j6omo,0.27447293793090793,False
t3_ucqi3,0.2992853468189419,False
t3_sp8xg,0.24675741158545625,True
t3_i27g2,0.2619055785328806,True
t3_10bsxp,0.24286265728128903,False
t3_11cqd5,0.3247154334519521,True
t3_ig63z,0.3110042382736444,False
t3_144g0n,0.26283074977329807,True
t3_ifay5,0.2564782466693172,True
t3_x6d3a,0.23309233582183905,False
t3_uqk76,0.29808650954684346,False
t3_iaf3s,0.33259617004117586,True
t3_1grfk7,0.35038993113260053,True
t3_px5vq,0.28107452140456196,False
t3_ym8iw,0.3004045980904987,True
t3_15jae7,0.30583398294251624,False
t3_idf7f,0.37369892624111173,False
t3_1bnt9w,0.26833049528435365,False
t3_xbpgo,0.2979909721889419,False
t3_12u2jb,0.3433038664651434,False
t3_s91ps,0.26985405699128195,False
t3_mxvj3,0.2500303228530605,False
t3_1cxyk4,0.28091328566434115,False
t3_mnono,0.30437173315935095,False
t3_w5mni,0.24286265728128903,True
t3_mpdzz,0.30966687374526625,True
t3_jr5n2,0.3414677120299161,False
t3_ju7zl,0.23309233582183905,False
t3_1mgmjf,0.2596997827240524,False
t3_y3lhk,0.26857589121589703,False
t3_wls0u,0.2704751698680269,False
t3_1dcflh,0.3275302029259981,False
t3_19t34q,0.31367873698697346,True
t3_1a9c7a,0.28579185909655225,False
t3_iardh,0.24806162917997746,True
t3_1aagwh,0.3046998620744876,True
t3_1dine4,0.26523764199057326,True
t3_1cjmkr,0.2797477855331269,True
t3_jnd7z,0.27080077262903346,False
t3_iwyrc,0.24286265728128903,False
t3_iomu0,0.2980731610240644,False
t3_w738j,0.23084872128980996,False
t3_j469t,0.2880871975084118,False
t3_icpmu,0.24067167890685795,False
t3_1mjg9b,0.3722527837429528,True
t3_1l7rcu,0.31322181627177287,False
t3_1lswd3,0.33696408032143976,False
t3_zctqo,0.32753554438581756,False
t3_jh5mx,0.39858996025153276,True
t3_130lw0,0.21871035840561204,False
t3_j67q0,0.33348412700430585,True
t3_k5n0s,0.24286265728128903,False
t3_m0qpr,0.2693526486348016,False
t3_160var,0.3017185571552033,False
t3_14voh5,0.2885130704390998,False
t3_mkxkx,0.31524014371174663,False
t3_mxcqx,0.3257726038903078,True
t3_1kkyau,0.2704751698680269,False
t3_13op3d,0.27461778579439616,False
t3_1ltblw,0.25599421044305304,True
t3_jwild,0.27091225687980425,False
t3_mzzxi,0.35038993113260053,True
t3_icm7l,0.3856536257074306,False
t3_t02ly,0.26386298046340495,False
t3_1keu39,0.25495629918381457,False
t3_o8aso,0.25599421044305304,True
t3_ikszl,0.23663263854616023,True
t3_k6cpz,0.30252862359712007,False
t3_r06f9,0.26833049528435365,False
t3_19xue1,0.25599421044305304,True
t3_qvhd3,0.26214237690259673,False
t3_156mis,0.2563848203684551,False
t3_of16d,0.2740074377207605,False
t3_1gxtgo,0.3652624103513665,False
t3_kkdjk,0.26833049528435365,False
t3_z9da6,0.23309233582183905,False
t3_1n2twm,0.3342042143529238,False
t3_jxmc6,0.24067167890685795,False
t3_pgpnh,0.2704751698680269,True
t3_xiokb,0.2619055785328806,False
t3_whd66,0.2563848203684551,False
t3_v8ltx,0.24469693492694428,False
t3_w3orz,0.23221574757948363,False
t3_skt7g,0.27461778579439616,False
t3_j1btq,0.24806162917997746,False
t3_1h22pn,0.24553794147992625,False
t3_1euch4,0.35038993113260053,False
t3_1lb8zm,0.20721550190797772,False
t3_15uw0s,0.3031880346943368,False
t3_svx9s,0.2735933818177321,True
t3_xg56s,0.2961996408931095,False
t3_1fhxaf,0.2823701986631721,False
t3_x80l6,0.3139691636826929,True
t3_117rme,0.2867487396931374,False
t3_y8jp8,0.25850956250292656,False
t3_1n43rn,0.2442597205026762,True
t3_11hapu,0.28867058885676505,False
t3_whyuw,0.24806162917997746,False
t3_kitlo,0.24426813107987802,False
t3_1m0e5o,0.26473257222035096,False
t3_xaqvl,0.35038993113260053,True
t3_15j2fq,0.2778592686927615,True
t3_1ingbc,0.3083309825651641,False
t3_xtydk,0.2997573554244628,False
t3_tev42,0.27080077262903346,False
t3_thr4f,0.25744643911822257,False
t3_jnzv0,0.32011476502276914,True
t3_1a6hkp,0.2619055785328806,False
t3_owjrg,0.24240090520204172,False
t3_1bydsc,0.31540846790376437,False
t3_og5ox,0.27461778579439616,False
t3_j51bx,0.24806162917997746,False
t3_1fxkzy,0.30779666280576456,False
t3_qpux2,0.3045199694685214,False
t3_rowqk,0.3185133279727851,True
t3_mi9lo,0.2557845597507623,False
t3_uisoe,0.24286265728128903,True
t3_11uo28,0.25744643911822257,False
t3_1k3p0i,0.35038993113260053,True
t3_q4sgk,0.2571725970613917,False
t3_zis4n,0.3139184685526487,False
t3_101vsv,0.3951100993548218,False
t3_kjo6v,0.23538675981642523,False
t3_1aj0ch,0.290443268859674,False
t3_12p14p,0.3071117472020096,True
t3_1i4cxd,0.30331718795638807,False
t3_nej3o,0.354199954125341,False
t3_10oumf,0.33242722172724853,False
t3_1bov7q,0.2563848203684551,False
t3_1h0m8k,0.2734487609658203,False
t3_umlrq,0.26857589121589703,False
t3_rcvjr,0.23309233582183905,False
t3_1mqg1b,0.27021531883099636,False
t3_1cxwqv,0.25850956250292656,False
t3_1bkedk,0.2588298922285483,True
t3_kwpcp,0.29080380508922116,False
t3_hsgyo,0.24286265728128903,True
t3_rn683,0.28903650924572843,False
t3_x55d9,0.27447293793090793,True
t3_kowq2,0.23972636721793297,False
t3_utifl,0.2847402613709147,False
t3_pxbsn,0.2765769051891233,False
t3_1513tw,0.27080077262903346,False
t3_o87o3,0.2693526486348016,False
t3_1mnvoy,0.3579837208130544,False
t3_tqpmx,0.26833049528435365,False
t3_wrm2q,0.2497387794139972,False
t3_ild7d,0.2550780112341481,False
t3_llfkc,0.2995707140144327,False
t3_1ef88p,0.2566079997456139,True
t3_1m5j1o,0.26214237690259673,False
t3_ikit3,0.2877936316882312,True
t3_ibvsr,0.26029985380394766,False
t3_tc5ny,0.3262480636320894,False
t3_zuoiz,0.27470383664534853,False
t3_jise8,0.272381068878948,False
t3_1dw4g3,0.23663263854616023,False
t3_ijq9y,0.25495629918381457,False
t3_1bhd85,0.2513626791177219,False
t3_1cw7b6,0.27800811168724743,False
t3_1czj2f,0.2834232421229365,False
t3_y6igl,0.23663263854616023,False
t3_1ahkri,0.3075844629642453,False
t3_n2zxh,0.26629094877842885,False
t3_vi8ls,0.32796605177230276,False
t3_iqt75,0.23663263854616023,False
t3_1kwizl,0.2563848203684551,False
t3_odm02,0.25160120019785565,False
t3_11l87d,0.278600513680233,False
t3_sgqdb,0.31656732982349295,False
t3_qi350,0.2597980777745203,True
t3_14kjyt,0.2723063343726792,False
t3_17alij,0.30803734829242896,False
t3_135bmx,0.24286265728128903,False
t3_187fqj,0.35038993113260053,False
t3_iaj0g,0.22511639112739956,True
t3_17mt1s,0.2821809608945058,False
t3_k6zs5,0.27176418642877287,False
t3_w8f2v,0.22265713874065465,False
t3_1jdhpr,0.25599421044305304,False
t3_1lw0co,0.2718246993488979,False
t3_w3yp6,0.28325353917883916,False
t3_u0b4w,0.32049217059475543,True
t3_xvyh1,0.2549285124610421,False
t3_lbp8d,0.25495629918381457,False
t3_jssxl,0.24553794147992625,True
t3_1cy9jl,0.26160599964463566,False
t3_x87gl,0.2669440556321032,False
t3_oc6f8,0.24806162917997746,False
t3_1g7mg9,0.27461778579439616,True
t3_xdtyq,0.3569828510019936,False
t3_l14d4,0.2619055785328806,False
t3_1n2ihv,0.34358051235386483,False
t3_jwb1c,0.2674844156818127,False
t3_yx70a,0.3440896360864449,False
t3_idifo,0.2977670438359156,True
t3_1mc3ss,0.306985329723054,False
t3_ig1vm,0.25847953040934146,False
t3_12hkef,0.23980313700298722,False
t3_1mv50t,0.2797477855331269,False
t3_v0gb8,0.3128484494965606,False
t3_ro7jh,0.24806162917997746,False
t3_189q84,0.2844968588945793,False
t3_kl2qa,0.3840069027519973,True
t3_mdqgh,0.30043746632562696,False
t3_1bk62a,0.24553794147992625,False
t3_wxes5,0.2640682382785316,True
t3_120yqf,0.26692694800221106,False
t3_ojq68,0.2645197222071791,True
t3_16pg2e,0.25744643911822257,True
t3_k9667,0.3191163585838604,False
t3_1argwx,0.2771306166707531,False
t3_14sq9y,0.27461778579439616,False
t3_murn6,0.25599421044305304,False
t3_1jiz3l,0.2953883329230344,True
t3_ranon,0.32735563681973806,False
t3_1irx8j,0.3452886289758419,False
t3_p6zgo,0.28857181147068206,True
t3_xx28w,0.34156894138321203,False
t3_kswyn,0.2735647906752442,False
t3_14dtyz,0.24240090520204172,True
t3_17spch,0.30886363944262524,False
t3_wawei,0.29103702182765906,False
t3_si96b,0.29707887406453176,True
t3_ics7d,0.24286265728128903,False
t3_1nc5g7,0.26668271314205355,False
t3_i5pg4,0.31020367045104674,False
t3_ljea8,0.24067167890685795,False
t3_rtwya,0.224713651223287,False
t3_k99oh,0.29808650954684346,True
t3_x93it,0.27406567705122487,True
t3_1mj271,0.27461778579439616,True
t3_1n4znx,0.31821682682582025,True
t3_1mukqx,0.2859654592502627,False
t3_11ygnj,0.23663263854616023,False
t3_ugm2u,0.27407041553066613,False
t3_lgws5,0.26672325378662515,False
t3_11b7u0,0.27080077262903346,False
t3_1nehoo,0.3019479257687782,False
t3_1jmqr8,0.255318544190876,False
t3_1glt4w,0.29344991299381545,False
t3_uck6l,0.30494761275274324,False
t3_107wh0,0.2521316253061333,False
t3_16hp47,0.3091715284912843,False
t3_ol71r,0.22029127912335753,False
t3_itaya,0.3072330135244523,False
t3_10i7ah,0.23949024262725072,False
t3_t0q3u,0.2570515261461563,True
t3_uiu13,0.26029985380394766,False
t3_1llrot,0.38970864687315393,False
t3_1032t1,0.3487339722053241,True
t3_1dybt6,0.3581266132278888,False
t3_j8yku,0.27961193699646697,False
t3_ltkti,0.3073819115886748,False
t3_qv83o,0.3143197093214003,False
t3_wpyyz,0.3336194663242664,False
t3_1idz1m,0.2436697661301209,True
t3_1jr1qq,0.2696683227963744,True
t3_12z8ak,0.24806162917997746,False
t3_1ju3k0,0.28495777491966184,False
t3_1bdmw6,0.3030446458381123,False
t3_qzw8j,0.3128029783427703,True
t3_ixtoq,0.26029985380394766,False
t3_ksmg6,0.2229588840297358,False
t3_p6o4h,0.2822042286662183,True
t3_1ms6g8,0.3225155565295228,True
t3_1dai7c,0.23632127694336577,False
t3_1e7h44,0.2332224286327769,False
t3_10q3b5,0.27407041553066613,False
t3_17bpmh,0.2453824598108456,False
t3_nyzle,0.27461778579439616,False
t3_jyg7g,0.24620241051657343,False
t3_iw5d0,0.3202673500944758,False
t3_1ecljc,0.3414677120299161,False
t3_qmh2x,0.26600303808914844,True
t3_ska6s,0.26833049528435365,True
t3_pds2z,0.25495629918381457,True
t3_ui4vt,0.27939994928353334,False
t3_j5z0p,0.24919493170643237,True
t3_zwsoy,0.2566079997456139,False
t3_1htfb9,0.2692517396190765,False
t3_z9i75,0.2792971390568583,False
t3_1icpql,0.3149713430932844,False
t3_iq5rd,0.27304550635288616,True
t3_1molut,0.2704751698680269,False
t3_jxhwl,0.2738685359571823,False
t3_q7fxu,0.25495629918381457,False
t3_1kwdw0,0.2794876209371313,True
t3_jxqv7,0.22029127912335753,False
t3_kflut,0.26925447061271407,True
t3_mz299,0.34508875406744444,False
t3_kwwqk,0.2619055785328806,False
t3_1jdq4q,0.3241766396224694,False
t3_1iuvj0,0.2936711574218248,False
t3_1n5bzc,0.24345807975160108,False
t3_ji3ev,0.3444362102305953,False
t3_16ecwy,0.30803734829242896,True
t3_pulck,0.3151849840919604,True
t3_1efr8q,0.3414677120299161,False
t3_vr626,0.33820712964974836,True
t3_1mhp40,0.35038993113260053,False
t3_1na43q,0.35615097711022353,False
t3_j94no,0.3130857281399295,True
t3_1e4dic,0.29976002965060344,False
t3_ihgzf,0.24067167890685795,False
t3_kj2tj,0.31554067588207574,True
t3_129a5o,0.25599421044305304,False
t3_ugj52,0.27480191467282045,False
t3_1ehj0y,0.26046040009621585,False
t3_wolhn,0.2834232421229365,False
t3_160gjx,0.280713960680235,True
t3_1cavhs,0.2619055785328806,False
t3_kx5og,0.2949299986189603,False
t3_ikcon,0.27975501072444836,False
t3_u5xmo,0.25495629918381457,False
t3_1o0isr,0.35038993113260053,True
t3_iekd3,0.27388568827300575,True
t3_jatz5,0.30027172553059295,False
t3_k5tc5,0.3414677120299161,True
t3_jlt0e,0.25730223426587634,False
t3_1kb25b,0.28151822916519786,False
t3_k0cuj,0.3386149143764714,False
t3_iozuw,0.24240090520204172,False
t3_12mgtt,0.2674767974256204,False
t3_lcrh0,0.2988486509597772,True
t3_18fbqf,0.2862550892162171,True
t3_lx6vx,0.24286265728128903,False
t3_1h1ytg,0.28663697443984537,True
t3_i6ihq,0.27080077262903346,True
t3_tc5sp,0.33914094861856636,True
t3_wwavt,0.30463289731797494,True
t3_yh4pg,0.3073214257739693,True
t3_1lfil3,0.2693526486348016,False
t3_jcrr9,0.2736209983588348,False
t3_1krjei,0.3135746936597679,False
t3_1ltr2u,0.3668369180714198,False
t3_n6guj,0.26833049528435365,True
t3_q35zd,0.2590995136748048,False
t3_uelsy,0.28845017807901746,False
t3_s1x66,0.23949024262725072,False
t3_jes98,0.24620241051657343,False
t3_j2tg7,0.23663263854616023,True
t3_tlfbv,0.2715918894745173,False
t3_1lqd46,0.24286265728128903,False
t3_1ne4je,0.34368114601986777,False
t3_jl0ye,0.28032388947588416,False
t3_iwmc6,0.2612203616817332,False
t3_if0ed,0.29459665884417713,True
t3_1exnem,0.29042931223829,True
t3_12zfh3,0.2504825823117636,True
t3_p7h7w,0.23084872128980996,False
t3_kaemz,0.2724181273050773,False
t3_imwyv,0.26029985380394766,True
t3_ybz2k,0.35038993113260053,True
t3_1507or,0.2619055785328806,False
t3_1mzfab,0.31294232915725717,False
t3_hw5vx,0.27080077262903346,True
t3_1m7fur,0.28823217824869257,False
t3_iwhiq,0.27046355321103094,True
t3_m2sla,0.25495629918381457,True
t3_iqryn,0.3149718360490501,False
t3_zhovm,0.2836497074976595,False
t3_17jl6h,0.2847290494321821,True
t3_1iax6l,0.24553794147992625,True
t3_jnm90,0.24286265728128903,False
t3_n0qek,0.27304550635288616,False
t3_13yilc,0.3443220580227756,False
t3_15qmi3,0.31025861803980825,False
t3_16q5ez,0.26570507590023074,False
t3_1c6mlw,0.33696408032143976,True
t3_1cklpz,0.35038993113260053,True
t3_m7sa1,0.2896317807583699,False
t3_12kfb2,0.3066473275022212,False
t3_srnv2,0.258974460955158,False
t3_xyddn,0.3414677120299161,False
t3_oaklg,0.24286265728128903,False
t3_1evf62,0.3029164933102163,False
t3_ieco0,0.2469303836431189,False
t3_kt6vc,0.28462679677336294,True
t3_tislv,0.24286265728128903,False
t3_kiww3,0.29143184926269594,False
t3_igqxh,0.2612683945644461,False
t3_1mwwqk,0.27080077262903346,False
t3_1ivwci,0.2654777169296355,False
t3_10s5ql,0.3445556163383054,False
t3_izj6q,0.2565063866574562,False
t3_14ny01,0.3006538128095811,True
t3_17pqos,0.2692517396190765,False
t3_qkokx,0.285279328789881,False
t3_16ck3r,0.2673686254408577,False
t3_1mu0ab,0.23663263854616023,False
t3_1iarkw,0.3283711803662167,False
t3_1j3tlg,0.24553794147992625,False
t3_rdccm,0.31083764562975774,False
t3_1mwoxx,0.2563848203684551,True
t3_pyyai,0.2537797563590184,False
t3_1a6prl,0.27461778579439616,False
t3_w6xmi,0.24675741158545625,False
t3_1aaxfv,0.27304550635288616,True
t3_1m0q97,0.2941133975787403,False
t3_hox6i,0.28530618473756625,False
t3_jrg2c,0.23663263854616023,False
t3_somxq,0.3273569319300984,False
t3_kyojf,0.25250184985203206,False
t3_k1mjk,0.32449189729172867,True
t3_z7mrn,0.30606166300825144,True
t3_1h04nt,0.3029164933102163,True
t3_i5sr5,0.2673371654474338,True
t3_1iv74b,0.3017320135316243,False
t3_1m6wo6,0.27407041553066613,False
t3_izrhe,0.2495169814213936,False
t3_zj8fs,0.2627435726040337,False
t3_jl6fb,0.2806708068868346,False
t3_ibkrr,0.26322519939932576,True
t3_1irtiu,0.25495629918381457,False
t3_jza79,0.25495629918381457,False
t3_iguxb,0.28166598049438524,False
t3_j6xcq,0.3055546031134708,True
t3_r0big,0.2384036519773464,False
t3_1ci9u4,0.24097134769921486,True
t3_jgbm8,0.24328529158578663,True
t3_113zd6,0.2552249263819715,True
t3_wayzq,0.25718559162066124,False
t3_kj1cx,0.29808650954684346,True
t3_1ec6b4,0.2761323534954447,False
t3_1eitdr,0.29417342773419797,False
t3_js6sh,0.25850956250292656,False
t3_10fapa,0.28464678818628,False
t3_12m83b,0.2806419396109483,True
t3_1ig60t,0.34200471818982525,True
t3_1jzamt,0.27080077262903346,True
t3_j4dao,0.2590995136748048,True
t3_wdx6w,0.28142848844656204,True
t3_18jt3s,0.2997573554244628,False
t3_yh0nz,0.27080077262903346,True
t3_idmjj,0.272381068878948,False
t3_q7dyq,0.27304550635288616,False
t3_szxpk,0.24240090520204172,True
t3_jljn9,0.3383089640206867,False
t3_wamb4,0.23949024262725072,False
t3_117nr2,0.3716262016495939,False
t3_t3nc3,0.24240090520204172,True
t3_jvamr,0.2563848203684551,False
t3_170iqa,0.2619055785328806,False
t3_uqpwq,0.30933426522859997,True
t3_qrplw,0.2308698673375455,False
t3_jua19,0.2692517396190765,False
t3_1cc949,0.2930978996479169,False
t3_pwfsm,0.2549285124610421,False
t3_10wlb2,0.32315738488975165,False
t3_kwzph,0.3543729130391657,False
t3_rk57w,0.2528846513609872,True
t3_n9saq,0.2968564029648879,False
t3_ig0mf,0.2804540514412507,True
t3_i7obb,0.28439578891836137,False
t3_139ljx,0.35038993113260053,True
t3_1m54cl,0.3402208281993124,True
t3_jugxr,0.2797477855331269,False
t3_14qxzk,0.29656374127786017,False
t3_15mvwr,0.25095787616626225,True
t3_kf2km,0.27455799039501977,False
t3_tjtxc,0.2731801717020368,True
t3_1e1xgr,0.27407041553066613,False
t3_x1shb,0.28475121861289865,False
t3_id2sv,0.2806708068868346,False
t3_jr3w1,0.2751055119572579,True
t3_mx3t6,0.3265293883722677,False
t3_1lobcs,0.24553794147992625,False
t3_z3x7o,0.36647364859943987,False
t3_huozq,0.2563848203684551,False
t3_zq2wq,0.26251297816744734,False
t3_1dtdcd,0.2716260285517833,False
t3_uxclh,0.28349322333583177,False
t3_144kkd,0.3086579907997205,False
t3_11vbub,0.33152245286052673,False
t3_12p3az,0.27461778579439616,False
t3_mdn29,0.25599421044305304,False
t3_1cr0e7,0.25174821765581795,False
t3_uuwle,0.24067167890685795,False
t3_16cswq,0.2978422710597373,True
t3_1jnlu1,0.28009486718532967,False
t3_yg6vf,0.2538827497936065,False
t3_ic5b5,0.25850956250292656,False
t3_tfqqj,0.27080077262903346,False
t3_140iwp,0.2645197222071791,False
t3_158p5l,0.2522004893281043,False
t3_hutkg,0.3588852653796251,False
t3_huwzw,0.303399394153503,False
t3_vc5bs,0.33349766456574653,False
t3_ohnq0,0.3178014623203245,False
t3_mbh9r,0.3042418487393644,False
t3_mzx23,0.3370830715885015,False
t3_19vwzi,0.2797734620956093,False
t3_jdfh6,0.25588991290891855,False
t3_15cq1b,0.2631379776277924,False
t3_1awsjb,0.2512802387057249,False
t3_14cflf,0.32820177541775486,False
t3_1cruwy,0.27461778579439616,False
t3_s1p9n,0.27139480150990847,False
t3_n02fx,0.25495629918381457,False
t3_i1rqh,0.25495629918381457,True
t3_1lhrmf,0.25495629918381457,False
t3_j75gy,0.3414677120299161,False
t3_1184d2,0.2822381717531577,False
t3_mmp99,0.34358051235386483,True
t3_jwnz8,0.2706420483196426,True
t3_13ev91,0.23015235647413332,False
t3_tv7bm,0.26787444420785206,False
t3_1j8z18,0.34094696163449206,True
t3_1c8na6,0.28032388947588416,False
t3_y2pew,0.23663263854616023,False
t3_opobu,0.3560136691087928,False
t3_opm4a,0.28375106740202416,False
t3_19ycl3,0.3186967783768851,False
t3_19o0jm,0.27455799039501977,False
t3_1mlub9,0.26371159305799385,False
t3_ytlye,0.35312856810906285,False
t3_103w8n,0.26954365034323846,False
t3_10576h,0.36636675675382707,False
t3_r6uvo,0.3414677120299161,True
t3_io5ug,0.2534237330221878,False
t3_jmrck,0.2584448880632405,True
t3_opi8d,0.2229588840297358,False
t3_o33qy,0.27575931123876757,False
t3_jbsgs,0.27910966605272275,True
t3_swb3m,0.2803168791111762,False
t3_ihij6,0.23663263854616023,True
t3_191lh2,0.3349819788364349,True
t3_k4rlt,0.25495629918381457,False
t3_13e911,0.25495629918381457,False
t3_qqzpt,0.22860364236834368,False
t3_jf00i,0.25156231585211675,False
t3_ixo28,0.3349819788364349,False
t3_1iv83f,0.32057554380732,False
t3_jz4my,0.2779214694580429,False
t3_ryibd,0.24286265728128903,False
t3_m10ju,0.24328529158578663,True
t3_xqcyz,0.2563848203684551,False
t3_l68nr,0.25156231585211675,False
t3_u8ulj,0.3371973046491023,False
t3_i5y2z,0.33636282562367337,False
t3_jm6dr,0.2497387794139972,False
t3_wj027,0.2495169814213936,False
t3_mzbad,0.25495629918381457,False
t3_12eywo,0.26029985380394766,False
t3_i2ph8,0.2696683227963744,True
t3_yc850,0.3385445267247587,False
t3_lovls,0.35527632476984927,False
t3_jofpr,0.24553794147992625,False
t3_tqd88,0.35569467398429455,False
t3_htzpy,0.29264030203256,True
t3_lc8mi,0.2878479978041746,True
t3_qu5fp,0.2692916146308514,False
t3_iuahk,0.25739455806927525,True
t3_u1dfw,0.2696683227963744,False
t3_kc3fu,0.2681068475179491,False
t3_hzrki,0.2645197222071791,False
t3_1mkmc7,0.26847452669809474,False
t3_1695wp,0.3543729130391657,False
t3_qg137,0.2504232770530559,False
t3_1lw152,0.2912426451463007,False
t3_od17t,0.26833049528435365,False
t3_icjek,0.29905136323805787,False
t3_pb6rm,0.24067167890685795,False
t3_1cq4g9,0.2619055785328806,False
t3_htyob,0.323274591118431,True
t3_jrz3f,0.23663263854616023,False
t3_ll3uk,0.34811464013311677,True
t3_nj2oc,0.2845567545955373,False
t3_o19rg,0.2721845940509877,False
t3_uf2x1,0.26857589121589703,False
t3_oh0h4,0.29205730011053604,True
t3_14th0i,0.3209321452227526,False
t3_routl,0.35038993113260053,False
t3_18v51p,0.3423435473081988,False
t3_itrkx,0.3545791552599407,False
t3_iu8gt,0.36660965293329634,False
t3_1hyxgy,0.2563848203684551,False
t3_n1r1p,0.24286265728128903,False
t3_wgr8s,0.2563848203684551,True
t3_t07rd,0.24441591808767898,False
t3_pgnh7,0.2696683227963744,False
t3_iarpn,0.374051742692281,False
t3_1313en,0.3211002730022492,True
t3_yftq6,0.3323640467894013,False
t3_q05jo,0.29597013559083096,False
t3_oemz5,0.28824318375466873,False
t3_ibua5,0.29874822065267626,True
t3_1b1ve8,0.27080077262903346,False
t3_ivdnq,0.25599421044305304,False
t3_1i8r1l,0.26563094043844165,False
t3_12za7y,0.34013908798173575,False
t3_134w0p,0.23998996937130979,False
t3_zqxgi,0.38266790722741395,False
t3_y6hip,0.305457162004638,True
t3_ldtwg,0.2753758690716867,False
t3_w09z0,0.2751055119572579,False
t3_kfh1p,0.26005963753281486,False
t3_jk5tv,0.29674097785560993,False
t3_vrls9,0.258913952703472,False
t3_1g76mq,0.38266790722741395,True
t3_r6b3o,0.3283924466462755,False
t3_10qb3u,0.26833049528435365,False
