id,index,task,fold,row,target_1,target_2,target_3
0,0,0,0,0,0.9442332,0.008659658,0.008210637
1,1,0,0,1,0.9239812,0.014124518,0.01339859
2,2,0,0,2,0.8804937,0.028302832,0.027299134
3,3,0,0,3,0.8169048,0.054210555,0.053365983
4,4,0,0,4,0.7450099,0.09973134,0.097367324
5,5,0,0,5,0.70348054,0.13345356,0.12975627
6,6,0,0,6,0.70356065,0.13337223,0.12967508
7,7,0,0,7,0.70366234,0.133269,0.12957205
8,8,0,0,8,0.7033914,0.13354419,0.12984674
9,9,0,0,9,0.7033914,0.13354419,0.12984674
10,10,0,0,10,0.7033914,0.13354419,0.12984674
11,11,0,0,11,0.7033914,0.13354419,0.12984674
12,12,0,0,12,0.6999469,0.13772766,0.13412143
13,13,0,0,13,0.67513853,0.16562285,0.16245769
14,14,0,0,14,0.57847816,0.22202206,0.22063078
15,15,0,0,15,0.28152826,0.32563132,0.32655564
16,16,0,0,16,0.06566355,0.41667232,0.42839408
17,17,0,0,17,0.016201237,0.44179913,0.45708218
18,18,0,0,18,0.0063455594,0.44751105,0.4613097
19,19,0,0,19,0.003844994,0.4502826,0.46270192
20,20,0,0,20,0.0032552225,0.4511189,0.46304354
21,21,0,0,21,0.0032552225,0.4511189,0.46304354
22,22,0,0,22,0.0032552225,0.4511189,0.46304354
23,23,0,0,23,0.0032552225,0.4511189,0.46304354
24,24,0,0,24,0.0032552225,0.4511189,0.46304354
25,25,0,0,25,0.16210127,0.35015476,0.35579798
26,26,0,0,26,0.074361235,0.417599,0.4253443
27,27,0,0,27,0.028985824,0.44881788,0.4653275
28,28,0,0,28,0.0055418666,0.45165226,0.46724018
29,29,0,0,29,0.003259517,0.45112112,0.4630553
30,30,0,0,30,0.003263493,0.45112306,0.46306613
31,31,0,0,31,0.003268586,0.45112568,0.46307996
32,32,0,0,32,0.0032552225,0.4511189,0.46304354
33,33,0,0,33,0.0032552225,0.4511189,0.46304354
34,34,0,0,34,0.0032552225,0.4511189,0.46304354
35,35,0,0,35,0.0032552225,0.4511189,0.46304354
36,36,0,1,0,0.78077066,0.032550905,0.032300737
37,37,0,1,1,0.7807708,0.032550905,0.032300737
38,38,0,1,2,0.78077066,0.032550905,0.032300737
39,39,0,1,3,0.78077066,0.032550905,0.032300737
40,40,0,1,4,0.95728695,0.00085941143,0.00080702093
41,41,0,1,5,0.9309618,0.0022862258,0.0022172038
42,42,0,1,6,0.89300245,0.0058525456,0.005794101
43,43,0,1,7,0.848899,0.01331046,0.013267218
44,44,0,1,8,0.79672754,0.027437957,0.027241511
45,45,0,1,9,0.78094167,0.032495577,0.032245003
46,46,0,1,10,0.78107184,0.032453448,0.032202568
47,47,0,1,11,0.005210954,0.2413439,0.11614532
48,48,0,1,12,0.005210954,0.2413439,0.11614532
49,49,0,1,13,0.005210952,0.2413439,0.11614532
50,50,0,1,14,0.005210954,0.2413439,0.11614532
51,51,0,1,15,0.21518843,0.1759536,0.1415754
52,52,0,1,16,0.056175943,0.23814884,0.15585172
53,53,0,1,17,0.020295369,0.25500897,0.14221357
54,54,0,1,18,0.008538863,0.24981345,0.12708342
55,55,0,1,19,0.005217969,0.24137007,0.11617318
56,56,0,1,20,0.005224287,0.24139369,0.1161983
57,57,0,1,21,0.005232369,0.24142373,0.11623031
58,58,0,2,0,0.9385457,0.0017845323,0.0021816667
59,59,0,2,1,0.91189253,0.0034763867,0.004292747
60,60,0,2,2,0.8512397,0.00965913,0.01181253
61,61,0,2,3,0.7613543,0.02689258,0.032253366
62,62,0,2,4,0.68387824,0.057990238,0.059085783
63,63,0,2,5,0.6433316,0.08094691,0.07207243
64,64,0,2,6,0.6434391,0.08088574,0.072041586
65,65,0,2,7,0.64357626,0.080807745,0.07200224
66,66,0,2,8,0.643212,0.081014976,0.07210676
67,67,0,2,9,0.643212,0.08101494,0.072106734
68,68,0,2,10,0.64321196,0.08101495,0.07210676
69,69,0,2,11,0.643212,0.08101494,0.07210676
70,70,0,2,12,0.63721174,0.08505276,0.074629806
71,71,0,2,13,0.58962864,0.11512183,0.09145636
72,72,0,2,14,0.31279582,0.18079332,0.103408635
73,73,0,2,15,0.0840082,0.22277981,0.08501411
74,74,0,2,16,0.02322149,0.21231475,0.058572106
75,75,0,2,17,0.009973428,0.19657902,0.04336907
76,76,0,2,18,0.006568878,0.18540469,0.036256384
77,77,0,2,19,0.005116442,0.17890066,0.032548744
78,78,0,2,20,0.004740565,0.1769523,0.031492434
79,79,0,2,21,0.004740565,0.17695226,0.031492427
80,80,0,2,22,0.0047405628,0.17695226,0.031492427
81,81,0,2,23,0.004740565,0.17695226,0.031492427
82,82,0,2,24,0.004740565,0.1769523,0.031492427
83,83,0,2,25,0.38180187,0.15811518,0.08678618
84,84,0,2,26,0.16123217,0.19976987,0.08200391
85,85,0,2,27,0.03321568,0.21108131,0.061411697
86,86,0,2,28,0.011926924,0.1991859,0.04564003
87,87,0,2,29,0.0065129027,0.18581045,0.03628273
88,88,0,2,30,0.0047443598,0.17697415,0.031503715
89,89,0,2,31,0.00474786,0.1769943,0.03151406
90,90,0,2,32,0.0047523705,0.17702024,0.031527467
91,91,0,2,33,0.0047405628,0.17695226,0.031492427
92,92,0,2,34,0.004740565,0.17695226,0.031492427
93,93,0,2,35,0.004740565,0.17695226,0.031492427
94,94,0,2,36,0.0047405628,0.17695226,0.03149242
95,95,0,3,0,0.9261528,0.007701913,0.0048771487
96,96,0,3,1,0.9261528,0.007701913,0.0048771487
97,97,0,3,2,0.9261528,0.007701913,0.0048771487
98,98,0,3,3,0.9261528,0.007701909,0.004877146
99,99,0,3,4,0.9762958,0.00059751305,0.0003726519
100,100,0,3,5,0.9670069,0.0011675424,0.0007294456
101,101,0,3,6,0.9575934,0.0021372736,0.0013086118
102,102,0,3,7,0.94560087,0.0038407373,0.0023640033
103,103,0,3,8,0.93100303,0.006738645,0.004235565
104,104,0,3,9,0.9262034,0.0076916423,0.0048703146
105,105,0,3,10,0.9262421,0.0076838136,0.0048650983
106,106,0,3,11,0.28050357,0.23943798,0.16231589
107,107,0,3,12,0.28050357,0.23943798,0.1623159
108,108,0,3,13,0.28050357,0.23943803,0.16231593
109,109,0,3,14,0.2805036,0.23943798,0.16231586
110,110,0,3,15,0.7461049,0.052769404,0.04137097
111,111,0,3,16,0.6113988,0.11435481,0.08787183
112,112,0,3,17,0.40756628,0.20083627,0.1434689
113,113,0,3,18,0.3283195,0.23398891,0.16121612
114,114,0,3,19,0.28800863,0.23952001,0.16323365
115,115,0,3,20,0.28057206,0.2394376,0.16232242
116,116,0,3,21,0.2806253,0.23943727,0.1623275
117,117,0,3,22,0.9709863,0.0008939284,0.00055857043
118,118,0,3,23,0.96160483,0.0016770788,0.0010361208
119,119,0,3,24,0.9500718,0.003056234,0.0018730805
120,120,0,3,25,0.93755233,0.005356023,0.003335843
121,121,0,3,26,0.92619085,0.007694198,0.004872018
122,122,0,3,27,0.9262251,0.007687255,0.004867387
123,123,0,3,28,0.9262687,0.0076784096,0.0048615052
124,124,0,3,29,0.9261528,0.007701913,0.004877146
125,125,0,3,30,0.9261528,0.007701913,0.004877146
126,126,0,3,31,0.9261528,0.007701913,0.0048771487
127,127,0,3,32,0.9261528,0.007701913,0.004877146
128,128,0,3,33,0.92311347,0.008166392,0.00520174
129,129,0,3,34,0.90222603,0.011831677,0.0077783098
130,130,0,3,35,0.8566058,0.021593623,0.014919561
131,131,0,3,36,0.7440254,0.051735647,0.036908347
132,132,0,3,37,0.55457205,0.13120408,0.09461533
133,133,0,3,38,0.40888104,0.20693792,0.14491393
134,134,0,3,39,0.32831374,0.23091716,0.15819852
135,135,0,3,40,0.29337022,0.23693441,0.16120741
136,136,0,3,41,0.28050357,0.23943798,0.16231589
137,137,0,3,42,0.28050357,0.23943798,0.16231589
138,138,0,3,43,0.28050363,0.23943798,0.16231589
139,139,0,3,44,0.2805036,0.23943798,0.16231586
140,140,0,3,45,0.2805036,0.23943798,0.16231586
141,141,0,3,46,0.7467993,0.05245908,0.041127544
142,142,0,3,47,0.677419,0.084779516,0.06629413
143,143,0,3,48,0.47473073,0.16999541,0.12273587
144,144,0,3,49,0.35562283,0.22292598,0.15523002
145,145,0,3,50,0.2986229,0.24001789,0.16445225
146,146,0,3,51,0.2805548,0.23943765,0.16232075
147,147,0,3,52,0.2806018,0.23943743,0.16232531
148,148,0,3,53,0.2806626,0.23943704,0.16233107
149,149,0,3,54,0.28050363,0.23943798,0.16231589
150,150,0,3,55,0.2805036,0.23943798,0.16231589
151,151,0,3,56,0.28050354,0.239438,0.16231592
152,152,0,3,57,0.2805036,0.23943798,0.16231589
153,153,0,4,0,0.9681305,0.0005647953,0.00047163974
154,154,0,4,1,0.95995414,0.00091679575,0.00075439236
155,155,0,4,2,0.9472483,0.0017388642,0.001385247
156,156,0,4,3,0.93105966,0.0032893287,0.002515228
157,157,0,4,4,0.90918016,0.006427107,0.0046586706
158,158,0,4,5,0.8948196,0.009424419,0.0065991925
159,159,0,4,6,0.8948612,0.009414946,0.0065931403
160,160,0,4,7,0.89491427,0.009402849,0.0065854057
161,161,0,4,8,0.8947733,0.00943497,0.006605936
162,162,0,4,9,0.8947733,0.00943497,0.006605936
163,163,0,4,10,0.8947733,0.00943497,0.006605936
164,164,0,4,11,0.8947733,0.00943497,0.006605936
165,165,0,4,12,0.8938896,0.009599402,0.0067183417
166,166,0,4,13,0.8798204,0.012457465,0.008671897
167,167,0,4,14,0.84386474,0.02181857,0.015044769
168,168,0,4,15,0.731195,0.057389446,0.03891757
169,169,0,4,16,0.44771436,0.16309573,0.11277781
170,170,0,4,17,0.25977555,0.25494343,0.1950773
171,171,0,4,18,0.19414862,0.28633127,0.22531638
172,172,0,4,19,0.15634242,0.29697025,0.23376124
173,173,0,4,20,0.14014478,0.29969782,0.2362393
174,174,0,4,21,0.13946551,0.29975912,0.23630904
175,175,0,4,22,0.13946551,0.29975912,0.23630904
176,176,0,4,23,0.13946551,0.29975912,0.23630904
177,177,0,4,24,0.13946551,0.29975912,0.23630904
178,178,0,4,25,0.13946831,0.2997593,0.23630936
179,179,0,4,26,0.1394925,0.2997607,0.23631164
180,180,0,4,27,0.13954145,0.2997635,0.23631634
181,181,0,4,28,0.13961512,0.2997677,0.23632342
182,182,0,4,29,0.13971272,0.2997733,0.23633279
183,183,0,4,30,0.13946551,0.29975912,0.23630904
184,184,0,4,31,0.13946551,0.29975912,0.23630904
185,185,0,4,32,0.13946551,0.29975912,0.23630904
186,186,0,4,33,0.13946551,0.29975912,0.23630904
187,187,0,5,0,0.83429843,0.010843746,0.010653466
188,188,0,5,1,0.83433646,0.010835443,0.0106452815
189,189,0,5,2,0.0714359,0.29609686,0.26482734
190,190,0,5,3,0.07152835,0.29610148,0.2648422
191,191,0,5,4,0.071647696,0.2961075,0.2648614
192,192,0,6,0,0.96237224,0.0007678761,0.0005941262
193,193,0,6,1,0.9529815,0.0012917307,0.001019838
194,194,0,6,2,0.9413085,0.0025767144,0.0020881293
195,195,0,6,3,0.93160206,0.0046313554,0.0038394858
196,196,0,6,4,0.91733056,0.0081591,0.0067523536
197,197,0,6,5,0.9068103,0.011064838,0.009095487
198,198,0,6,6,0.9068281,0.011058291,0.009090045
199,199,0,6,7,0.90685064,0.011050045,0.00908317
200,200,0,6,8,0.9067907,0.011072051,0.009101497
201,201,0,6,9,0.9067907,0.011072046,0.009101493
202,202,0,6,10,0.9067907,0.011072051,0.009101493
203,203,0,6,11,0.9067907,0.011072051,0.009101497
204,204,0,6,12,0.9031635,0.011777705,0.009675086
205,205,0,6,13,0.8779861,0.017042123,0.013957206
206,206,0,6,14,0.8019576,0.033984862,0.02749497
207,207,0,6,15,0.594938,0.08597454,0.06974213
208,208,0,6,16,0.29896942,0.20220025,0.14750299
209,209,0,6,17,0.1534207,0.26858467,0.19336978
210,210,0,6,18,0.100064434,0.29367152,0.20922947
211,211,0,6,19,0.077644445,0.30250883,0.21634269
212,212,0,6,20,0.07160034,0.3048292,0.21867192
213,213,0,6,21,0.071600325,0.30482918,0.21867187
214,214,0,6,22,0.07160034,0.3048292,0.21867192
215,215,0,6,23,0.07160034,0.3048292,0.21867192
216,216,0,6,24,0.07160034,0.3048292,0.21867192
217,217,0,6,25,0.55093247,0.11140887,0.08280191
218,218,0,6,26,0.4223979,0.16354221,0.11668147
219,219,0,6,27,0.2574623,0.23011291,0.15841497
220,220,0,6,28,0.15613323,0.2744388,0.1944511
221,221,0,6,29,0.098157614,0.29545587,0.211119
222,222,0,6,30,0.071657985,0.30481085,0.21865451
223,223,0,6,31,0.0717113,0.3047939,0.2186384
224,224,0,6,32,0.07177999,0.30477208,0.21861775
225,225,0,6,33,0.071600325,0.3048292,0.21867192
226,226,0,6,34,0.071600325,0.3048292,0.21867192
227,227,0,6,35,0.071600325,0.30482918,0.21867192
228,228,0,6,36,0.07160034,0.3048292,0.21867192
229,229,0,7,0,0.8891746,0.0030602333,0.003096495
230,230,0,7,1,0.8891746,0.0030602321,0.003096494
231,231,0,7,2,0.88917446,0.0030602321,0.003096494
232,232,0,7,3,0.8891746,0.0030602321,0.003096495
233,233,0,7,4,0.973154,0.00023394346,0.00020798184
234,234,0,7,5,0.96013695,0.00047276652,0.00043012283
235,235,0,7,6,0.9430318,0.00091331574,0.00085319235
236,236,0,7,7,0.9211803,0.0016684899,0.0016100185
237,237,0,7,8,0.8951478,0.0027808298,0.002789787
238,238,0,7,9,0.8892365,0.0030572675,0.0030931982
239,239,0,7,10,0.8892837,0.0030550037,0.0030906894
240,240,0,7,11,0.0028247838,0.042519018,0.011390748
241,241,0,7,12,0.0028247838,0.04251904,0.011390748
242,242,0,7,13,0.0028247838,0.04251901,0.011390755
243,243,0,7,14,0.0028247838,0.042519018,0.011390748
244,244,0,7,15,0.55209213,0.025939912,0.01989497
245,245,0,7,16,0.12979062,0.04420835,0.026936015
246,246,0,7,17,0.027541252,0.050258685,0.02058954
247,247,0,7,18,0.009369636,0.04749494,0.015543976
248,248,0,7,19,0.0036690473,0.043614678,0.012190497
249,249,0,7,20,0.0028307885,0.04252851,0.011397108
250,250,0,7,21,0.0028354968,0.042535968,0.0114020845
251,251,0,7,22,0.9737492,0.00022498476,0.00019978874
252,252,0,7,23,0.96600145,0.00035466283,0.00031936125
253,253,0,7,24,0.9503406,0.0007084318,0.00065432605
254,254,0,7,25,0.93105674,0.0013075959,0.0012461228
255,255,0,7,26,0.9055414,0.0023145338,0.0022880787
256,256,0,7,27,0.88922113,0.0030579998,0.0030940175
257,257,0,7,28,0.889263,0.0030559972,0.0030917914
258,258,0,7,29,0.8893163,0.0030534416,0.0030889534
259,259,0,7,30,0.88917446,0.0030602333,0.003096494
260,260,0,7,31,0.8891746,0.0030602321,0.003096494
261,261,0,7,32,0.8891746,0.0030602321,0.003096495
262,262,0,7,33,0.8891746,0.0030602321,0.003096494
263,263,0,7,34,0.88641447,0.0032067788,0.0032397166
264,264,0,7,35,0.86062235,0.004584353,0.0045798733
265,265,0,7,36,0.7708492,0.008619148,0.008279882
266,266,0,7,37,0.37061775,0.018309234,0.014984272
267,267,0,7,38,0.068959065,0.028275263,0.016076967
268,268,0,7,39,0.017393105,0.034207553,0.013885334
269,269,0,7,40,0.006562272,0.038547605,0.012473278
270,270,0,7,41,0.0034597276,0.04160533,0.011663147
271,271,0,7,42,0.0028247824,0.04251904,0.011390761
272,272,0,7,43,0.0028247838,0.04251904,0.011390755
273,273,0,7,44,0.0028247838,0.042519018,0.011390761
274,274,0,7,45,0.0028247838,0.04251901,0.011390755
275,275,0,7,46,0.002824781,0.04251903,0.011390755
276,276,0,7,47,0.55383915,0.025873542,0.019847402
277,277,0,7,48,0.2597527,0.037061892,0.025736708
278,278,0,7,49,0.04706255,0.049744062,0.023272747
279,279,0,7,50,0.014165918,0.04901969,0.017395867
280,280,0,7,51,0.0053726826,0.04520033,0.013470898
281,281,0,7,52,0.0028292937,0.042526167,0.011395523
282,282,0,7,53,0.0028334348,0.042532712,0.011399902
283,283,0,7,54,0.0028387886,0.042541176,0.011405568
284,284,0,7,55,0.0028247824,0.04251904,0.011390748
285,285,0,7,56,0.0028247838,0.04251904,0.011390755
286,286,0,7,57,0.0028247824,0.04251903,0.011390755
287,287,0,7,58,0.0028247824,0.04251903,0.011390755
288,288,0,8,0,0.93921214,0.015051235,0.010102926
289,289,0,8,1,0.93921214,0.015051235,0.0101029305
290,290,0,8,2,0.93921214,0.015051231,0.010102926
291,291,0,8,3,0.93921214,0.015051231,0.010102926
292,292,0,8,4,0.97781473,0.0011339239,0.0009163743
293,293,0,8,5,0.9690239,0.0024479493,0.0018939504
294,294,0,8,6,0.95982593,0.0047194017,0.0034275202
295,295,0,8,7,0.9519744,0.008270483,0.005655638
296,296,0,8,8,0.9419432,0.013522075,0.0090773655
297,297,0,8,9,0.93924004,0.015035474,0.010092359
298,298,0,8,10,0.93926144,0.015023361,0.010084245
299,299,0,8,11,0.09695919,0.3335215,0.23315792
300,300,0,8,12,0.09695926,0.3335215,0.23315787
301,301,0,8,13,0.09695922,0.3335215,0.23315792
302,302,0,8,14,0.09695922,0.3335215,0.23315787
303,303,0,8,15,0.77260727,0.09308635,0.06586274
304,304,0,8,16,0.46241182,0.22423203,0.14918835
305,305,0,8,17,0.26327345,0.3215757,0.22565235
306,306,0,8,18,0.18218397,0.33909893,0.24164401
307,307,0,8,19,0.11304922,0.33524656,0.23550497
308,308,0,8,20,0.097086094,0.33354062,0.23318473
309,309,0,8,21,0.0971848,0.33355552,0.23320553
310,310,0,9,0,0.9295362,0.0041793254,0.0032556758
311,311,0,9,1,0.9295361,0.0041793236,0.0032556758
312,312,0,9,2,0.9295362,0.0041793236,0.0032556741
313,313,0,9,3,0.9295362,0.0041793254,0.0032556758
314,314,0,9,4,0.97078604,0.00018469384,0.00013713296
315,315,0,9,5,0.95831364,0.0004143874,0.00031145682
316,316,0,9,6,0.9490373,0.00085620204,0.00065514504
317,317,0,9,7,0.94133955,0.0017168623,0.0013428178
318,318,0,9,8,0.9317724,0.0035370623,0.0027624797
319,319,0,9,9,0.9295591,0.0041722986,0.0032502892
320,320,0,9,10,0.9295765,0.0041669444,0.003246181
321,321,0,9,11,0.09911916,0.36233667,0.35064647
322,322,0,9,12,0.09911916,0.36233667,0.35064647
323,323,0,9,13,0.09911917,0.36233667,0.35064647
324,324,0,9,14,0.09911916,0.3623367,0.35064647
325,325,0,9,15,0.73991746,0.046937235,0.04439406
326,326,0,9,16,0.5519726,0.13081782,0.12023328
327,327,0,9,17,0.31342265,0.26360467,0.23173636
328,328,0,9,18,0.16829221,0.33136716,0.31054267
329,329,0,9,19,0.11035561,0.3582603,0.34660277
330,330,0,9,20,0.099201754,0.3623272,0.35064676
331,331,0,9,21,0.09926602,0.3623198,0.35064697
332,332,0,10,0,0.9202072,0.010962352,0.009076465
333,333,0,10,1,0.8883982,0.019186964,0.016756775
334,334,0,10,2,0.8090172,0.045048147,0.043774195
335,335,0,10,3,0.6890779,0.095349364,0.1013208
336,336,0,10,4,0.59713984,0.1464276,0.1655098
337,337,0,10,5,0.56788874,0.16200845,0.18398032
338,338,0,10,6,0.5679559,0.16197969,0.18394803
339,339,0,10,7,0.5680422,0.16194265,0.18390654
340,340,0,10,8,0.56781447,0.16204031,0.18401597
341,341,0,10,9,0.56781447,0.16204028,0.18401599
342,342,0,10,10,0.56781447,0.16204028,0.18401597
343,343,0,10,11,0.56781447,0.16204026,0.18401597
344,344,0,10,12,0.55990577,0.16648933,0.18863733
345,345,0,10,13,0.5078655,0.19535536,0.21775755
346,346,0,10,14,0.38818794,0.25073868,0.26475656
347,347,0,10,15,0.17918013,0.30567622,0.28628808
348,348,0,10,16,0.05264219,0.34166417,0.28006035
349,349,0,10,17,0.019459782,0.35283777,0.2702992
350,350,0,10,18,0.009996482,0.35625446,0.26273713
351,351,0,10,19,0.0070645013,0.35683763,0.25771368
352,352,0,10,20,0.006231079,0.35697627,0.25584766
353,353,0,10,21,0.006231079,0.35697627,0.25584766
354,354,0,10,22,0.006231079,0.35697627,0.25584766
355,355,0,10,23,0.006231082,0.35697627,0.25584766
356,356,0,10,24,0.0062310854,0.35697627,0.25584766
357,357,0,10,25,0.12508743,0.32195255,0.28226218
358,358,0,10,26,0.066377975,0.34873062,0.29193243
359,359,0,10,27,0.03058795,0.35829312,0.2851258
360,360,0,10,28,0.016380146,0.35770983,0.27331245
361,361,0,10,29,0.009200024,0.35850352,0.2638601
362,362,0,10,30,0.0062372712,0.3569795,0.25586724
363,363,0,10,31,0.0062429872,0.35698247,0.25588524
364,364,0,10,32,0.00625039,0.35698622,0.25590858
365,365,0,10,33,0.006231079,0.35697627,0.2558477
366,366,0,10,34,0.006231079,0.35697627,0.25584766
367,367,0,10,35,0.0062310756,0.35697627,0.2558477
368,368,0,10,36,0.006231079,0.35697627,0.2558477
369,369,0,11,0,0.6194222,0.12740241,0.11860791
370,370,0,11,1,0.6194222,0.12740244,0.11860791
371,371,0,11,2,0.6194222,0.12740241,0.118607886
372,372,0,11,3,0.6194222,0.12740241,0.118607886
373,373,0,11,4,0.93062943,0.006037058,0.00805475
374,374,0,11,5,0.891406,0.01386505,0.018026125
375,375,0,11,6,0.83701587,0.029143358,0.03609551
376,376,0,11,7,0.7603016,0.05915868,0.067702845
377,377,0,11,8,0.6588317,0.10942747,0.10728588
378,378,0,11,9,0.61987925,0.12721787,0.11849386
379,379,0,11,10,0.620229,0.1270767,0.118406564
380,380,0,11,11,0.0017880031,0.23172987,0.060538795
381,381,0,11,12,0.0017880031,0.23172987,0.060538795
382,382,0,11,13,0.0017880023,0.23172991,0.060538795
383,383,0,11,14,0.0017880031,0.23172991,0.060538795
384,384,0,11,15,0.40763357,0.19917768,0.13291785
385,385,0,11,16,0.07858575,0.27291757,0.13281108
386,386,0,11,17,0.020537756,0.2616548,0.10091865
387,387,0,11,18,0.0068079606,0.24841851,0.079692855
388,388,0,11,19,0.0024029433,0.23544237,0.06426355
389,389,0,11,20,0.0017920749,0.23175599,0.060565427
390,390,0,11,21,0.0017952371,0.23177622,0.060585987
391,391,0,12,0,0.99195224,0.00020609345,0.00019357607
392,392,0,12,1,0.98949707,0.00034057623,0.000304803
393,393,0,12,2,0.9843615,0.0007095639,0.00059273734
394,394,0,12,3,0.97693866,0.0014349007,0.0011248828
395,395,0,12,4,0.96741116,0.002771142,0.0020249593
396,396,0,12,5,0.96035725,0.0041992897,0.0029679085
397,397,0,12,6,0.96037483,0.0041952897,0.0029653048
398,398,0,12,7,0.9603971,0.004190193,0.0029619837
399,399,0,12,8,0.99195224,0.00020609345,0.00019357607
400,400,0,12,9,0.98980707,0.0003219137,0.0002896429
401,401,0,12,10,0.98479015,0.0006736892,0.00056554866
402,402,0,12,11,0.97760594,0.0013619991,0.0010725626
403,403,0,12,12,0.9681457,0.0026455955,0.0019435579
404,404,0,12,13,0.96033776,0.0042037447,0.002970812
405,405,0,12,14,0.96033776,0.0042037447,0.002970811
406,406,0,12,15,0.96033776,0.0042037447,0.0029708093
407,407,0,12,16,0.96033776,0.0042037447,0.002970811
408,408,0,12,17,0.9603182,0.00420691,0.0029730613
409,409,0,12,18,0.95667785,0.0048091616,0.0034020015
410,410,0,12,19,0.9343512,0.009109809,0.0064775413
411,411,0,12,20,0.8779023,0.023860272,0.017178971
412,412,0,12,21,0.7884789,0.058235656,0.04127597
413,413,0,12,22,0.63572437,0.1292596,0.08911358
414,414,0,12,23,0.38411847,0.20982166,0.14305283
415,415,0,12,24,0.22307819,0.24595584,0.1682736
416,416,0,12,25,0.16921797,0.2591032,0.17801191
417,417,0,12,26,0.16367792,0.26069185,0.17900252
418,418,0,12,27,0.16367787,0.2606919,0.17900255
419,419,0,12,28,0.16367786,0.26069185,0.17900252
420,420,0,12,29,0.1636779,0.26069182,0.17900252
421,421,0,12,30,0.81268054,0.050590053,0.03787767
422,422,0,12,31,0.6928541,0.1097587,0.07801912
423,423,0,12,32,0.4968742,0.18450582,0.12516855
424,424,0,12,33,0.3284378,0.23303516,0.15760837
425,425,0,12,34,0.19352396,0.25589797,0.17551318
426,426,0,12,35,0.1638672,0.26066348,0.17898895
427,427,0,12,36,0.16401516,0.26064137,0.17897838
428,428,0,12,37,0.16367783,0.26069185,0.17900255
429,429,0,12,38,0.16367784,0.2606919,0.17900255
430,430,0,12,39,0.16367786,0.26069185,0.17900252
431,431,0,12,40,0.1636779,0.26069182,0.17900252
432,432,0,13,0,0.9052272,0.015658394,0.013077085
433,433,0,13,1,0.9052272,0.015658394,0.013077085
434,434,0,13,2,0.9052272,0.015658394,0.013077085
435,435,0,13,3,0.9052272,0.015658394,0.013077078
436,436,0,13,4,0.9624633,0.002216046,0.0015639651
437,437,0,13,5,0.9475656,0.0042892057,0.003073793
438,438,0,13,6,0.9334181,0.0071496465,0.0053476826
439,439,0,13,7,0.9181879,0.011272455,0.008863497
440,440,0,13,8,0.5082369,0.25307697,0.23403393
441,441,0,13,9,0.5082369,0.25307697,0.23403393
442,442,0,13,10,0.5082369,0.253077,0.23403394
443,443,0,13,11,0.5082369,0.25307697,0.2340339
444,444,0,13,12,0.71331054,0.116646856,0.10836699
445,445,0,13,13,0.68014854,0.1408571,0.1321624
446,446,0,13,14,0.616372,0.19003125,0.18064477
447,447,0,13,15,0.579753,0.22056115,0.2115083
448,448,0,13,16,0.547097,0.24309754,0.23057124
449,449,0,13,17,0.50830626,0.25306347,0.23403248
450,450,0,13,18,0.50837624,0.2530499,0.23403102
451,451,0,13,19,0.5084702,0.25303167,0.23402908
452,452,0,14,0,0.9558016,0.0016115829,0.0014301123
453,453,0,14,1,0.94114435,0.0026888535,0.0024015848
454,454,0,14,2,0.9175847,0.0054576853,0.00483425
455,455,0,14,3,0.900383,0.0099628875,0.009019521
456,456,0,14,4,0.8824232,0.017806899,0.016483475
457,457,0,14,5,0.87296677,0.023974176,0.022645783
458,458,0,14,6,0.87299347,0.02395831,0.02262913
459,459,0,14,7,0.8730277,0.023937926,0.022607785
460,460,0,14,8,0.87293714,0.023991773,0.02266424
461,461,0,14,9,0.9558016,0.0016115837,0.0014301123
462,462,0,14,10,0.941093,0.0026932312,0.0024054996
463,463,0,14,11,0.9175416,0.0054650665,0.004840476
464,464,0,14,12,0.9002656,0.010002718,0.009057177
465,465,0,14,13,0.8823118,0.017877616,0.016550306
466,466,0,14,14,0.87293714,0.023991773,0.022664234
467,467,0,14,15,0.87293714,0.023991773,0.02266424
468,468,0,14,16,0.87293714,0.023991773,0.022664245
469,469,0,14,17,0.87293714,0.023991773,0.022664245
470,470,0,14,18,0.87291014,0.024000976,0.022673815
471,471,0,14,19,0.86249167,0.027702408,0.026537927
472,472,0,14,20,0.8268633,0.041887157,0.04182543
473,473,0,14,21,0.7535594,0.07564732,0.08078931
474,474,0,14,22,0.5869961,0.20495896,0.22572759
475,475,0,14,23,0.20485465,0.36624476,0.39543614
476,476,0,14,24,0.07277396,0.40656984,0.43448108
477,477,0,14,25,0.04066276,0.41394866,0.43785635
478,478,0,14,26,0.030494137,0.41538218,0.43618596
479,479,0,14,27,0.029301366,0.41559184,0.43597487
480,480,0,14,28,0.029301366,0.41559184,0.43597487
481,481,0,14,29,0.029301366,0.41559184,0.43597487
482,482,0,14,30,0.02930136,0.41559184,0.43597487
483,483,0,14,31,0.6351761,0.16370346,0.16980061
484,484,0,14,32,0.30038798,0.31402823,0.334406
485,485,0,14,33,0.12802918,0.38956416,0.42004558
486,486,0,14,34,0.064984925,0.41130424,0.44007483
487,487,0,14,35,0.033742376,0.41618177,0.4389508
488,488,0,14,36,0.029347412,0.41560122,0.4360111
489,489,0,14,37,0.029382408,0.4156083,0.43603858
490,490,0,14,38,0.029301366,0.41559184,0.43597487
491,491,0,14,39,0.02930136,0.41559184,0.43597487
492,492,0,14,40,0.02930136,0.41559184,0.43597487
493,493,0,14,41,0.029301366,0.41559184,0.43597487
494,494,0,15,0,0.8328211,0.015581161,0.0130589735
495,495,0,15,1,0.9164262,0.002160408,0.001882005
496,496,0,15,2,0.95189196,0.0006270563,0.00050359115
497,497,0,15,3,0.93065494,0.0014156853,0.0011981558
498,498,0,15,4,0.90320104,0.0030466616,0.0027224645
499,499,0,15,5,0.8764791,0.0067135477,0.0057773176
500,500,0,15,6,0.8419609,0.013425867,0.011347604
501,501,0,15,7,0.83291113,0.015558878,0.013041568
502,502,0,15,8,0.83298016,0.0155418385,0.013028257
503,503,0,15,9,0.2158077,0.2599912,0.13527282
504,504,0,15,10,0.2158077,0.25999117,0.13527279
505,505,0,15,11,0.2158077,0.2599912,0.13527279
506,506,0,15,12,0.2158077,0.25999117,0.13527279
507,507,0,15,13,0.71175075,0.06723458,0.044689257
508,508,0,15,14,0.63935727,0.09652682,0.061680928
509,509,0,15,15,0.4566128,0.1789738,0.10294736
510,510,0,15,16,0.3466532,0.22676599,0.122786775
511,511,0,15,17,0.2701696,0.24741723,0.1308111
512,512,0,15,18,0.21590996,0.2599736,0.13526902
513,513,0,15,19,0.21600954,0.25995648,0.13526535
514,514,0,15,20,0.21614161,0.2599338,0.13526045
515,515,0,16,0,0.92928165,0.005080647,0.0037695034
516,516,0,16,1,0.90526515,0.008680715,0.00634645
517,517,0,16,2,0.85018164,0.020269178,0.01444177
518,518,0,16,3,0.7617289,0.047051113,0.03167021
519,519,0,16,4,0.6321084,0.09217894,0.057320885
520,520,0,16,5,0.54334486,0.12485381,0.074271865
521,521,0,16,6,0.54334486,0.12485381,0.07427188
522,522,0,16,7,0.54334486,0.12485381,0.07427188
523,523,0,16,8,0.5433448,0.12485383,0.07427188
524,524,0,16,9,0.5433449,0.1248538,0.07427188
525,525,0,16,10,0.54334486,0.12485381,0.07427188
526,526,0,16,11,0.54334486,0.12485381,0.07427188
527,527,0,16,12,0.54334486,0.12485381,0.07427188
528,528,0,16,13,0.54334486,0.12485383,0.07427188
529,529,0,16,14,0.54334486,0.12485381,0.07427188
530,530,0,16,15,0.54334486,0.1248538,0.074271865
531,531,0,16,16,0.54334486,0.12485383,0.074271865
532,532,0,16,17,0.5433449,0.1248538,0.074271865
533,533,0,17,0,0.8447365,0.0029535268,0.0031624022
534,534,0,17,1,0.7972577,0.0065132612,0.0066717495
535,535,0,17,2,0.74562675,0.012238249,0.0120342905
536,536,0,17,3,0.7021449,0.0178409,0.01739895
537,537,0,17,4,0.6651835,0.02093931,0.02159693
538,538,0,17,5,0.6492218,0.021613095,0.022536306
539,539,0,17,6,0.6492218,0.02161309,0.022536306
540,540,0,17,7,0.6492218,0.021613095,0.022536306
541,541,0,17,8,0.6492218,0.021613095,0.022536306
542,542,0,17,9,0.6492218,0.0216131,0.022536311
543,543,0,17,10,0.6492218,0.021613095,0.022536306
544,544,0,17,11,0.6492218,0.02161309,0.022536306
545,545,0,17,12,0.6492217,0.0216131,0.022536311
546,546,0,17,13,0.6492217,0.021613095,0.022536306
547,547,0,17,14,0.6492218,0.0216131,0.022536311
548,548,0,17,15,0.6492218,0.021613095,0.022536311
549,549,0,17,16,0.6492217,0.021613095,0.022536311
550,550,0,17,17,0.6492218,0.0216131,0.022536311
551,551,0,18,0,0.95880926,0.00931051,0.0053878673
552,552,0,18,1,0.94349134,0.014449325,0.008639565
553,553,0,18,2,0.91037345,0.026911449,0.016719459
554,554,0,18,3,0.8716098,0.04560007,0.02964101
555,555,0,18,4,0.8401905,0.06293629,0.04391845
556,556,0,18,5,0.82177377,0.071921624,0.051543105
557,557,0,18,6,0.82177377,0.071921624,0.051543105
558,558,0,18,7,0.82177377,0.0719216,0.051543105
559,559,0,18,8,0.82177377,0.0719216,0.051543094
560,560,0,18,9,0.82177365,0.07192164,0.05154314
561,561,0,18,10,0.82177365,0.07192164,0.05154314
562,562,0,18,11,0.82177377,0.0719216,0.051543105
563,563,0,18,12,0.82177377,0.071921624,0.051543113
564,564,0,18,13,0.82177377,0.071921624,0.051543113
565,565,0,18,14,0.82177377,0.071921624,0.051543113
566,566,0,18,15,0.82177377,0.0719216,0.051543094
567,567,0,19,0,0.92514926,0.006510852,0.0050491397
568,568,0,19,1,0.8782849,0.014921075,0.011866444
569,569,0,19,2,0.8197982,0.03108022,0.025732905
570,570,0,19,3,0.7385438,0.062380023,0.054853138
571,571,0,19,4,0.6155594,0.10448558,0.09416194
572,572,0,19,5,0.5911209,0.112281784,0.100033134
573,573,0,19,6,0.5911209,0.11228181,0.100033134
574,574,0,19,7,0.5911209,0.11228181,0.100033134
575,575,0,19,8,0.5911209,0.11228181,0.100033134
576,576,0,19,9,0.5911209,0.112281784,0.100033134
577,577,0,19,10,0.5911209,0.112281784,0.10003315
578,578,0,19,11,0.5911209,0.112281784,0.10003311
579,579,0,19,12,0.5911209,0.11228181,0.10003315
580,580,0,19,13,0.5911209,0.11228181,0.10003315
581,581,0,19,14,0.5911209,0.11228181,0.10003315
582,582,0,19,15,0.59112096,0.112281784,0.100033134
583,583,0,19,16,0.59112084,0.112281784,0.100033134
584,584,0,19,17,0.5911209,0.112281784,0.10003308
585,585,0,20,0,0.9580783,0.015486247,0.008289164
586,586,0,20,1,0.94333696,0.023540419,0.013435875
587,587,0,20,2,0.9136277,0.042297523,0.0268619
588,588,0,20,3,0.8811897,0.062358856,0.043612495
589,589,0,20,4,0.849692,0.080605395,0.060649388
590,590,0,20,5,0.82739335,0.095016494,0.07330231
591,591,0,20,6,0.82739335,0.095016494,0.07330231
592,592,0,20,7,0.82739335,0.095016494,0.0733023
593,593,0,20,8,0.82739335,0.09501652,0.07330233
594,594,0,20,9,0.82739335,0.095016494,0.07330234
595,595,0,20,10,0.82739335,0.095016494,0.07330233
596,596,0,20,11,0.82739335,0.095016494,0.07330231
597,597,0,20,12,0.82739335,0.095016494,0.07330231
598,598,0,20,13,0.8273933,0.095016494,0.07330234
599,599,0,20,14,0.8273933,0.095016494,0.07330231
600,600,0,20,15,0.82739335,0.095016494,0.07330233
601,601,0,20,16,0.82739335,0.09501652,0.07330233
602,602,0,20,17,0.82739335,0.095016494,0.07330231
603,603,0,21,0,0.86870515,0.0050312034,0.004477336
604,604,0,21,1,0.8153136,0.010162931,0.008688495
605,605,0,21,2,0.7524155,0.018979998,0.01263225
606,606,0,21,3,0.66526425,0.031226711,0.016693626
607,607,0,21,4,0.54650337,0.043920923,0.019246047
608,608,0,21,5,0.51069087,0.04744281,0.019866243
609,609,0,21,6,0.51069087,0.047442794,0.019866243
610,610,0,21,7,0.51069087,0.04744281,0.019866249
611,611,0,21,8,0.51069087,0.047442794,0.019866243
612,612,0,21,9,0.5106908,0.047442794,0.019866243
613,613,0,21,10,0.5106909,0.04744281,0.019866249
614,614,0,21,11,0.51069087,0.047442794,0.019866249
615,615,0,21,12,0.51069087,0.04744281,0.019866243
616,616,0,21,13,0.51069087,0.047442794,0.019866243
617,617,0,21,14,0.51069087,0.04744282,0.019866249
618,618,0,21,15,0.51069087,0.04744281,0.019866249
619,619,0,21,16,0.51069087,0.04744281,0.019866249
620,620,0,21,17,0.51069087,0.04744282,0.019866249
621,621,0,22,0,0.9177128,0.0073996577,0.005783231
622,622,0,22,1,0.89139724,0.0125646535,0.009668746
623,623,0,22,2,0.84293413,0.024715925,0.019271601
624,624,0,22,3,0.7777033,0.043564405,0.03568582
625,625,0,22,4,0.6972576,0.06717744,0.06023596
626,626,0,22,5,0.66733706,0.07404536,0.068433896
627,627,0,22,6,0.66733706,0.07404536,0.068433896
628,628,0,22,7,0.667337,0.07404533,0.06843385
629,629,0,22,8,0.66733706,0.07404533,0.068433896
630,630,0,22,9,0.66733706,0.0740454,0.068433896
631,631,0,22,10,0.66733706,0.07404533,0.06843387
632,632,0,22,11,0.66733706,0.0740454,0.068433896
633,633,0,22,12,0.667337,0.07404536,0.06843387
634,634,0,22,13,0.66733706,0.0740454,0.06843388
635,635,0,22,14,0.66733706,0.07404536,0.06843388
636,636,0,22,15,0.667337,0.07404533,0.068433896
637,637,0,22,16,0.66733706,0.0740454,0.068433896
638,638,0,22,17,0.66733706,0.0740454,0.068433896
639,639,0,23,0,0.8379399,0.0071773236,0.0058078878
640,640,0,23,1,0.77876824,0.014410543,0.011919941
641,641,0,23,2,0.7289236,0.025693156,0.021274181
642,642,0,23,3,0.6794248,0.041316792,0.033376582
643,643,0,23,4,0.6534711,0.051397327,0.040801518
644,644,0,23,5,0.6516204,0.051893175,0.040869053
645,645,0,23,6,0.65162045,0.051893175,0.040869065
646,646,0,23,7,0.6516205,0.051893175,0.040869065
647,647,0,23,8,0.6516204,0.05189319,0.040869042
648,648,0,23,9,0.6516205,0.05189319,0.040869053
649,649,0,23,10,0.6516205,0.05189319,0.040869053
650,650,0,23,11,0.65162045,0.051893175,0.040869053
651,651,0,23,12,0.6516205,0.05189319,0.040869035
652,652,0,23,13,0.65162045,0.051893175,0.040869053
653,653,0,23,14,0.6516205,0.05189319,0.040869035
654,654,0,23,15,0.65162045,0.051893175,0.040869035
655,655,0,23,16,0.6516204,0.051893175,0.040869053
656,0,1,0,0,0.9660562,0.00075204205,0.001525479
657,1,1,0,1,0.9560844,0.0013800676,0.0025815866
658,2,1,0,2,0.9396471,0.0030916343,0.0051238528
659,3,1,0,3,0.9254789,0.005831822,0.0086218305
660,4,1,0,4,0.91102886,0.010857207,0.014309584
661,5,1,0,5,0.8910378,0.015225312,0.018924702
662,6,1,0,6,0.8911093,0.015214784,0.01891418
663,7,1,0,7,0.8912634,0.015189883,0.018887687
664,8,1,0,8,0.89235175,0.014995227,0.01866758
665,9,1,0,9,0.8934118,0.014805649,0.018452547
666,10,1,0,10,0.8944342,0.01462278,0.018244445
667,11,1,0,11,0.8954202,0.014446365,0.018043064
668,12,1,0,12,0.89562935,0.014408953,0.01800028
669,13,1,0,13,0.89562935,0.014408953,0.01800028
670,14,1,0,14,0.8963785,0.014269943,0.017841209
671,15,1,0,15,0.8973276,0.014092683,0.017638199
672,16,1,0,16,0.8982581,0.013919366,0.01743924
673,17,1,0,17,0.89916176,0.013751287,0.017245678
674,18,1,0,18,0.8995832,0.0136723295,0.017153895
675,19,1,0,19,0.8995165,0.013683072,0.017164767
676,20,1,0,20,0.8998733,0.013615583,0.017085575
677,21,1,0,21,0.900695,0.013459643,0.016904386
678,22,1,0,22,0.9015314,0.013301383,0.01672065
679,23,1,0,23,0.9023762,0.013142535,0.016536426
680,24,1,0,24,0.90305966,0.013014694,0.016388306
681,25,1,0,25,0.90305966,0.013014688,0.016388297
682,26,1,0,26,0.90305966,0.013014694,0.016388297
683,27,1,0,27,0.90305966,0.013014694,0.016388297
684,28,1,0,28,0.96798706,0.0006889642,0.0014055195
685,29,1,0,29,0.9534059,0.0016930309,0.003048664
686,30,1,0,30,0.9395252,0.0034088418,0.0054724347
687,31,1,0,31,0.92681324,0.006403846,0.009143181
688,32,1,0,32,0.9102162,0.011595509,0.014869208
689,33,1,0,33,0.90314066,0.013001023,0.016374215
690,34,1,0,34,0.9032023,0.01299062,0.016363498
691,35,1,0,35,0.90287054,0.013053782,0.01643818
692,36,1,0,36,0.90205896,0.013206711,0.016616466
693,37,1,0,37,0.9012287,0.01336347,0.016798621
694,38,1,0,38,0.9003795,0.013524118,0.016984737
695,39,1,0,39,0.8996714,0.013658114,0.017139519
696,40,1,0,40,0.8996714,0.013658114,0.017139519
697,41,1,0,41,0.8995038,0.013689026,0.017175041
698,42,1,0,42,0.89856815,0.013862102,0.017373776
699,43,1,0,43,0.8976316,0.014036004,0.017573195
700,44,1,0,44,0.89666224,0.0142163895,0.01777944
701,45,1,0,45,0.89566016,0.014401199,0.017990077
702,46,1,0,46,0.8954982,0.0144279795,0.018019382
703,47,1,0,47,0.8954118,0.014440508,0.018031983
704,48,1,0,48,0.8944664,0.014607205,0.018220844
705,49,1,0,49,0.89341515,0.014794217,0.018433064
706,50,1,0,50,0.89238584,0.014978733,0.018642666
707,51,1,0,51,0.8913592,0.015164233,0.0188536
708,52,1,0,52,0.89095813,0.015237054,0.018936444
709,53,1,0,53,0.89095813,0.015237054,0.018936453
710,54,1,0,54,0.89095825,0.015237054,0.018936444
711,55,1,0,55,0.89095813,0.015237054,0.018936444
712,56,1,0,56,0.8857763,0.016195394,0.020022515
713,57,1,0,57,0.8423806,0.023350546,0.027932199
714,58,1,0,58,0.7244634,0.04503111,0.050549768
715,59,1,0,59,0.49233183,0.10537286,0.109853216
716,60,1,0,60,0.27137834,0.24062343,0.22182718
717,61,1,0,61,0.18802415,0.32679117,0.28171986
718,62,1,0,62,0.15071908,0.33828977,0.28202718
719,63,1,0,63,0.12647185,0.3441083,0.2817385
720,64,1,0,64,0.11880085,0.34568372,0.28147796
721,65,1,0,65,0.11880088,0.3456837,0.28147793
722,66,1,0,66,0.11880088,0.3456837,0.28147793
723,67,1,0,67,0.11880085,0.3456837,0.28147793
724,68,1,0,68,0.11880088,0.3456837,0.28147793
725,69,1,0,69,0.65429074,0.09797582,0.1030789
726,70,1,0,70,0.4758549,0.15051867,0.14715892
727,71,1,0,71,0.28910074,0.24664107,0.22526713
728,72,1,0,72,0.15958796,0.33462003,0.28023526
729,73,1,0,73,0.11891019,0.34565884,0.28147677
730,74,1,0,74,0.11901151,0.34563577,0.2814757
731,75,1,0,75,0.11914836,0.3456049,0.28147492
732,76,1,0,76,0.11975642,0.34548,0.28151155
733,77,1,0,77,0.12033057,0.34536326,0.28154835
734,78,1,0,78,0.12087086,0.34525454,0.28158522
735,79,1,0,79,0.12138224,0.34515283,0.2816226
736,80,1,0,80,0.12151236,0.3451271,0.28163242
737,81,1,0,81,0.12151236,0.3451271,0.28163242
738,82,1,0,82,0.12188592,0.3450534,0.2816606
739,83,1,0,83,0.12240026,0.34495232,0.28169927
740,84,1,0,84,0.122899175,0.34485495,0.28173807
741,85,1,0,85,0.1233683,0.3447647,0.2817774
742,86,1,0,86,0.123568796,0.34472775,0.2817995
743,87,1,0,87,0.12345082,0.3447537,0.2818007
744,88,1,0,88,0.123953216,0.34462985,0.28183413
745,89,1,0,89,0.12442367,0.34449548,0.28183448
746,90,1,0,90,0.12493018,0.34435233,0.281834
747,91,1,0,91,0.1253891,0.34422377,0.28183302
748,92,1,0,92,0.12538908,0.34422377,0.28183302
749,93,1,0,93,0.12538908,0.34422377,0.28183302
750,94,1,0,94,0.12538908,0.34422377,0.28183302
751,95,1,0,95,0.49648073,0.14407696,0.14195491
752,96,1,0,96,0.29669803,0.24033691,0.22121574
753,97,1,0,97,0.21771741,0.31046063,0.2691203
754,98,1,0,98,0.16334374,0.3330593,0.27997842
755,99,1,0,99,0.1255078,0.34419373,0.2818301
756,100,1,0,100,0.12561469,0.34416667,0.28182745
757,101,1,0,101,0.12571608,0.34414187,0.28182423
758,102,1,0,102,0.12528536,0.34426513,0.28182274
759,103,1,0,103,0.12482281,0.3443968,0.28182212
760,104,1,0,104,0.12432989,0.34453627,0.2818214
761,105,1,0,105,0.12382952,0.3446714,0.28180492
762,106,1,0,106,0.1237217,0.3446942,0.28179795
763,107,1,0,107,0.1237217,0.3446942,0.28179795
764,108,1,0,108,0.12331784,0.34477282,0.28176787
765,109,1,0,109,0.12280004,0.34487396,0.28172922
766,110,1,0,110,0.12226569,0.3449792,0.28169075
767,111,1,0,111,0.12170046,0.34509176,0.28165266
768,112,1,0,112,0.121357344,0.34516168,0.28163403
769,113,1,0,113,0.12123973,0.345188,0.28163525
770,114,1,0,114,0.12087095,0.34526443,0.28161857
771,115,1,0,115,0.12027895,0.34538472,0.28158212
772,116,1,0,116,0.11972145,0.34549782,0.2815453
773,117,1,0,117,0.11919802,0.34560364,0.2815081
774,118,1,0,118,0.11880085,0.3456837,0.28147796
775,119,1,0,119,0.11880085,0.3456837,0.28147793
776,120,1,0,120,0.11880085,0.34568372,0.28147793
777,121,1,0,121,0.11880088,0.3456837,0.28147793
778,122,1,1,0,0.9544226,0.00095373613,0.0010261994
779,123,1,1,1,0.93842757,0.0017760254,0.0018764285
780,124,1,1,2,0.9031157,0.004509247,0.004698642
781,125,1,1,3,0.8532432,0.010843808,0.01160255
782,126,1,1,4,0.802933,0.02324292,0.02625909
783,127,1,1,5,0.7805182,0.031554785,0.037161157
784,128,1,1,6,0.78058904,0.03153406,0.0371326
785,129,1,1,7,0.78071094,0.03150276,0.037088703
786,130,1,1,8,0.781271,0.031405758,0.036944076
787,131,1,1,9,0.7818069,0.031315655,0.036809172
788,132,1,1,10,0.7823188,0.031232467,0.036683876
789,133,1,1,11,0.782807,0.03115604,0.03656803
790,134,1,1,12,0.78290796,0.031140508,0.036544394
791,135,1,1,13,0.782908,0.0311405,0.036544386
792,136,1,1,14,0.78329146,0.031081546,0.036454797
793,137,1,1,15,0.7837829,0.031006057,0.036340095
794,138,1,1,16,0.7842608,0.030934358,0.036230735
795,139,1,1,17,0.78471565,0.030869313,0.03613057
796,140,1,1,18,0.7849051,0.030848026,0.036095906
797,141,1,1,19,0.78482616,0.030870965,0.036127347
798,142,1,1,20,0.7849677,0.030861245,0.036108937
799,143,1,1,21,0.7853751,0.03080784,0.036025178
800,144,1,1,22,0.7858045,0.03074801,0.035932682
801,145,1,1,23,0.786256,0.030681813,0.03583153
802,146,1,1,24,0.7866026,0.030624392,0.035744306
803,147,1,1,25,0.7866026,0.030624384,0.035744317
804,148,1,1,26,0.7866026,0.030624384,0.0357443
805,149,1,1,27,0.78660256,0.030624384,0.035744306
806,150,1,1,28,0.9537334,0.0009928572,0.0010640597
807,151,1,1,29,0.9269665,0.0025654803,0.0026759338
808,152,1,1,30,0.8846309,0.006401822,0.0066792434
809,153,1,1,31,0.8341692,0.015081203,0.016297676
810,154,1,1,32,0.7939433,0.027649611,0.031751793
811,155,1,1,33,0.78667426,0.030594584,0.0357033
812,156,1,1,34,0.7867289,0.030571867,0.035672072
813,157,1,1,35,0.7865906,0.030580672,0.035689037
814,158,1,1,36,0.7862133,0.03063404,0.035772793
815,159,1,1,37,0.7858206,0.030693833,0.03586544
816,160,1,1,38,0.7853887,0.030760042,0.0359668
817,161,1,1,39,0.785009,0.03081785,0.036054548
818,162,1,1,40,0.78500897,0.03081785,0.036054555
819,163,1,1,41,0.78491914,0.030831642,0.036075443
820,164,1,1,42,0.78442955,0.030906767,0.03618938
821,165,1,1,43,0.7839366,0.030982744,0.0363046
822,166,1,1,44,0.78342414,0.031064456,0.036427803
823,167,1,1,45,0.78288865,0.03115282,0.036560252
824,168,1,1,46,0.78277385,0.031179594,0.036598127
825,169,1,1,47,0.7826862,0.03120516,0.03663331
826,170,1,1,48,0.78218126,0.031294003,0.03676509
827,171,1,1,49,0.78164375,0.031384952,0.03690106
828,172,1,1,50,0.7811271,0.03146968,0.037028622
829,173,1,1,51,0.78063124,0.031548165,0.037147738
830,174,1,1,52,0.78043944,0.031577833,0.037192974
831,175,1,1,53,0.78043944,0.031577826,0.037192967
832,176,1,1,54,0.78043944,0.031577848,0.037192978
833,177,1,1,55,0.78043944,0.031577833,0.037192974
834,178,1,1,56,0.7728336,0.033548757,0.039570484
835,179,1,1,57,0.72183615,0.049337346,0.057508036
836,180,1,1,58,0.6060935,0.09124857,0.100799784
837,181,1,1,59,0.4278883,0.15588717,0.15161332
838,182,1,1,60,0.26432684,0.24547014,0.19787376
839,183,1,1,61,0.15596616,0.2964701,0.22108811
840,184,1,1,62,0.096045546,0.3086456,0.22170447
841,185,1,1,63,0.071424544,0.3086628,0.2173941
842,186,1,1,64,0.06501494,0.3085006,0.21611239
843,187,1,1,65,0.06501493,0.3085006,0.21611236
844,188,1,1,66,0.06501492,0.30850056,0.21611235
845,189,1,1,67,0.06501493,0.3085006,0.21611239
846,190,1,1,68,0.06501492,0.30850056,0.21611235
847,191,1,1,69,0.64229184,0.11601928,0.11586575
848,192,1,1,70,0.5162444,0.179654,0.17116931
849,193,1,1,71,0.28245625,0.26766044,0.2184059
850,194,1,1,72,0.15004332,0.30404362,0.22660507
851,195,1,1,73,0.090605885,0.30918512,0.22055112
852,196,1,1,74,0.065064676,0.30851105,0.21612312
853,197,1,1,75,0.065110356,0.30852062,0.21613301
854,198,1,1,76,0.06517305,0.30853492,0.21614788
855,199,1,1,77,0.06543235,0.30865178,0.21627587
856,200,1,1,78,0.06567743,0.30876544,0.21640055
857,201,1,1,79,0.06590819,0.30887592,0.21652192
858,202,1,1,80,0.06612612,0.30898157,0.21663898
859,203,1,1,81,0.06618205,0.30900747,0.21666826
860,204,1,1,82,0.06618206,0.30900747,0.21666826
861,205,1,1,83,0.06634495,0.30908275,0.21675335
862,206,1,1,84,0.06656827,0.30918577,0.21686973
863,207,1,1,85,0.066783905,0.30928767,0.21698475
864,208,1,1,86,0.06698395,0.30938736,0.2170972
865,209,1,1,87,0.06706733,0.30943868,0.21715479
866,210,1,1,88,0.067010626,0.30943105,0.21714562
867,211,1,1,89,0.06704138,0.30946591,0.21718444
868,212,1,1,90,0.0672106,0.30955923,0.21728948
869,213,1,1,91,0.06739665,0.3096548,0.21739724
870,214,1,1,92,0.06760143,0.3097544,0.21751557
871,215,1,1,93,0.06779189,0.30984432,0.2176358
872,216,1,1,94,0.06779191,0.30984432,0.2176358
873,217,1,1,95,0.06779191,0.30984434,0.2176358
874,218,1,1,96,0.06779191,0.30984437,0.2176358
875,219,1,1,97,0.6467493,0.11388369,0.11354298
876,220,1,1,98,0.42013985,0.21777564,0.19683321
877,221,1,1,99,0.21710214,0.28825238,0.2253448
878,222,1,1,100,0.12533778,0.30782655,0.22502616
879,223,1,1,101,0.07781608,0.3107223,0.22018273
880,224,1,1,102,0.06786899,0.30985743,0.2176633
881,225,1,1,103,0.06792896,0.3098676,0.2176847
882,226,1,1,104,0.067900576,0.3098341,0.21764858
883,227,1,1,105,0.067724854,0.30973637,0.21752436
884,228,1,1,106,0.067325436,0.30953363,0.21726286
885,229,1,1,107,0.06714082,0.30944854,0.21716666
886,230,1,1,108,0.06714083,0.30944854,0.21716666
887,231,1,1,109,0.06711012,0.30943447,0.21715079
888,232,1,1,110,0.06688509,0.30933142,0.2170343
889,233,1,1,111,0.066659406,0.30922818,0.2169176
890,234,1,1,112,0.06642114,0.30912322,0.21679889
891,235,1,1,113,0.06616782,0.30901614,0.21667762
892,236,1,1,114,0.06609127,0.30899242,0.21665151
893,237,1,1,115,0.06603306,0.30898035,0.21663907
894,238,1,1,116,0.065803416,0.30888033,0.21652961
895,239,1,1,117,0.065556,0.30876648,0.21640475
896,240,1,1,118,0.065323904,0.3086556,0.21628293
897,241,1,1,119,0.06510709,0.3085477,0.21616425
898,242,1,1,120,0.06501493,0.3085006,0.21611236
899,243,1,1,121,0.06501492,0.3085006,0.21611235
900,244,1,1,122,0.06501493,0.3085006,0.21611236
901,245,1,1,123,0.065014906,0.30850056,0.21611232
902,246,1,2,0,0.98669994,0.00025838206,0.00018518795
903,247,1,2,1,0.9831224,0.0004197637,0.00029727377
904,248,1,2,2,0.9757734,0.000864773,0.0006078807
905,249,1,2,3,0.9680039,0.0015590013,0.0010956676
906,250,1,2,4,0.9575255,0.002794119,0.0019543115
907,251,1,2,5,0.94758093,0.0041493378,0.0029008314
908,252,1,2,6,0.9476081,0.00414534,0.0028980386
909,253,1,2,7,0.94765824,0.004138442,0.0028931922
910,254,1,2,8,0.947929,0.0041061486,0.0028702645
911,255,1,2,9,0.94818974,0.004075397,0.0028484166
912,256,1,2,10,0.94844025,0.0040461477,0.0028276248
913,257,1,2,11,0.94868094,0.0040183747,0.002807873
914,258,1,2,12,0.9487312,0.0040126042,0.0028037678
915,259,1,2,13,0.9487312,0.0040126042,0.0028037678
916,260,1,2,14,0.9489202,0.0039909417,0.0027883544
917,261,1,2,15,0.9491623,0.0039632563,0.0027686635
918,262,1,2,16,0.9493984,0.003936448,0.0027495904
919,263,1,2,17,0.9496252,0.003911034,0.0027314865
920,264,1,2,18,0.9497245,0.0039003803,0.0027238762
921,265,1,2,19,0.94969505,0.0039046358,0.0027268454
922,266,1,2,20,0.94977397,0.0038966706,0.002721125
923,267,1,2,21,0.9499802,0.0038740197,0.0027049773
924,268,1,2,22,0.95019656,0.0038499339,0.0026878293
925,269,1,2,23,0.95042855,0.003823641,0.0026691456
926,270,1,2,24,0.9506298,0.0038004213,0.0026526735
927,271,1,2,25,0.9506565,0.0037966103,0.0026500141
928,272,1,2,26,0.95064515,0.00379689,0.0026502726
929,273,1,2,27,0.9504427,0.0038188868,0.0026659565
930,274,1,2,28,0.95023155,0.0038421627,0.0026825352
931,275,1,2,29,0.9500115,0.003866725,0.0027000166
932,276,1,2,30,0.9497829,0.0038925735,0.0027184011
933,277,1,2,31,0.9497634,0.0038947875,0.0027199697
934,278,1,2,32,0.9497634,0.0038947894,0.0027199697
935,279,1,2,33,0.9495465,0.0039194394,0.002737499
936,280,1,2,34,0.949306,0.0039468445,0.0027569905
937,281,1,2,35,0.949059,0.003975246,0.0027771797
938,282,1,2,36,0.9488024,0.004005063,0.0027983645
939,283,1,2,37,0.94868827,0.0040188637,0.0028081376
940,284,1,2,38,0.94865704,0.004023403,0.002811312
941,285,1,2,39,0.94847995,0.004044791,0.0028264672
942,286,1,2,40,0.9482177,0.00407577,0.0028484655
943,287,1,2,41,0.9479626,0.00410577,0.0028697827
944,288,1,2,42,0.94771445,0.0041347668,0.0028904038
945,289,1,2,43,0.94755083,0.0041537853,0.002903942
946,290,1,2,44,0.94755083,0.0041537834,0.0029039404
947,291,1,2,45,0.94755083,0.0041537853,0.002903942
948,292,1,2,46,0.94755083,0.0041537853,0.002903942
949,293,1,2,47,0.9468891,0.004231903,0.0029590856
950,294,1,2,48,0.93579745,0.005613757,0.0039369087
951,295,1,2,49,0.90280205,0.010346818,0.0073992033
952,296,1,2,50,0.8167054,0.030195227,0.02233633
953,297,1,2,51,0.6667288,0.11033501,0.08449067
954,298,1,2,52,0.4684019,0.24142475,0.17973325
955,299,1,2,53,0.39061722,0.26548865,0.18946597
956,300,1,2,54,0.35580012,0.27683768,0.19514136
957,301,1,2,55,0.34175125,0.28173712,0.19773649
958,302,1,2,56,0.34116238,0.28195328,0.19785544
959,303,1,2,57,0.34116238,0.2819533,0.19785544
960,304,1,2,58,0.34116238,0.28195328,0.19785544
961,305,1,2,59,0.34116235,0.2819533,0.19785544
962,306,1,2,60,0.3411647,0.28195268,0.1978553
963,307,1,2,61,0.34118456,0.28194737,0.19785401
964,308,1,2,62,0.34122473,0.2819366,0.1978514
965,309,1,2,63,0.34128523,0.28192037,0.19784747
966,310,1,2,64,0.34136534,0.28189895,0.19784226
967,311,1,2,65,0.3417118,0.2817444,0.19774172
968,312,1,2,66,0.3420689,0.28158012,0.19763173
969,313,1,2,67,0.3424054,0.28142157,0.19752325
970,314,1,2,68,0.34272128,0.28126866,0.19741626
971,315,1,2,69,0.3428366,0.28121194,0.197376
972,316,1,2,70,0.3428366,0.28121194,0.19737606
973,317,1,2,71,0.34302798,0.28111777,0.19730921
974,318,1,2,72,0.34334126,0.28096375,0.1972
975,319,1,2,73,0.3436464,0.28081203,0.19709131
976,320,1,2,74,0.3439313,0.28066576,0.19698404
977,321,1,2,75,0.3440929,0.28057548,0.19691396
978,322,1,2,76,0.3440237,0.2805939,0.19691841
979,323,1,2,77,0.34403774,0.28056866,0.19689035
980,324,1,2,78,0.3442771,0.28043672,0.19678877
981,325,1,2,79,0.34454113,0.28029823,0.19668554
982,326,1,2,80,0.344845,0.28014907,0.19657964
983,327,1,2,81,0.34517947,0.279994,0.19647445
984,328,1,2,82,0.34524295,0.27997714,0.19647038
985,329,1,2,83,0.34531674,0.27995938,0.1964679
986,330,1,2,84,0.34508112,0.28009048,0.19656958
987,331,1,2,85,0.3448256,0.28022686,0.19667247
988,332,1,2,86,0.34455004,0.28036845,0.19677661
989,333,1,2,87,0.3442546,0.28051534,0.19688192
990,334,1,2,88,0.34417835,0.28055277,0.19690844
991,335,1,2,89,0.34417835,0.28055277,0.19690844
992,336,1,2,90,0.34394634,0.28066662,0.1969892
993,337,1,2,91,0.3436328,0.28082055,0.19709836
994,338,1,2,92,0.34330875,0.28097734,0.19720826
995,339,1,2,93,0.34296477,0.28113952,0.19731943
996,340,1,2,94,0.34274364,0.28123677,0.19738202
997,341,1,2,95,0.34267202,0.28125587,0.19738667
998,342,1,2,96,0.34245652,0.28134376,0.19743894
999,343,1,2,97,0.34209132,0.28150973,0.19754897
1000,344,1,2,98,0.34179103,0.2816494,0.19764341
1001,345,1,2,99,0.34142107,0.2818262,0.19776565
1002,346,1,2,100,0.34116235,0.28195328,0.19785544
1003,347,1,2,101,0.34116235,0.28195328,0.19785544
1004,348,1,2,102,0.34116235,0.28195328,0.19785544
1005,349,1,2,103,0.34116235,0.28195328,0.19785544
1006,350,1,3,0,0.96591336,0.0012312809,0.0018689655
1007,351,1,3,1,0.95780265,0.0018279378,0.0027037761
1008,352,1,3,2,0.94522256,0.0030077642,0.0042561567
1009,353,1,3,3,0.93541604,0.004247732,0.0057709855
1010,354,1,3,4,0.9309216,0.005069265,0.0066472874
1011,355,1,3,5,0.92848647,0.005591261,0.007053982
1012,356,1,3,6,0.928494,0.0055896705,0.007052847
1013,357,1,3,7,0.92851937,0.005585056,0.0070488313
1014,358,1,3,8,0.92878574,0.0055414806,0.0070061404
1015,359,1,3,9,0.9290497,0.0054985937,0.0069639203
1016,360,1,3,10,0.9293088,0.005456782,0.0069225607
1017,361,1,3,11,0.92956436,0.0054158256,0.0068818475
1018,362,1,3,12,0.9296177,0.005407305,0.0068733566
1019,363,1,3,13,0.9296177,0.005407305,0.0068733566
1020,364,1,3,14,0.9298215,0.005374834,0.0068409713
1021,365,1,3,15,0.93008196,0.005333497,0.0067996923
1022,366,1,3,16,0.9303388,0.00529296,0.0067590573
1023,367,1,3,17,0.93059486,0.0052528232,0.0067186407
1024,368,1,3,18,0.9307184,0.0052337176,0.006699134
1025,369,1,3,19,0.93071026,0.005235396,0.006700355
1026,370,1,3,20,0.93082213,0.005218313,0.006682689
1027,371,1,3,21,0.93106437,0.005180794,0.0066446024
1028,372,1,3,22,0.93130857,0.0051430305,0.0066063423
1029,373,1,3,23,0.9315544,0.0051050317,0.0065679136
1030,374,1,3,24,0.93175244,0.005074468,0.006537053
1031,375,1,3,25,0.93175244,0.005074468,0.006537053
1032,376,1,3,26,0.93175244,0.005074468,0.006537056
1033,377,1,3,27,0.93175244,0.005074468,0.006537053
1034,378,1,3,28,0.9665523,0.0011805025,0.0018165999
1035,379,1,3,29,0.9544003,0.0020923524,0.0031048863
1036,380,1,3,30,0.9428362,0.0032563414,0.0046031307
1037,381,1,3,31,0.93603706,0.0042074886,0.0057541514
1038,382,1,3,32,0.9326033,0.004899269,0.0064069983
1039,383,1,3,33,0.931763,0.005072345,0.0065354984
1040,384,1,3,34,0.93177104,0.0050707236,0.0065343105
1041,385,1,3,35,0.93166304,0.0050869435,0.006551193
1042,386,1,3,36,0.93142146,0.005123972,0.0065889442
1043,387,1,3,37,0.93117726,0.0051616793,0.006627189
1044,388,1,3,38,0.9309313,0.005199895,0.0066657634
1045,389,1,3,39,0.93072915,0.0052315085,0.0066975313
1046,390,1,3,40,0.93072915,0.0052315085,0.0066975313
1047,391,1,3,41,0.9306828,0.0052387896,0.0067048385
1048,392,1,3,42,0.9304232,0.0052795904,0.0067457403
1049,393,1,3,43,0.93016374,0.0053205616,0.0067867367
1050,394,1,3,44,0.92990273,0.005362042,0.006828061
1051,395,1,3,45,0.9296374,0.0054045105,0.006870165
1052,396,1,3,46,0.9296037,0.0054102237,0.0068754633
1053,397,1,3,47,0.92959464,0.0054121385,0.0068768403
1054,398,1,3,48,0.9293616,0.005449825,0.006913882
1055,399,1,3,49,0.9290992,0.005492277,0.0069557186
1056,400,1,3,50,0.9288392,0.005534406,0.006997292
1057,401,1,3,51,0.9285804,0.0055764127,0.0070388187
1058,402,1,3,52,0.92847824,0.005593022,0.007055246
1059,403,1,3,53,0.92847824,0.005593022,0.007055246
1060,404,1,3,54,0.92847824,0.005593022,0.007055246
1061,405,1,3,55,0.92847824,0.005593022,0.007055246
1062,406,1,3,56,0.9260413,0.0059784767,0.007478231
1063,407,1,3,57,0.90974295,0.008909,0.010598548
1064,408,1,3,58,0.87090164,0.01843259,0.0199299
1065,409,1,3,59,0.7731548,0.048062738,0.047745228
1066,410,1,3,60,0.43385476,0.1361473,0.11478481
1067,411,1,3,61,0.18029329,0.17159897,0.14485604
1068,412,1,3,62,0.09694214,0.18162091,0.15539749
1069,413,1,3,63,0.06787956,0.18740687,0.16148748
1070,414,1,3,64,0.0605398,0.18937948,0.16352741
1071,415,1,3,65,0.0605398,0.18937948,0.16352741
1072,416,1,3,66,0.0605398,0.18937948,0.16352741
1073,417,1,3,67,0.0605398,0.18937947,0.16352741
1074,418,1,3,68,0.0605398,0.18937947,0.16352741
1075,419,1,3,69,0.7126238,0.08470516,0.084564246
1076,420,1,3,70,0.60185295,0.1277254,0.12197056
1077,421,1,3,71,0.31327173,0.2060342,0.18016398
1078,422,1,3,72,0.1665437,0.20417571,0.17619838
1079,423,1,3,73,0.09129595,0.19502178,0.16834043
1080,424,1,3,74,0.060609937,0.18939139,0.16353855
1081,425,1,3,75,0.06067484,0.18940239,0.1635489
1082,426,1,3,76,0.06075985,0.18941431,0.1635609
1083,427,1,3,77,0.06091131,0.18930878,0.16350657
1084,428,1,3,78,0.061042793,0.1891994,0.1634488
1085,429,1,3,79,0.061153825,0.18908615,0.16338754
1086,430,1,3,80,0.061232604,0.18897478,0.16332835
1087,431,1,3,81,0.061248284,0.18894659,0.16331364
1088,432,1,3,82,0.061248314,0.18894659,0.16331369
1089,433,1,3,83,0.061294246,0.18886402,0.16327065
1090,434,1,3,84,0.06135672,0.18875185,0.16321225
1091,435,1,3,85,0.061408203,0.1886377,0.1631522
1092,436,1,3,86,0.06143749,0.18852064,0.16308938
1093,437,1,3,87,0.06141633,0.18845057,0.16304985
1094,438,1,3,88,0.061338816,0.18843992,0.16304009
1095,439,1,3,89,0.061276883,0.18838014,0.1630041
1096,440,1,3,90,0.0612702,0.18826182,0.16293873
1097,441,1,3,91,0.06128565,0.18814649,0.16287614
1098,442,1,3,92,0.061323304,0.18803409,0.1628163
1099,443,1,3,93,0.061371744,0.18794093,0.16276753
1100,444,1,3,94,0.061371744,0.18794093,0.16276753
1101,445,1,3,95,0.061371744,0.18794093,0.16276753
1102,446,1,3,96,0.061371744,0.18794093,0.16276753
1103,447,1,3,97,0.7189121,0.081248544,0.081799194
1104,448,1,3,98,0.4953003,0.1546695,0.14389417
1105,449,1,3,99,0.24402876,0.20717774,0.17988145
1106,450,1,3,100,0.1313337,0.19892853,0.17214467
1107,451,1,3,101,0.07398696,0.18983148,0.16454098
1108,452,1,3,102,0.061471626,0.1879546,0.1627801
1109,453,1,3,103,0.0615499,0.1879653,0.16278996
1110,454,1,3,104,0.061612528,0.18802385,0.16282535
1111,455,1,3,105,0.06161925,0.18814266,0.16289094
1112,456,1,3,106,0.061603755,0.18825832,0.1629537
1113,457,1,3,107,0.06156602,0.18837081,0.1630136
1114,458,1,3,108,0.061517347,0.18846446,0.1630626
1115,459,1,3,109,0.061517347,0.18846443,0.1630626
1116,460,1,3,110,0.061508983,0.18847936,0.16307035
1117,461,1,3,111,0.06144577,0.18859242,0.16312924
1118,462,1,3,112,0.06138123,0.18870422,0.16318735
1119,463,1,3,113,0.061297707,0.18881452,0.16324368
1120,464,1,3,114,0.06119309,0.18892075,0.16329668
1121,465,1,3,115,0.06111895,0.1889287,0.16329727
1122,466,1,3,116,0.06103283,0.18891679,0.16328631
1123,467,1,3,117,0.060901657,0.18899763,0.16332397
1124,468,1,3,118,0.060781427,0.18909958,0.16337422
1125,469,1,3,119,0.060668338,0.18921098,0.16343422
1126,470,1,3,120,0.060575515,0.18932661,0.16349792
1127,471,1,3,121,0.0605398,0.18937948,0.16352741
1128,472,1,3,122,0.0605398,0.18937948,0.16352744
1129,473,1,3,123,0.0605398,0.18937948,0.16352741
1130,474,1,3,124,0.060539786,0.18937947,0.16352741
1131,475,1,4,0,0.9651383,0.0010387839,0.0014378005
1132,476,1,4,1,0.9553825,0.0018801776,0.0024558897
1133,477,1,4,2,0.93549716,0.004560937,0.0054745604
1134,478,1,4,3,0.91712457,0.009813792,0.010679782
1135,479,1,4,4,0.9183015,0.014601742,0.014494735
1136,480,1,4,5,0.9182954,0.018069945,0.017198246
1137,481,1,4,6,0.9183011,0.018059889,0.017189842
1138,482,1,4,7,0.9183616,0.01802864,0.017161284
1139,483,1,4,8,0.91917187,0.01774067,0.016883882
1140,484,1,4,9,0.91997117,0.017459301,0.016613403
1141,485,1,4,10,0.9207594,0.017184101,0.016349597
1142,486,1,4,11,0.92153776,0.016916579,0.01609277
1143,487,1,4,12,0.9217009,0.016860984,0.016039357
1144,488,1,4,13,0.9217009,0.016860984,0.016039357
1145,489,1,4,14,0.92231894,0.016650895,0.015837556
1146,490,1,4,15,0.92310536,0.016385155,0.01558233
1147,491,1,4,16,0.92387074,0.01612467,0.0153335165
1148,492,1,4,17,0.9246256,0.015871169,0.015091208
1149,493,1,4,18,0.9249997,0.015750218,0.0149749
1150,494,1,4,19,0.92499423,0.015760548,0.014983315
1151,495,1,4,20,0.9253394,0.015652992,0.014879242
1152,496,1,4,21,0.92605644,0.015418267,0.014654377
1153,497,1,4,22,0.9267696,0.015183914,0.014430311
1154,498,1,4,23,0.9274735,0.014951137,0.014208253
1155,499,1,4,24,0.92802674,0.014766763,0.014032737
1156,500,1,4,25,0.92802674,0.014766763,0.014032737
1157,501,1,4,26,0.92802674,0.014766763,0.014032737
1158,502,1,4,27,0.92802674,0.014766763,0.01403273
1159,503,1,4,28,0.96731544,0.000949736,0.0013100298
1160,504,1,4,29,0.95231426,0.0023475918,0.0029658927
1161,505,1,4,30,0.9327938,0.005541239,0.0064085405
1162,506,1,4,31,0.9255715,0.009743071,0.010197718
1163,507,1,4,32,0.9281383,0.013721789,0.013202294
1164,508,1,4,33,0.928031,0.014754759,0.014023077
1165,509,1,4,34,0.9280343,0.014745542,0.014015647
1166,510,1,4,35,0.9277127,0.014843568,0.014110482
1167,511,1,4,36,0.92702043,0.015068014,0.0143253235
1168,512,1,4,37,0.92631185,0.015300297,0.014547442
1169,513,1,4,38,0.9255923,0.015539483,0.014775832
1170,514,1,4,39,0.9250071,0.01573675,0.014963924
1171,515,1,4,40,0.9250071,0.01573675,0.014963924
1172,516,1,4,41,0.9248687,0.01578365,0.015008635
1173,517,1,4,42,0.9241131,0.01604056,0.015253555
1174,518,1,4,43,0.9233505,0.016301889,0.015502644
1175,519,1,4,44,0.92256784,0.016569253,0.01575867
1176,520,1,4,45,0.9217739,0.016843729,0.016021442
1177,521,1,4,46,0.92169064,0.016879506,0.016054511
1178,522,1,4,47,0.9216841,0.016891634,0.016064413
1179,523,1,4,48,0.9209898,0.017138384,0.016299816
1180,524,1,4,49,0.92020345,0.017416002,0.016565291
1181,525,1,4,50,0.91940933,0.017693004,0.016832102
1182,526,1,4,51,0.9186083,0.017970594,0.017100556
1183,527,1,4,52,0.91828895,0.018081138,0.01720759
1184,528,1,4,53,0.91828895,0.018081142,0.017207598
1185,529,1,4,54,0.91828895,0.018081138,0.01720759
1186,530,1,4,55,0.91828895,0.018081138,0.017207598
1187,531,1,4,56,0.91517407,0.019325236,0.01837338
1188,532,1,4,57,0.8867964,0.03236993,0.030544648
1189,533,1,4,58,0.7678506,0.08389154,0.07753597
1190,534,1,4,59,0.28282458,0.29791316,0.25952372
1191,535,1,4,60,0.09132697,0.38173696,0.33687034
1192,536,1,4,61,0.050051432,0.3945733,0.33276445
1193,537,1,4,62,0.030650588,0.40137592,0.3301549
1194,538,1,4,63,0.020856123,0.40197822,0.326781
1195,539,1,4,64,0.018431937,0.4013705,0.3251728
1196,540,1,4,65,0.018431937,0.4013705,0.3251728
1197,541,1,4,66,0.018431937,0.4013705,0.3251728
1198,542,1,4,67,0.018431937,0.4013705,0.3251728
1199,543,1,4,68,0.01843193,0.4013705,0.3251728
1200,544,1,4,69,0.67243373,0.114023,0.11066455
1201,545,1,4,70,0.4646619,0.21788289,0.1885339
1202,546,1,4,71,0.20139456,0.3181806,0.26745915
1203,547,1,4,72,0.082893774,0.36335674,0.2973857
1204,548,1,4,73,0.03406255,0.3926412,0.31911376
1205,549,1,4,74,0.018460618,0.40136182,0.3251692
1206,550,1,4,75,0.018486973,0.4013539,0.3251659
1207,551,1,4,76,0.018524919,0.4013464,0.32516685
1208,552,1,4,77,0.0187679,0.4014873,0.32544702
1209,553,1,4,78,0.019004947,0.4016306,0.32572803
1210,554,1,4,79,0.019235764,0.40177634,0.32600987
1211,555,1,4,80,0.0194601,0.40192437,0.32629246
1212,556,1,4,81,0.01951739,0.40196294,0.32636565
1213,557,1,4,82,0.019517396,0.40196294,0.32636565
1214,558,1,4,83,0.019685486,0.4020755,0.32657915
1215,559,1,4,84,0.01991746,0.40222922,0.326871
1216,560,1,4,85,0.020147141,0.40238366,0.32716691
1217,561,1,4,86,0.020369751,0.40253884,0.32747346
1218,562,1,4,87,0.020477578,0.40262878,0.32764283
1219,563,1,4,88,0.020444639,0.4026383,0.32764393
1220,564,1,4,89,0.02050848,0.40271294,0.32777473
1221,565,1,4,90,0.020714773,0.40283713,0.32803506
1222,566,1,4,91,0.020933218,0.40295488,0.3282907
1223,567,1,4,92,0.021163987,0.40306863,0.32854477
1224,568,1,4,93,0.021369321,0.40316224,0.32875913
1225,569,1,4,94,0.021369327,0.40316224,0.32875913
1226,570,1,4,95,0.021369327,0.40316224,0.32875913
1227,571,1,4,96,0.021369321,0.40316224,0.32875913
1228,572,1,4,97,0.6979427,0.1000637,0.09964394
1229,573,1,4,98,0.37911206,0.26751226,0.227605
1230,574,1,4,99,0.15304592,0.33365923,0.27942294
1231,575,1,4,100,0.06617724,0.3762191,0.308668
1232,576,1,4,101,0.027386392,0.3999842,0.32643446
1233,577,1,4,102,0.021413865,0.40314364,0.32874984
1234,578,1,4,103,0.021448538,0.4031292,0.32874262
1235,579,1,4,104,0.021383889,0.4030663,0.3286274
1236,580,1,4,105,0.021169798,0.40294394,0.3283686
1237,581,1,4,106,0.020948442,0.40282592,0.32811227
1238,582,1,4,107,0.020720083,0.40271217,0.32785845
1239,583,1,4,108,0.02052027,0.40261644,0.32764143
1240,584,1,4,109,0.02052027,0.40261644,0.32764143
1241,585,1,4,110,0.02048753,0.4025958,0.32759953
1242,586,1,4,111,0.02024942,0.40244466,0.32729316
1243,587,1,4,112,0.020013113,0.40229294,0.32699153
1244,588,1,4,113,0.019771796,0.4021416,0.32670078
1245,589,1,4,114,0.019524474,0.4019929,0.3264113
1246,590,1,4,115,0.019465001,0.40197796,0.3263719
1247,591,1,4,116,0.019430147,0.40198794,0.32637608
1248,592,1,4,117,0.019213244,0.40187204,0.3261423
1249,593,1,4,118,0.018974025,0.4017304,0.32586378
1250,594,1,4,119,0.01874383,0.40158466,0.32558116
1251,595,1,4,120,0.018525707,0.40143687,0.32529864
1252,596,1,4,121,0.018431937,0.4013705,0.3251728
1253,597,1,4,122,0.018431937,0.4013705,0.3251728
1254,598,1,4,123,0.01843193,0.4013705,0.3251728
1255,599,1,4,124,0.01843193,0.4013705,0.3251728
1256,600,1,5,0,0.93254375,0.0016264662,0.0023937796
1257,601,1,5,1,0.90812397,0.0033354755,0.0044288067
1258,602,1,5,2,0.8890857,0.00602724,0.007127524
1259,603,1,5,3,0.8869643,0.008624594,0.009291888
1260,604,1,5,4,0.8916569,0.009787623,0.010083768
1261,605,1,5,5,0.89163435,0.00978609,0.010082764
1262,606,1,5,6,0.89164263,0.009778223,0.010075604
1263,607,1,5,7,0.89219713,0.009684438,0.0099830665
1264,608,1,5,8,0.8927554,0.009592137,0.009891795
1265,609,1,5,9,0.8933174,0.009501308,0.009801793
1266,610,1,5,10,0.89388317,0.00941191,0.009713025
1267,611,1,5,11,0.89400387,0.009393029,0.009694266
1268,612,1,5,12,0.89400387,0.009393029,0.0096942615
1269,613,1,5,13,0.89445674,0.009322348,0.009624003
1270,614,1,5,14,0.8950368,0.009232214,0.0095343655
1271,615,1,5,15,0.8956178,0.009143225,0.00944576
1272,616,1,5,16,0.8962025,0.009055573,0.009358307
1273,617,1,5,17,0.89650893,0.009012414,0.00931497
1274,618,1,5,18,0.89653325,0.009014007,0.009316031
1275,619,1,5,19,0.89682674,0.008974973,0.00927659
1276,620,1,5,20,0.8973985,0.008892129,0.009193667
1277,621,1,5,21,0.8979614,0.008809493,0.009111088
1278,622,1,5,22,0.8985154,0.008727075,0.009028838
1279,623,1,5,23,0.89895445,0.00866107,0.008963046
1280,624,1,5,24,0.89895445,0.00866107,0.008963049
1281,625,1,5,25,0.89895445,0.00866107,0.008963046
1282,626,1,5,26,0.89895445,0.00866107,0.008963046
1283,627,1,5,27,0.94951123,0.00090778846,0.0014280655
1284,628,1,5,28,0.9267934,0.0019631437,0.0028108347
1285,629,1,5,29,0.90505105,0.0038230545,0.004907785
1286,630,1,5,30,0.89370155,0.0062677967,0.007188719
1287,631,1,5,31,0.89697826,0.008345528,0.008762199
1288,632,1,5,32,0.8989233,0.00865906,0.008961711
1289,633,1,5,33,0.8988994,0.008657538,0.008960699
1290,634,1,5,34,0.89861655,0.008694378,0.008997984
1291,635,1,5,35,0.898048,0.008775802,0.009079565
1292,636,1,5,36,0.8974841,0.008858325,0.009162066
1293,637,1,5,37,0.8969252,0.008941938,0.009245483
1294,638,1,5,38,0.89647675,0.00901031,0.009313576
1295,639,1,5,39,0.89647675,0.00901032,0.009313581
1296,640,1,5,40,0.8963725,0.0090262825,0.009329481
1297,641,1,5,41,0.89579904,0.009114434,0.009417205
1298,642,1,5,42,0.89522344,0.009203471,0.0095057655
1299,643,1,5,43,0.89465123,0.009293732,0.009595385
1300,644,1,5,44,0.8940837,0.009385299,0.009686102
1301,645,1,5,45,0.8940459,0.0093958285,0.00969612
1302,646,1,5,46,0.8940734,0.009397658,0.009697333
1303,647,1,5,47,0.89359665,0.009478108,0.009776709
1304,648,1,5,48,0.89304554,0.00956908,0.009866646
1305,649,1,5,49,0.8924842,0.009660545,0.009957203
1306,650,1,5,50,0.8919123,0.009752521,0.0100483885
1307,651,1,5,51,0.8916818,0.00978932,0.010084896
1308,652,1,5,52,0.8916818,0.009789315,0.010084896
1309,653,1,5,53,0.8916818,0.00978932,0.010084896
1310,654,1,5,54,0.8916819,0.009789315,0.010084891
1311,655,1,5,55,0.8881566,0.010419838,0.010718105
1312,656,1,5,56,0.8638513,0.015293617,0.015559511
1313,657,1,5,57,0.7974522,0.028778741,0.028263075
1314,658,1,5,58,0.62565225,0.07083914,0.065167256
1315,659,1,5,59,0.41110906,0.18219365,0.15952532
1316,660,1,5,60,0.2737853,0.3011588,0.27622494
1317,661,1,5,61,0.19582488,0.3244789,0.30451667
1318,662,1,5,62,0.15648524,0.32956246,0.31334007
1319,663,1,5,63,0.1427039,0.3313704,0.31652713
1320,664,1,5,64,0.14270389,0.33137038,0.31652713
1321,665,1,5,65,0.14270392,0.33137038,0.31652713
1322,666,1,5,66,0.14270389,0.33137038,0.31652713
1323,667,1,5,67,0.14270389,0.3313704,0.31652713
1324,668,1,5,68,0.68078107,0.07861652,0.08211938
1325,669,1,5,69,0.524998,0.12138959,0.116467044
1326,670,1,5,70,0.37699556,0.20126995,0.18418978
1327,671,1,5,71,0.2704352,0.31075624,0.28485155
1328,672,1,5,72,0.19789243,0.32983825,0.31045297
1329,673,1,5,73,0.14285487,0.3313681,0.31651348
1330,674,1,5,74,0.14299378,0.33136594,0.3165009
1331,675,1,5,75,0.14318019,0.33136314,0.3164856
1332,676,1,5,76,0.14376079,0.33136007,0.31652004
1333,677,1,5,77,0.144297,0.3313556,0.3165386
1334,678,1,5,78,0.14478898,0.33135197,0.31656224
1335,679,1,5,79,0.14523642,0.33134913,0.3165909
1336,680,1,5,80,0.14534758,0.33134848,0.316599
1337,681,1,5,81,0.14534758,0.33134848,0.316599
1338,682,1,5,82,0.14566886,0.33134663,0.31662235
1339,683,1,5,83,0.14611,0.33134404,0.31665426
1340,684,1,5,84,0.14652859,0.3313419,0.31668884
1341,685,1,5,85,0.14690217,0.33134055,0.31672847
1342,686,1,5,86,0.14703211,0.33134112,0.31675887
1343,687,1,5,87,0.1468712,0.3313439,0.3167767
1344,688,1,5,88,0.1468756,0.33134595,0.31681037
1345,689,1,5,89,0.14716601,0.3313459,0.31685686
1346,690,1,5,90,0.14750333,0.33134505,0.31689835
1347,691,1,5,91,0.14788787,0.3313434,0.3169348
1348,692,1,5,92,0.1482505,0.3313414,0.31696206
1349,693,1,5,93,0.14825046,0.3313414,0.31696206
1350,694,1,5,94,0.1482505,0.3313414,0.31696206
1351,695,1,5,95,0.14825049,0.3313414,0.31696206
1352,696,1,5,96,0.6958621,0.07455171,0.079200864
1353,697,1,5,97,0.45640138,0.14805013,0.13903718
1354,698,1,5,98,0.3392792,0.23956738,0.2176401
1355,699,1,5,99,0.24922244,0.3224762,0.29875743
1356,700,1,5,100,0.16948639,0.3317733,0.315861
1357,701,1,5,101,0.14845869,0.3313378,0.31693915
1358,702,1,5,102,0.14861125,0.33133733,0.31692415
1359,703,1,5,103,0.14860186,0.33133763,0.3168937
1360,704,1,5,104,0.1483269,0.331333,0.31684124
1361,705,1,5,105,0.1479873,0.33133388,0.31679964
1362,706,1,5,106,0.14760287,0.33133554,0.3167632
1363,707,1,5,107,0.14724046,0.3313375,0.3167358
1364,708,1,5,108,0.14724046,0.3313375,0.3167358
1365,709,1,5,109,0.14718063,0.33133787,0.3167315
1366,710,1,5,110,0.1467368,0.33134043,0.31669956
1367,711,1,5,111,0.14629008,0.33134305,0.31666803
1368,712,1,5,112,0.1458069,0.33134633,0.31664073
1369,713,1,5,113,0.1452798,0.33135045,0.31661856
1370,714,1,5,114,0.14508247,0.33135307,0.31662863
1371,715,1,5,115,0.14490582,0.3313562,0.31664842
1372,716,1,5,116,0.14438486,0.33136114,0.31664097
1373,717,1,5,117,0.14384183,0.3313657,0.31662345
1374,718,1,5,118,0.14334472,0.3313695,0.31660074
1375,719,1,5,119,0.14289276,0.33137035,0.31655174
1376,720,1,5,120,0.14270389,0.33137038,0.31652713
1377,721,1,5,121,0.14270388,0.3313704,0.31652713
1378,722,1,5,122,0.1427039,0.3313704,0.31652713
1379,723,1,5,123,0.14270389,0.3313704,0.31652713
1380,724,1,6,0,0.9372212,0.0021639625,0.003237905
1381,725,1,6,1,0.92247117,0.0036226425,0.0051727
1382,726,1,6,2,0.89668536,0.007749968,0.010251984
1383,727,1,6,3,0.87060064,0.014535245,0.017695274
1384,728,1,6,4,0.8436923,0.023803761,0.027404053
1385,729,1,6,5,0.83356416,0.02952393,0.03276032
1386,730,1,6,6,0.83358866,0.029510302,0.032748543
1387,731,1,6,7,0.83366823,0.02947398,0.032712627
1388,732,1,6,8,0.83452654,0.029133663,0.03234061
1389,733,1,6,9,0.8353683,0.028803367,0.031978562
1390,734,1,6,10,0.83620584,0.028478265,0.031621147
1391,735,1,6,11,0.8370232,0.028164309,0.031274993
1392,736,1,6,12,0.8372061,0.028094469,0.031197896
1393,737,1,6,13,0.83720607,0.028094469,0.031197904
1394,738,1,6,14,0.8378527,0.027848372,0.030926205
1395,739,1,6,15,0.83868825,0.027532332,0.030577252
1396,740,1,6,16,0.8395158,0.027222103,0.03023415
1397,741,1,6,17,0.84032816,0.02692078,0.029899934
1398,742,1,6,18,0.8407349,0.026772724,0.029734023
1399,743,1,6,19,0.8407081,0.026786704,0.02974612
1400,744,1,6,20,0.8410541,0.026663112,0.02960593
1401,745,1,6,21,0.8418323,0.02637973,0.029290255
1402,746,1,6,22,0.8426121,0.026096387,0.028975546
1403,747,1,6,23,0.8433937,0.02581316,0.02866188
1404,748,1,6,24,0.8440481,0.025577126,0.028401017
1405,749,1,6,25,0.8440481,0.025577126,0.028401017
1406,750,1,6,26,0.8440481,0.025577126,0.028401017
1407,751,1,6,27,0.8440481,0.025577119,0.028401004
1408,752,1,6,28,0.9405157,0.0019435587,0.0028947594
1409,753,1,6,29,0.91851777,0.004273265,0.005906722
1410,754,1,6,30,0.89448667,0.008640419,0.0110495705
1411,755,1,6,31,0.86898506,0.015461848,0.018418938
1412,756,1,6,32,0.8474017,0.023763957,0.026779763
1413,757,1,6,33,0.8440799,0.025560463,0.0283868
1414,758,1,6,34,0.8441043,0.025547722,0.028375937
1415,759,1,6,35,0.84376127,0.025666844,0.028511174
1416,760,1,6,36,0.84299433,0.025941534,0.028817324
1417,761,1,6,37,0.84221417,0.026223915,0.029131109
1418,762,1,6,38,0.8414206,0.026514167,0.029452674
1419,763,1,6,39,0.8407702,0.02675431,0.029718038
1420,764,1,6,40,0.8407702,0.02675431,0.029718047
1421,765,1,6,41,0.84062904,0.026806625,0.029775824
1422,766,1,6,42,0.8398016,0.02711458,0.030115938
1423,767,1,6,43,0.838966,0.027427875,0.030461797
1424,768,1,6,44,0.8381247,0.027746545,0.030812725
1425,769,1,6,45,0.83727247,0.028072782,0.031170987
1426,770,1,6,46,0.8371601,0.028119186,0.031219304
1427,771,1,6,47,0.8371299,0.028135452,0.031233406
1428,772,1,6,48,0.836388,0.028424092,0.03154836
1429,773,1,6,49,0.83554804,0.028751306,0.031906787
1430,774,1,6,50,0.8347072,0.029079914,0.032267623
1431,775,1,6,51,0.83387375,0.02940665,0.032627385
1432,776,1,6,52,0.8335369,0.02953901,0.03277336
1433,777,1,6,53,0.8335369,0.02953901,0.03277336
1434,778,1,6,54,0.8335369,0.029539017,0.03277336
1435,779,1,6,55,0.8335369,0.02953901,0.03277336
1436,780,1,6,56,0.82905924,0.03132428,0.03466782
1437,781,1,6,57,0.7991239,0.04493932,0.048986416
1438,782,1,6,58,0.74464124,0.0792171,0.08364853
1439,783,1,6,59,0.6654984,0.14363217,0.14545962
1440,784,1,6,60,0.3168063,0.23934259,0.22963981
1441,785,1,6,61,0.10386792,0.28884703,0.27418068
1442,786,1,6,62,0.044020016,0.31236777,0.2969919
1443,787,1,6,63,0.03094953,0.31966314,0.30431965
1444,788,1,6,64,0.028097058,0.3207138,0.30463234
1445,789,1,6,65,0.028097067,0.3207138,0.30463234
1446,790,1,6,66,0.028097058,0.3207138,0.30463234
1447,791,1,6,67,0.028097058,0.3207138,0.30463234
1448,792,1,6,68,0.028097067,0.3207138,0.30463234
1449,793,1,6,69,0.6996881,0.10942154,0.11125103
1450,794,1,6,70,0.60719824,0.15776484,0.15810758
1451,795,1,6,71,0.2132052,0.24791229,0.23773126
1452,796,1,6,72,0.091849454,0.28829527,0.27304047
1453,797,1,6,73,0.04563265,0.3126856,0.2971873
1454,798,1,6,74,0.028129704,0.32069936,0.30462545
1455,799,1,6,75,0.02815983,0.32068607,0.30461907
1456,800,1,6,76,0.028200384,0.32066438,0.3046068
1457,801,1,6,77,0.028394733,0.32019204,0.30418697
1458,802,1,6,78,0.028580256,0.31972498,0.3037701
1459,803,1,6,79,0.02875598,0.3192653,0.30335814
1460,804,1,6,80,0.02892415,0.3188066,0.30294514
1461,805,1,6,81,0.028967725,0.31868532,0.30283573
1462,806,1,6,82,0.028967718,0.31868532,0.30283573
1463,807,1,6,83,0.029088836,0.31834927,0.30253258
1464,808,1,6,84,0.029258214,0.3178819,0.30211094
1465,809,1,6,85,0.029424125,0.317415,0.30168882
1466,810,1,6,86,0.029579867,0.31695515,0.30127126
1467,811,1,6,87,0.02965024,0.31670538,0.30104133
1468,812,1,6,88,0.029614355,0.3167203,0.30104855
1469,813,1,6,89,0.029644862,0.31654415,0.3008824
1470,814,1,6,90,0.029780604,0.31610548,0.3004812
1471,815,1,6,91,0.02992675,0.31566444,0.3000796
1472,816,1,6,92,0.03008564,0.31521463,0.29967195
1473,817,1,6,93,0.030229911,0.3148275,0.2993224
1474,818,1,6,94,0.030229919,0.3148275,0.2993224
1475,819,1,6,95,0.030229919,0.3148275,0.2993224
1476,820,1,6,96,0.030229911,0.3148275,0.29932246
1477,821,1,6,97,0.7099795,0.100996755,0.10265402
1478,822,1,6,98,0.47715634,0.18335831,0.18209359
1479,823,1,6,99,0.16102289,0.25973675,0.24645063
1480,824,1,6,100,0.07388224,0.29412064,0.27892897
1481,825,1,6,101,0.036921162,0.31229842,0.2976987
1482,826,1,6,102,0.030276798,0.31480834,0.29931325
1483,827,1,6,103,0.030313157,0.3147936,0.29930615
1484,828,1,6,104,0.030284707,0.31496233,0.29946563
1485,829,1,6,105,0.030146044,0.31540236,0.2998681
1486,830,1,6,106,0.02999713,0.3158485,0.30027434
1487,831,1,6,107,0.02983949,0.31629658,0.30068052
1488,832,1,6,108,0.029696593,0.31668603,0.3010321
1489,833,1,6,109,0.029696593,0.31668603,0.30103207
1490,834,1,6,110,0.029675316,0.31674355,0.30108398
1491,835,1,6,111,0.029503627,0.31721002,0.3015048
1492,836,1,6,112,0.029332034,0.31767717,0.3019261
1493,837,1,6,113,0.02915317,0.31814802,0.30234918
1494,838,1,6,114,0.028965471,0.31862333,0.30277455
1495,839,1,6,115,0.028909668,0.3187102,0.30284765
1496,840,1,6,116,0.028870828,0.3187269,0.30285564
1497,841,1,6,117,0.028699448,0.3191201,0.3032037
1498,842,1,6,118,0.028512858,0.31958356,0.303617
1499,843,1,6,119,0.028336091,0.32004586,0.30403104
1500,844,1,6,120,0.028169965,0.32050487,0.30444393
1501,845,1,6,121,0.028097058,0.3207138,0.30463234
1502,846,1,6,122,0.028097052,0.3207138,0.30463234
1503,847,1,6,123,0.028097058,0.3207138,0.30463234
1504,848,1,6,124,0.028097058,0.32071382,0.3046324
1505,849,1,7,0,0.94573456,0.0013192741,0.0016260064
1506,850,1,7,1,0.9285236,0.0023597484,0.0026837538
1507,851,1,7,2,0.8976101,0.0053480254,0.005762789
1508,852,1,7,3,0.8634513,0.010684162,0.011142736
1509,853,1,7,4,0.8356792,0.017037641,0.017671427
1510,854,1,7,5,0.84362924,0.018523438,0.019056166
1511,855,1,7,6,0.8435774,0.018525181,0.019057848
1512,856,1,7,7,0.84357667,0.018514043,0.019046316
1513,857,1,7,8,0.84450734,0.01831493,0.01884222
1514,858,1,7,9,0.8454561,0.018115865,0.018637704
1515,859,1,7,10,0.8464215,0.017917167,0.018433161
1516,860,1,7,11,0.8474247,0.017711211,0.018222166
1517,861,1,7,12,0.8476329,0.01766786,0.018178578
1518,862,1,7,13,0.8476329,0.01766786,0.018178578
1519,863,1,7,14,0.8484241,0.017503627,0.018013395
1520,864,1,7,15,0.849434,0.017295158,0.017803688
1521,865,1,7,16,0.85045254,0.017087841,0.01759504
1522,866,1,7,17,0.8514858,0.016881675,0.01738744
1523,867,1,7,18,0.85202867,0.016778827,0.017283743
1524,868,1,7,19,0.8520798,0.016778668,0.017283354
1525,869,1,7,20,0.8526071,0.01668321,0.017187
1526,870,1,7,21,0.85361874,0.016487734,0.016989985
1527,871,1,7,22,0.8546118,0.016294299,0.016795022
1528,872,1,7,23,0.85558647,0.016102912,0.016602114
1529,873,1,7,24,0.85635465,0.015951036,0.016449047
1530,874,1,7,25,0.8563548,0.015951028,0.016449047
1531,875,1,7,26,0.8563548,0.015951028,0.016449047
1532,876,1,7,27,0.8563548,0.015951028,0.016449047
1533,877,1,7,28,0.94820315,0.0012013746,0.0014872504
1534,878,1,7,29,0.9222868,0.0028786492,0.0032329825
1535,879,1,7,30,0.8901676,0.006391212,0.0068100146
1536,880,1,7,31,0.85937256,0.01157099,0.012041826
1537,881,1,7,32,0.94573456,0.0013192754,0.0016260078
1538,882,1,7,33,0.9306344,0.002213637,0.0025403402
1539,883,1,7,34,0.9002209,0.0050375257,0.0054506003
1540,884,1,7,35,0.8658591,0.010240392,0.010693445
1541,885,1,7,36,0.8372524,0.016597971,0.017203769
1542,886,1,7,37,0.84368676,0.018521523,0.019054322
1543,887,1,7,38,0.84368676,0.018521523,0.019054318
1544,888,1,7,39,0.84368676,0.018521523,0.019054318
1545,889,1,7,40,0.84368676,0.018521523,0.019054318
1546,890,1,7,41,0.843635,0.01853323,0.019066196
1547,891,1,7,42,0.83432466,0.020743536,0.021292666
1548,892,1,7,43,0.7906413,0.033082057,0.03408156
1549,893,1,7,44,0.731087,0.055230506,0.056807272
1550,894,1,7,45,0.67165416,0.088078804,0.089284495
1551,895,1,7,46,0.5564884,0.13960086,0.1327369
1552,896,1,7,47,0.39963427,0.19798994,0.17505041
1553,897,1,7,48,0.2891765,0.25191414,0.20684576
1554,898,1,7,49,0.25039557,0.2682516,0.21662346
1555,899,1,7,50,0.24588768,0.2700353,0.21773286
1556,900,1,7,51,0.24588764,0.2700353,0.21773286
1557,901,1,7,52,0.24588764,0.2700354,0.21773294
1558,902,1,7,53,0.24588768,0.2700353,0.2177329
1559,903,1,7,54,0.71879447,0.070821375,0.065784685
1560,904,1,7,55,0.622433,0.11759286,0.10712869
1561,905,1,7,56,0.52035904,0.16142225,0.14744912
1562,906,1,7,57,0.39430845,0.21506159,0.18925047
1563,907,1,7,58,0.27370232,0.26517612,0.21618643
1564,908,1,7,59,0.24609493,0.26999867,0.21772423
1565,909,1,7,60,0.2462568,0.26997,0.21771745
1566,910,1,7,61,0.24694741,0.26964593,0.21750872
1567,911,1,7,62,0.24832188,0.26891384,0.21701507
1568,912,1,7,63,0.24965298,0.26819208,0.21652482
1569,913,1,7,64,0.2509401,0.2674807,0.21603796
1570,914,1,7,65,0.25202048,0.26687282,0.21561916
1571,915,1,7,66,0.25202048,0.26687282,0.21561913
1572,916,1,7,67,0.2521802,0.26678273,0.21555701
1573,917,1,7,68,0.25346157,0.2660621,0.2150598
1574,918,1,7,69,0.2547431,0.2653435,0.21456361
1575,919,1,7,70,0.2559892,0.26463303,0.21407005
1576,920,1,7,71,0.25719103,0.2639322,0.2135794
1577,921,1,7,72,0.25725657,0.26384282,0.21350713
1578,922,1,7,73,0.2570711,0.26387426,0.21351457
1579,923,1,7,74,0.25793877,0.26332867,0.21312477
1580,924,1,7,75,0.2590727,0.2626569,0.2126515
1581,925,1,7,76,0.2602594,0.26197737,0.21217653
1582,926,1,7,77,0.26149955,0.26128995,0.21169974
1583,927,1,7,78,0.2620804,0.26097444,0.21148199
1584,928,1,7,79,0.26208037,0.2609745,0.211482
1585,929,1,7,80,0.26208037,0.26097447,0.211482
1586,930,1,7,81,0.26208037,0.26097453,0.21148203
1587,931,1,7,82,0.7260471,0.06697984,0.0624116
1588,932,1,7,83,0.69615966,0.082463846,0.07645028
1589,933,1,7,84,0.59364563,0.13063149,0.11916755
1590,934,1,7,85,0.49628687,0.1700699,0.15560152
1591,935,1,7,86,0.36485097,0.2248808,0.19457623
1592,936,1,7,87,0.26221907,0.26095146,0.2114765
1593,937,1,7,88,0.262359,0.26092824,0.21147108
1594,938,1,7,89,0.2625468,0.26089713,0.21146369
1595,939,1,7,90,0.26168007,0.26143375,0.21184744
1596,940,1,7,91,0.26053414,0.2621062,0.21232127
1597,941,1,7,92,0.25934502,0.262787,0.21279722
1598,942,1,7,93,0.25810742,0.26347932,0.21327744
1599,943,1,7,94,0.2575336,0.263796,0.21349604
1600,944,1,7,95,0.2575336,0.263796,0.21349604
1601,945,1,7,96,0.2568473,0.2641755,0.21375796
1602,946,1,7,97,0.25555468,0.26489285,0.21425295
1603,947,1,7,98,0.25425088,0.2656139,0.2147493
1604,948,1,7,99,0.25290585,0.26634392,0.2152482
1605,949,1,7,100,0.25183433,0.266905,0.21562682
1606,950,1,7,101,0.25167868,0.26693195,0.21563317
1607,951,1,7,102,0.25119996,0.26712838,0.21575382
1608,952,1,7,103,0.24981333,0.26785502,0.2162431
1609,953,1,7,104,0.24847658,0.26857573,0.21673189
1610,954,1,7,105,0.24718939,0.26929042,0.2172202
1611,955,1,7,106,0.24594995,0.26999933,0.2177081
1612,956,1,7,107,0.24588768,0.2700353,0.21773286
1613,957,1,7,108,0.24588764,0.2700353,0.21773286
1614,958,1,7,109,0.24588768,0.2700353,0.21773286
1615,959,1,8,0,0.95357114,0.0016558415,0.0021413472
1616,960,1,8,1,0.9371995,0.0030392897,0.0037783629
1617,961,1,8,2,0.90532357,0.007361667,0.008560944
1618,962,1,8,3,0.874254,0.015311457,0.016307466
1619,963,1,8,4,0.84783864,0.028420985,0.027689578
1620,964,1,8,5,0.8378071,0.03848941,0.03622963
1621,965,1,8,6,0.8378301,0.03846307,0.036207218
1622,966,1,8,7,0.83789545,0.03841271,0.03616302
1623,967,1,8,8,0.83849,0.038121592,0.035893146
1624,968,1,8,9,0.8390747,0.037841227,0.035632577
1625,969,1,8,10,0.83964694,0.03757265,0.03538231
1626,970,1,8,11,0.8402123,0.03731309,0.035139766
1627,971,1,8,12,0.8403351,0.0372573,0.03508758
1628,972,1,8,13,0.8403351,0.0372573,0.03508757
1629,973,1,8,14,0.8407805,0.037055302,0.034898587
1630,974,1,8,15,0.84135616,0.036795102,0.034655165
1631,975,1,8,16,0.8419261,0.036541153,0.034417193
1632,976,1,8,17,0.84248686,0.036296938,0.034187622
1633,977,1,8,18,0.84276015,0.0361867,0.03408273
1634,978,1,8,19,0.8427346,0.03621493,0.034106772
1635,979,1,8,20,0.842972,0.03612738,0.034022186
1636,980,1,8,21,0.8435001,0.0359058,0.03381291
1637,981,1,8,22,0.84502375,0.035244968,0.033192642
1638,982,1,8,23,0.9122436,0.00628042,0.007372683
1639,983,1,8,24,0.95506084,0.0015595136,0.0020180861
1640,984,1,8,25,0.929192,0.0039256755,0.004781494
1641,985,1,8,26,0.89784,0.00909031,0.010244139
1642,986,1,8,27,0.86842215,0.018202828,0.018768178
1643,987,1,8,28,0.84845376,0.031541076,0.030043095
1644,988,1,8,29,0.8450564,0.035209283,0.033162273
1645,989,1,8,30,0.84508145,0.035181973,0.03313907
1646,990,1,8,31,0.8448523,0.035264656,0.033219036
1647,991,1,8,32,0.8443254,0.03548353,0.033425834
1648,992,1,8,33,0.8437856,0.035713356,0.03364223
1649,993,1,8,34,0.84324294,0.035949923,0.03386428
1650,994,1,8,35,0.8427935,0.036149796,0.03405138
1651,995,1,8,36,0.84279346,0.03614979,0.03405138
1652,996,1,8,37,0.84269285,0.03619478,0.03409346
1653,997,1,8,38,0.84212106,0.036450937,0.03433314
1654,998,1,8,39,0.84154415,0.036710884,0.034576282
1655,999,1,8,40,0.8409651,0.03697689,0.034824505
1656,1000,1,8,41,0.8403746,0.03725403,0.03508243
1657,1001,1,8,42,0.8402918,0.037306,0.03512898
1658,1002,1,8,43,0.84026337,0.037337966,0.035156168
1659,1003,1,8,44,0.83974326,0.03759259,0.035391837
1660,1004,1,8,45,0.83915854,0.037873093,0.03565233
1661,1005,1,8,46,0.83858407,0.03814499,0.03590548
1662,1006,1,8,47,0.83800906,0.03841332,0.036155984
1663,1007,1,8,48,0.83778155,0.038518615,0.03625446
1664,1008,1,8,49,0.95357114,0.0016558415,0.002141346
1665,1009,1,8,50,0.9371386,0.00304525,0.0037852994
1666,1010,1,8,51,0.9052547,0.007374223,0.008574068
1667,1011,1,8,52,0.87403786,0.015383908,0.01637473
1668,1012,1,8,53,0.8476895,0.02852603,0.027777389
1669,1013,1,8,54,0.83778155,0.038518615,0.03625446
1670,1014,1,8,55,0.83778155,0.038518615,0.03625446
1671,1015,1,8,56,0.83778155,0.038518615,0.03625445
1672,1016,1,8,57,0.83778155,0.038518626,0.03625446
1673,1017,1,8,58,0.8377459,0.038534567,0.036269534
1674,1018,1,8,59,0.8243414,0.044819195,0.042220045
1675,1019,1,8,60,0.77915853,0.06991461,0.066017546
1676,1020,1,8,61,0.70072514,0.12891631,0.121063106
1677,1021,1,8,62,0.29463246,0.26514444,0.24511962
1678,1022,1,8,63,0.0643854,0.35706446,0.34376654
1679,1023,1,8,64,0.022696206,0.37818366,0.37859407
1680,1024,1,8,65,0.013850708,0.37677076,0.38092962
1681,1025,1,8,66,0.0109462915,0.37581685,0.380535
1682,1026,1,8,67,0.010565667,0.37562695,0.3803861
1683,1027,1,8,68,0.010565667,0.37562695,0.3803861
1684,1028,1,8,69,0.010565667,0.37562695,0.3803861
1685,1029,1,8,70,0.010565667,0.37562695,0.3803861
1686,1030,1,8,71,0.6273089,0.16746415,0.17424798
1687,1031,1,8,72,0.23753612,0.28946203,0.2844101
1688,1032,1,8,73,0.07936426,0.34805128,0.35053337
1689,1033,1,8,74,0.029920181,0.37323117,0.37991333
1690,1034,1,8,75,0.012769547,0.3758466,0.3813799
1691,1035,1,8,76,0.010587234,0.3756308,0.380401
1692,1036,1,8,77,0.010603624,0.37563375,0.38041228
1693,1037,1,8,78,0.010635875,0.37565777,0.38051292
1694,1038,1,8,79,0.010678806,0.37570322,0.3807043
1695,1039,1,8,80,0.010717216,0.37574774,0.3808924
1696,1040,1,8,81,0.010751044,0.3757914,0.3810771
1697,1041,1,8,82,0.010774789,0.3758254,0.38122135
1698,1042,1,8,83,0.010774794,0.3758254,0.38122135
1699,1043,1,8,84,0.010780754,0.37583417,0.38125822
1700,1044,1,8,85,0.010810961,0.3758782,0.38144508
1701,1045,1,8,86,0.010840689,0.3759222,0.3816316
1702,1046,1,8,87,0.010866404,0.37596548,0.3818153
1703,1047,1,8,88,0.010887462,0.37600788,0.3819959
1704,1048,1,8,89,0.010876002,0.37600917,0.38200235
1705,1049,1,8,90,0.010857437,0.37600592,0.3819898
1706,1050,1,8,91,0.010867105,0.37604153,0.38214192
1707,1051,1,8,92,0.0108844265,0.37608218,0.3823151
1708,1052,1,8,93,0.010906519,0.3761237,0.3824918
1709,1053,1,8,94,0.010933444,0.3761661,0.3826719
1710,1054,1,8,95,0.010944836,0.37618256,0.3827417
1711,1055,1,8,96,0.010944836,0.37618256,0.3827417
1712,1056,1,8,97,0.010944836,0.37618256,0.3827417
1713,1057,1,8,98,0.010944836,0.37618256,0.38274166
1714,1058,1,8,99,0.64743596,0.15182263,0.15982819
1715,1059,1,8,100,0.49980825,0.21029268,0.21330562
1716,1060,1,8,101,0.15794027,0.3126498,0.31000453
1717,1061,1,8,102,0.055330075,0.36018616,0.366322
1718,1062,1,8,103,0.022031382,0.37551987,0.38374698
1719,1063,1,8,104,0.010959313,0.37618506,0.38275135
1720,1064,1,8,105,0.010973447,0.3761875,0.38276076
1721,1065,1,8,106,0.010992301,0.3761906,0.38277256
1722,1066,1,8,107,0.010982715,0.37615547,0.38262257
1723,1067,1,8,108,0.010965187,0.3761147,0.3824486
1724,1068,1,8,109,0.010942956,0.37607312,0.38227174
1725,1069,1,8,110,0.010916086,0.37603077,0.382092
1726,1070,1,8,111,0.0109046055,0.37601414,0.38202152
1727,1071,1,8,112,0.0109046055,0.37601414,0.38202152
1728,1072,1,8,113,0.01088625,0.37598762,0.38190892
1729,1073,1,8,114,0.01085585,0.3759435,0.38172194
1730,1074,1,8,115,0.010823679,0.3758991,0.38153383
1731,1075,1,8,116,0.010786984,0.37585393,0.38134265
1732,1076,1,8,117,0.010755361,0.375822,0.38120812
1733,1077,1,8,118,0.010739584,0.3758192,0.38119736
1734,1078,1,8,119,0.010711974,0.37580284,0.38112918
1735,1079,1,8,120,0.010668247,0.3757575,0.38093805
1736,1080,1,8,121,0.010629233,0.3757129,0.38074982
1737,1081,1,8,122,0.010594933,0.37566912,0.3805646
1738,1082,1,8,123,0.010565667,0.37562695,0.3803861
1739,1083,1,8,124,0.010565667,0.37562695,0.3803861
1740,1084,1,8,125,0.010565672,0.37562695,0.3803861
1741,1085,1,8,126,0.010565667,0.37562695,0.3803861
1742,1086,1,9,0,0.87422186,0.0160088,0.015632953
1743,1087,1,9,1,0.83710235,0.02969486,0.028652031
1744,1088,1,9,2,0.76102865,0.07349043,0.071646854
1745,1089,1,9,3,0.6349411,0.14977473,0.14829761
1746,1090,1,9,4,0.3939493,0.22588563,0.19266622
1747,1091,1,9,5,0.32139036,0.24150343,0.19533631
1748,1092,1,9,6,0.3213904,0.24150343,0.19533631
1749,1093,1,9,7,0.32139036,0.24150343,0.19533631
1750,1094,1,9,8,0.32139036,0.24150343,0.19533631
1751,1095,1,9,9,0.32139036,0.24150343,0.1953363
1752,1096,1,9,10,0.32139036,0.24150343,0.19533631
1753,1097,1,9,11,0.32139036,0.24150343,0.19533631
1754,1098,1,9,12,0.32139036,0.24150343,0.19533631
1755,1099,1,9,13,0.32139033,0.24150343,0.19533631
1756,1100,1,9,14,0.32139036,0.24150337,0.1953363
1757,1101,1,9,15,0.32139036,0.24150343,0.19533631
1758,1102,1,9,16,0.32139033,0.24150343,0.19533634
1759,1103,1,9,17,0.32139036,0.24150337,0.19533631
1760,1104,1,9,18,0.87686133,0.015460135,0.015090451
1761,1105,1,9,19,0.81934154,0.038970094,0.03734536
1762,1106,1,9,20,0.7373764,0.09395266,0.092423715
1763,1107,1,9,21,0.5569647,0.1760573,0.16635624
1764,1108,1,9,22,0.3676146,0.22975604,0.19198467
1765,1109,1,9,23,0.3416892,0.23445682,0.19292784
1766,1110,1,9,24,0.3416892,0.23445682,0.19292784
1767,1111,1,9,25,0.34168926,0.23445676,0.19292784
1768,1112,1,9,26,0.3416892,0.23445676,0.19292784
1769,1113,1,9,27,0.34168926,0.23445682,0.19292784
1770,1114,1,9,28,0.3416892,0.23445682,0.19292784
1771,1115,1,9,29,0.3416892,0.23445682,0.19292784
1772,1116,1,9,30,0.3416892,0.23445682,0.19292784
1773,1117,1,9,31,0.34168917,0.23445676,0.19292784
1774,1118,1,9,32,0.34168917,0.23445685,0.19292784
1775,1119,1,9,33,0.34168926,0.23445682,0.19292784
1776,1120,1,9,34,0.34168917,0.23445682,0.19292784
1777,1121,1,9,35,0.3416892,0.23445682,0.19292784
1778,1122,1,10,0,0.89445615,0.0061098076,0.007367583
1779,1123,1,10,1,0.8652025,0.011248861,0.012942933
1780,1124,1,10,2,0.8117078,0.026330084,0.028856425
1781,1125,1,10,3,0.76208955,0.049367167,0.052637137
1782,1126,1,10,4,0.73692524,0.06528954,0.070207946
1783,1127,1,10,5,0.73644274,0.067781776,0.07243333
1784,1128,1,10,6,0.73644274,0.06778177,0.072433345
1785,1129,1,10,7,0.7364427,0.067781776,0.07243336
1786,1130,1,10,8,0.7364427,0.06778179,0.07243336
1787,1131,1,10,9,0.73644274,0.067781776,0.072433345
1788,1132,1,10,10,0.7364427,0.06778179,0.072433345
1789,1133,1,10,11,0.7364427,0.06778179,0.072433345
1790,1134,1,10,12,0.7364427,0.06778179,0.07243336
1791,1135,1,10,13,0.73644274,0.06778177,0.072433345
1792,1136,1,10,14,0.73644274,0.067781776,0.072433345
1793,1137,1,10,15,0.73644274,0.067781776,0.072433345
1794,1138,1,10,16,0.8976879,0.0056931768,0.00685754
1795,1139,1,10,17,0.85207844,0.014260642,0.016089033
1796,1140,1,10,18,0.8017128,0.03047516,0.033049583
1797,1141,1,10,19,0.76314694,0.0495515,0.052566085
1798,1142,1,10,20,0.7503386,0.058586873,0.06298945
1799,1143,1,10,21,0.7517695,0.059353393,0.063276775
1800,1144,1,10,22,0.7517695,0.059353422,0.063276775
1801,1145,1,10,23,0.7517695,0.059353407,0.06327679
1802,1146,1,10,24,0.7517695,0.059353393,0.063276775
1803,1147,1,10,25,0.7517695,0.059353407,0.063276775
1804,1148,1,10,26,0.7517695,0.059353393,0.063276745
1805,1149,1,10,27,0.7517695,0.05935338,0.06327676
1806,1150,1,10,28,0.7517695,0.059353407,0.06327679
1807,1151,1,10,29,0.7517695,0.059353422,0.06327679
1808,1152,1,10,30,0.7517695,0.059353407,0.063276775
1809,1153,1,10,31,0.7517695,0.059353393,0.063276775
1810,1154,1,10,32,0.7517695,0.059353393,0.063276775
1811,1155,1,10,33,0.7517695,0.059353393,0.06327676
1812,1156,1,11,0,0.8875002,0.0066237617,0.0067795753
1813,1157,1,11,1,0.8642921,0.010437677,0.010258556
1814,1158,1,11,2,0.82425773,0.019588813,0.018739834
1815,1159,1,11,3,0.78845626,0.02919568,0.028339267
1816,1160,1,11,4,0.75168186,0.041065663,0.039650686
1817,1161,1,11,5,0.7330141,0.04663911,0.044719446
1818,1162,1,11,6,0.7330141,0.04663911,0.044719424
1819,1163,1,11,7,0.7330141,0.04663911,0.04471944
1820,1164,1,11,8,0.733014,0.04663912,0.04471944
1821,1165,1,11,9,0.7330141,0.04663911,0.044719424
1822,1166,1,11,10,0.7330141,0.04663911,0.044719424
1823,1167,1,11,11,0.733014,0.04663911,0.04471944
1824,1168,1,11,12,0.7330141,0.046639096,0.044719424
1825,1169,1,11,13,0.733014,0.04663913,0.044719424
1826,1170,1,11,14,0.7330141,0.04663911,0.044719413
1827,1171,1,11,15,0.7330141,0.046639096,0.04471944
1828,1172,1,11,16,0.733014,0.04663911,0.044719446
1829,1173,1,11,17,0.733014,0.04663912,0.04471944
1830,1174,1,11,18,0.888748,0.006442039,0.006616561
1831,1175,1,11,19,0.85071623,0.013221353,0.0128109455
1832,1176,1,11,20,0.8128308,0.022353157,0.02155634
1833,1177,1,11,21,0.7752492,0.033096604,0.03219489
1834,1178,1,11,22,0.7454284,0.042915884,0.04137231
1835,1179,1,11,23,0.74048465,0.044355772,0.042589407
1836,1180,1,11,24,0.74048465,0.044355772,0.042589396
1837,1181,1,11,25,0.74048465,0.04435576,0.042589396
1838,1182,1,11,26,0.74048465,0.044355772,0.042589396
1839,1183,1,11,27,0.74048465,0.044355772,0.042589407
1840,1184,1,11,28,0.74048465,0.044355772,0.042589407
1841,1185,1,11,29,0.74048465,0.04435576,0.042589396
1842,1186,1,11,30,0.74048465,0.044355772,0.042589407
1843,1187,1,11,31,0.74048465,0.044355772,0.042589407
1844,1188,1,11,32,0.7404846,0.044355784,0.042589396
1845,1189,1,11,33,0.7404846,0.044355784,0.042589407
1846,1190,1,11,34,0.7404846,0.04435581,0.042589407
1847,1191,1,11,35,0.7404846,0.044355795,0.042589407
1848,1192,1,12,0,0.83825046,0.027317759,0.03023937
1849,1193,1,12,1,0.7878,0.045584407,0.05097471
1850,1194,1,12,2,0.68435866,0.09663565,0.110153854
1851,1195,1,12,3,0.59313077,0.17080161,0.18737416
1852,1196,1,12,4,0.40352002,0.23947768,0.2357095
1853,1197,1,12,5,0.2510138,0.24680425,0.23187663
1854,1198,1,12,6,0.25101382,0.24680425,0.23187663
1855,1199,1,12,7,0.2510138,0.24680425,0.23187663
1856,1200,1,12,8,0.2510138,0.24680425,0.23187663
1857,1201,1,12,9,0.2510138,0.24680425,0.23187663
1858,1202,1,12,10,0.25101385,0.24680425,0.23187663
1859,1203,1,12,11,0.25101382,0.24680425,0.23187663
1860,1204,1,12,12,0.25101382,0.24680425,0.23187663
1861,1205,1,12,13,0.2510138,0.24680425,0.23187663
1862,1206,1,12,14,0.2510138,0.24680425,0.23187663
1863,1207,1,12,15,0.2510138,0.24680425,0.23187663
1864,1208,1,12,16,0.25101382,0.24680425,0.23187663
1865,1209,1,12,17,0.2510138,0.24680425,0.23187664
1866,1210,1,12,18,0.8404752,0.026388222,0.029295236
1867,1211,1,12,19,0.75835204,0.057746854,0.065026596
1868,1212,1,12,20,0.6523315,0.11699531,0.13302974
1869,1213,1,12,21,0.572328,0.19457248,0.20676926
1870,1214,1,12,22,0.3346058,0.23439293,0.2263192
1871,1215,1,12,23,0.28937608,0.23545337,0.22386353
1872,1216,1,12,24,0.28937608,0.23545337,0.22386353
1873,1217,1,12,25,0.2893761,0.23545337,0.22386353
1874,1218,1,12,26,0.28937608,0.23545337,0.22386356
1875,1219,1,12,27,0.28937614,0.23545337,0.22386353
1876,1220,1,12,28,0.28937617,0.23545337,0.22386351
1877,1221,1,12,29,0.2893761,0.23545331,0.22386351
1878,1222,1,12,30,0.28937614,0.23545337,0.22386353
1879,1223,1,12,31,0.2893761,0.23545337,0.22386353
1880,1224,1,12,32,0.2893761,0.23545337,0.22386353
1881,1225,1,12,33,0.2893761,0.23545337,0.22386353
1882,1226,1,12,34,0.2893761,0.23545337,0.22386353
