request_id,prediction,target
t3_q8ycf,0.2362645170165884,False
t3_ixnia,0.23616198355296844,False
t3_ndy6g,0.2362645170165884,False
t3_1abbu1,0.2879187037218967,True
t3_kseg4,0.2362645170165884,False
t3_18ufau,0.23616198355296844,False
t3_j7uvc,0.23616198355296844,False
t3_11c4ia,0.2879187037218967,True
t3_1msh0x,0.23616198355296844,False
t3_revjv,0.2362645170165884,False
t3_16q61n,0.23616198355296844,False
t3_1b3g0l,0.2879187037218967,True
t3_m2t75,0.2362645170165884,False
t3_mak5d,0.2362645170165884,False
t3_poa91,0.2362645170165884,False
t3_ln1qn,0.28781816270037913,True
t3_i4aiw,0.2362645170165884,False
t3_wz6ms,0.23616198355296844,False
t3_1dw266,0.23616198355296844,False
t3_14svg6,0.2362645170165884,False
t3_yjjw7,0.2362645170165884,False
t3_ongiw,0.2362645170165884,False
t3_vhmko,0.23616198355296844,False
t3_1lw1mn,0.23616198355296844,False
t3_kdmru,0.23616198355296844,False
t3_1i8m5d,0.2362645170165884,False
t3_y1swi,0.2879187037218967,True
t3_11ctig,0.23616198355296844,False
t3_1e0uyz,0.2879187037218967,True
t3_rr9wx,0.23616198355296844,False
t3_17ifsw,0.2362645170165884,False
t3_15cj9s,0.28781816270037913,True
t3_vdav3,0.23616198355296844,False
t3_1jw1ig,0.23616198355296844,False
t3_1n8b9x,0.2362645170165884,False
t3_jf792,0.23616198355296844,False
t3_13u12r,0.2879187037218967,True
t3_15e27u,0.2879187037218967,True
t3_ymc8x,0.2362645170165884,False
t3_j5vig,0.2362645170165884,False
t3_1moge8,0.23616198355296844,False
t3_rehh1,0.2879187037218967,True
t3_zm9r7,0.2362645170165884,False
t3_1mvyrw,0.2362645170165884,False
t3_j78hw,0.2879187037218967,True
t3_ihb81,0.23616198355296844,False
t3_wqdty,0.2362645170165884,False
t3_1052rl,0.23616198355296844,False
t3_kgy20,0.2362645170165884,False
t3_12etl1,0.2879187037218967,True
t3_1mh9l8,0.23616198355296844,False
t3_1lojow,0.28781816270037913,True
t3_wcr6k,0.23616198355296844,False
t3_oqt3g,0.2879187037218967,True
t3_zaiqv,0.23616198355296844,False
t3_r2m63,0.23616198355296844,False
t3_1elsjv,0.23616198355296844,False
t3_1cm709,0.2879187037218967,True
t3_13uiu9,0.2362645170165884,False
t3_oo525,0.2879187037218967,True
t3_rf5th,0.2362645170165884,False
t3_10y7bf,0.23616198355296844,False
t3_jvm5p,0.23616198355296844,False
t3_ie8kp,0.2879187037218967,True
t3_19xxg4,0.2362645170165884,False
t3_zm7qd,0.2362645170165884,False
t3_idhoq,0.2879187037218967,True
t3_1d14ic,0.23616198355296844,False
t3_id312,0.23616198355296844,False
t3_1ajekk,0.23616198355296844,False
t3_1c60fa,0.2879187037218967,True
t3_1l7qjw,0.23616198355296844,False
t3_12w748,0.2362645170165884,False
t3_1izxda,0.2362645170165884,False
t3_o59yk,0.2362645170165884,False
t3_1db2db,0.2362645170165884,False
t3_19z0qn,0.2362645170165884,False
t3_ivze3,0.2362645170165884,False
t3_1bs9o1,0.2362645170165884,False
t3_i41ca,0.2362645170165884,False
t3_1c5whr,0.2879187037218967,True
t3_14ywna,0.2362645170165884,False
t3_jji1s,0.2362645170165884,False
t3_1ah3be,0.2362645170165884,False
t3_ly6a7,0.2362645170165884,False
t3_167owz,0.2879187037218967,True
t3_ihbnf,0.2362645170165884,False
t3_19qsle,0.2362645170165884,False
t3_v4fsy,0.28781816270037913,True
t3_websd,0.2362645170165884,False
t3_1g9has,0.2362645170165884,False
t3_1hty43,0.2879187037218967,True
t3_191zkg,0.23616198355296844,False
t3_mwxr8,0.28781816270037913,True
t3_kr7pc,0.2362645170165884,False
t3_zmeup,0.2362645170165884,False
t3_s9wid,0.23616198355296844,False
t3_is4bx,0.2362645170165884,False
t3_t468d,0.23616198355296844,False
t3_1mxdoc,0.28781816270037913,True
t3_1gbd9e,0.2362645170165884,False
t3_iubo8,0.23616198355296844,False
t3_opnwu,0.2362645170165884,False
t3_lcqaj,0.2879187037218967,True
t3_kwnc2,0.2362645170165884,False
t3_mwews,0.23616198355296844,False
t3_ickz6,0.2362645170165884,False
t3_1mnhwm,0.23616198355296844,False
t3_1ge5t7,0.2879187037218967,True
t3_18v2lo,0.23616198355296844,False
t3_jh8y1,0.28781816270037913,True
t3_19qika,0.2362645170165884,False
t3_1kgyak,0.2362645170165884,False
t3_l85q7,0.2362645170165884,False
t3_12min2,0.2362645170165884,False
t3_jd4dp,0.28781816270037913,True
t3_zmoun,0.23616198355296844,False
t3_k5s93,0.23616198355296844,False
t3_zm9vg,0.23616198355296844,False
t3_nbqjv,0.2362645170165884,False
t3_175kgc,0.2362645170165884,False
t3_psmo2,0.2362645170165884,False
t3_wm9q9,0.2879187037218967,True
t3_lcl28,0.2879187037218967,True
t3_s94q3,0.2362645170165884,False
t3_xdes5,0.23616198355296844,False
t3_1gvv2z,0.23616198355296844,False
t3_1dj6c7,0.2362645170165884,False
t3_q21uq,0.2879187037218967,True
t3_1nbual,0.2362645170165884,False
t3_10sh4y,0.2362645170165884,False
t3_11yzhr,0.23616198355296844,False
t3_o2yuk,0.2362645170165884,False
t3_1ifrk1,0.2362645170165884,False
t3_1o2qn4,0.23616198355296844,False
t3_1lkwgf,0.2362645170165884,False
t3_ktlwy,0.2879187037218967,True
t3_1ard8p,0.28781816270037913,True
t3_1mjbbd,0.2879187037218967,True
t3_mr417,0.2362645170165884,False
t3_1i9rhr,0.28781816270037913,True
t3_16p2bo,0.2362645170165884,False
t3_1445z4,0.2362645170165884,False
t3_hj1hr,0.2879187037218967,True
t3_wapkt,0.23616198355296844,False
t3_17aeua,0.23616198355296844,False
t3_mtthu,0.23616198355296844,False
t3_12b3w7,0.2879187037218967,True
t3_112lzf,0.2362645170165884,False
t3_12hn0h,0.2362645170165884,False
t3_1judum,0.23616198355296844,False
t3_14icx0,0.23616198355296844,False
t3_rxvd9,0.2362645170165884,False
t3_10l8qm,0.23616198355296844,False
t3_ub7hw,0.28781816270037913,True
t3_l38o7,0.28781816270037913,True
t3_19nxgf,0.2362645170165884,False
t3_zopxu,0.2362645170165884,False
t3_vwaq0,0.2879187037218967,True
t3_ss0dh,0.28781816270037913,True
t3_p3ms6,0.2362645170165884,False
t3_1n9ois,0.23616198355296844,False
t3_iv46f,0.23616198355296844,False
t3_p8bpo,0.2362645170165884,False
t3_pfkus,0.28781816270037913,True
t3_ig6hm,0.28781816270037913,True
t3_1f20o2,0.2362645170165884,False
t3_icpji,0.2879187037218967,True
t3_1fhosp,0.23616198355296844,False
t3_1njmj5,0.2362645170165884,False
t3_p9mhf,0.2879187037218967,True
t3_jiupg,0.23616198355296844,False
t3_ly96a,0.23616198355296844,False
t3_1f5c0t,0.23616198355296844,False
t3_su88y,0.23616198355296844,False
t3_o2oml,0.28781816270037913,True
t3_1adzzj,0.2362645170165884,False
t3_oqnnx,0.2362645170165884,False
t3_nk0mc,0.2879187037218967,True
t3_jitty,0.2879187037218967,True
t3_12t3gq,0.23616198355296844,False
t3_1c8gp9,0.28781816270037913,True
t3_j6433,0.2879187037218967,True
t3_nwvan,0.23616198355296844,False
t3_j61nm,0.2362645170165884,False
t3_yhqes,0.2362645170165884,False
t3_u03i9,0.23616198355296844,False
t3_1m1lri,0.23616198355296844,False
t3_sxkga,0.23616198355296844,False
t3_njowo,0.2879187037218967,True
t3_j3bnz,0.2362645170165884,False
t3_10xzjp,0.23616198355296844,False
t3_r6skb,0.2879187037218967,True
t3_1516p2,0.2362645170165884,False
t3_1k03r5,0.2362645170165884,False
t3_1dmzo2,0.2879187037218967,True
t3_oqt9r,0.2879187037218967,True
t3_xq7y2,0.23616198355296844,False
t3_1l2jgl,0.2362645170165884,False
t3_1j27e6,0.2362645170165884,False
t3_10lit4,0.2362645170165884,False
t3_1alppm,0.28781816270037913,True
t3_124ixz,0.2362645170165884,False
t3_q20mc,0.23616198355296844,False
t3_1a1d5k,0.2362645170165884,False
t3_1la0rw,0.28781816270037913,True
t3_j4f1b,0.2362645170165884,False
t3_kteng,0.23616198355296844,False
t3_v4h27,0.2362645170165884,False
t3_jtkzo,0.2879187037218967,True
t3_w7d44,0.23616198355296844,False
t3_1enrol,0.28781816270037913,True
t3_1jr3uk,0.23616198355296844,False
t3_o1lf2,0.23616198355296844,False
t3_isapa,0.28781816270037913,True
t3_1evf1g,0.28781816270037913,True
t3_sxbtk,0.2362645170165884,False
t3_1djsub,0.2362645170165884,False
t3_huz3x,0.28781816270037913,True
t3_j48e9,0.23616198355296844,False
t3_mn8cj,0.2362645170165884,False
t3_1izvy4,0.23616198355296844,False
t3_zz1y6,0.2362645170165884,False
t3_trxk8,0.23616198355296844,False
t3_kynos,0.23616198355296844,False
t3_1ibc21,0.23616198355296844,False
t3_ij5u9,0.2362645170165884,False
t3_imjze,0.2362645170165884,False
t3_i7emz,0.2362645170165884,False
t3_ielvb,0.2362645170165884,False
t3_j0g29,0.28781816270037913,True
t3_12qzfl,0.23616198355296844,False
t3_jyac3,0.23616198355296844,False
t3_14sqs0,0.2362645170165884,False
t3_o1unn,0.23616198355296844,False
t3_lum93,0.2362645170165884,False
t3_1ivane,0.23616198355296844,False
t3_ifsip,0.2362645170165884,False
t3_15cime,0.23616198355296844,False
t3_144hee,0.23616198355296844,False
t3_rlm9n,0.2362645170165884,False
t3_1kz73q,0.23616198355296844,False
t3_1l7iq5,0.23616198355296844,False
t3_11ndm0,0.2362645170165884,False
t3_j541g,0.2362645170165884,False
t3_ki1iq,0.2362645170165884,False
t3_nh302,0.2362645170165884,False
t3_sujtn,0.2362645170165884,False
t3_rtp1p,0.2362645170165884,False
t3_zb1dc,0.23616198355296844,False
t3_172ycb,0.2362645170165884,False
t3_iskru,0.2362645170165884,False
t3_1bvg8u,0.2879187037218967,True
t3_1fd9qv,0.23616198355296844,False
t3_16sgg7,0.2362645170165884,False
t3_zkkxp,0.2879187037218967,True
t3_1hbqef,0.2362645170165884,False
t3_1dvlba,0.23616198355296844,False
t3_idljj,0.2879187037218967,True
t3_1di6wv,0.2879187037218967,True
t3_qj1to,0.2879187037218967,True
t3_vr6nt,0.2362645170165884,False
t3_isixq,0.2362645170165884,False
t3_w0fy2,0.23616198355296844,False
t3_15chud,0.2879187037218967,True
t3_10qj5i,0.2362645170165884,False
t3_jy62z,0.23616198355296844,False
t3_o8g9k,0.2879187037218967,True
t3_14sq09,0.28781816270037913,True
t3_1ee43k,0.2879187037218967,True
t3_j4khu,0.2879187037218967,True
t3_1dl7xz,0.2879187037218967,True
t3_o31ku,0.2879187037218967,True
t3_185nib,0.23616198355296844,False
t3_1arvbn,0.23616198355296844,False
t3_jvvwh,0.2362645170165884,False
t3_ta8v7,0.23616198355296844,False
t3_hugjx,0.2362645170165884,False
t3_q1fhz,0.23616198355296844,False
t3_1mur9b,0.2362645170165884,False
t3_jixhl,0.2362645170165884,False
t3_1eva7f,0.23616198355296844,False
t3_mywl8,0.2879187037218967,True
t3_10gx5r,0.2362645170165884,False
t3_1io64d,0.23616198355296844,False
t3_rna66,0.23616198355296844,False
t3_yd17n,0.23616198355296844,False
t3_1c356v,0.23616198355296844,False
t3_117x8e,0.23616198355296844,False
t3_1517ev,0.2362645170165884,False
t3_kas3t,0.2362645170165884,False
t3_lylep,0.23616198355296844,False
t3_14i983,0.2362645170165884,False
t3_ibsx7,0.28781816270037913,True
t3_htec8,0.2879187037218967,True
t3_1ip9i8,0.2362645170165884,False
t3_1kfekm,0.2362645170165884,False
t3_1nadhy,0.2362645170165884,False
t3_jpelk,0.23616198355296844,False
t3_1neb2a,0.23616198355296844,False
t3_uvavy,0.28781816270037913,True
t3_xjnsg,0.23616198355296844,False
t3_164hsj,0.28781816270037913,True
t3_1j485g,0.28781816270037913,True
t3_ma3ug,0.2362645170165884,False
t3_1lsjll,0.2362645170165884,False
t3_1n3y6g,0.23616198355296844,False
t3_rgbqw,0.2362645170165884,False
t3_wulgs,0.23616198355296844,False
t3_1elkjb,0.2879187037218967,True
t3_rmf5x,0.2362645170165884,False
t3_iz7sq,0.23616198355296844,False
t3_144973,0.23616198355296844,False
t3_1dy638,0.2362645170165884,False
t3_1fmctc,0.2362645170165884,False
t3_il4a3,0.2362645170165884,False
t3_m9dxg,0.2362645170165884,False
t3_l25d5,0.2362645170165884,False
t3_11ydyn,0.2362645170165884,False
t3_17w2sb,0.28781816270037913,True
t3_1b33f3,0.2879187037218967,True
t3_hvtd1,0.2879187037218967,True
t3_mv3z8,0.2362645170165884,False
t3_pmnm3,0.2879187037218967,True
t3_19y0r3,0.2362645170165884,False
t3_x1ehz,0.2362645170165884,False
t3_ktg8y,0.2362645170165884,False
t3_pgv5p,0.2362645170165884,False
t3_1kelpk,0.2879187037218967,True
t3_j8ypi,0.2879187037218967,True
t3_tfla1,0.2879187037218967,True
t3_12jdw9,0.23616198355296844,False
t3_nvp4w,0.2362645170165884,False
t3_10nyhz,0.2362645170165884,False
t3_1js4bg,0.2879187037218967,True
t3_1ad48x,0.2362645170165884,False
t3_1inx86,0.2362645170165884,False
t3_12laxd,0.2362645170165884,False
t3_13mrf0,0.2362645170165884,False
t3_ryqh6,0.28781816270037913,True
t3_ucbjy,0.23616198355296844,False
t3_174132,0.23616198355296844,False
t3_1icvfx,0.23616198355296844,False
t3_p8qqs,0.23616198355296844,False
t3_kte8z,0.2879187037218967,True
t3_ipti5,0.2879187037218967,True
t3_ptpmf,0.2362645170165884,False
t3_1jul47,0.2362645170165884,False
t3_uiw5r,0.28781816270037913,True
t3_r7qk1,0.23616198355296844,False
t3_11i3po,0.2879187037218967,True
t3_11q3hl,0.2362645170165884,False
t3_1bna25,0.2362645170165884,False
t3_knm5x,0.23616198355296844,False
t3_105fpq,0.2879187037218967,True
t3_m5ohi,0.2362645170165884,False
t3_1m08k0,0.23616198355296844,False
t3_mcez6,0.28781816270037913,True
t3_jas9j,0.2879187037218967,True
t3_m3wli,0.2362645170165884,False
t3_1g7yy8,0.2362645170165884,False
t3_1iq30u,0.2362645170165884,False
t3_lqxnz,0.2362645170165884,False
t3_p863y,0.28781816270037913,True
t3_10rx08,0.2362645170165884,False
t3_pr90u,0.2362645170165884,False
t3_1f8wzs,0.2362645170165884,False
t3_l9xcf,0.23616198355296844,False
t3_iaeiq,0.23616198355296844,False
t3_n1buu,0.2362645170165884,False
t3_ulsv8,0.23616198355296844,False
t3_pqlxn,0.2362645170165884,False
t3_1dn8ys,0.2362645170165884,False
t3_wnwt1,0.23616198355296844,False
t3_14cptr,0.23616198355296844,False
t3_iawlc,0.2879187037218967,True
t3_11djlk,0.2362645170165884,False
t3_m0sty,0.2362645170165884,False
t3_1bmde1,0.2362645170165884,False
t3_v6wse,0.23616198355296844,False
t3_sujw6,0.2362645170165884,False
t3_1crwpr,0.2879187037218967,True
t3_y3kvw,0.23616198355296844,False
t3_1lh7k2,0.2362645170165884,False
t3_x5x2l,0.23616198355296844,False
t3_18od8n,0.23616198355296844,False
t3_obm7u,0.23616198355296844,False
t3_1amn1r,0.23616198355296844,False
t3_1eudfd,0.23616198355296844,False
t3_1kty6v,0.2362645170165884,False
t3_1j4cpr,0.2362645170165884,False
t3_1mi7hs,0.23616198355296844,False
t3_17vccr,0.2879187037218967,True
t3_1lj5z5,0.23616198355296844,False
t3_w4fdd,0.28781816270037913,True
t3_il751,0.23616198355296844,False
t3_jadje,0.2362645170165884,False
t3_1894ni,0.23616198355296844,False
t3_r23hv,0.2362645170165884,False
t3_pzdct,0.2362645170165884,False
t3_1hu814,0.28781816270037913,True
t3_iajeu,0.2879187037218967,True
t3_wo39k,0.2362645170165884,False
t3_1edtyp,0.2362645170165884,False
t3_ri8zw,0.2362645170165884,False
t3_1ka3zb,0.23616198355296844,False
t3_k2m6f,0.2362645170165884,False
t3_15a40e,0.23616198355296844,False
t3_1feuqr,0.2362645170165884,False
t3_1bbhuw,0.2362645170165884,False
t3_ncogh,0.28781816270037913,True
t3_1lui8z,0.2362645170165884,False
t3_j46p8,0.2879187037218967,True
t3_us5ub,0.2879187037218967,True
t3_i8bgo,0.2879187037218967,True
t3_127cdj,0.2362645170165884,False
t3_l0vt2,0.2879187037218967,True
t3_1mcsc6,0.2362645170165884,False
t3_1me01t,0.23616198355296844,False
t3_xtiat,0.2362645170165884,False
t3_id7yh,0.28781816270037913,True
t3_k0gwn,0.23616198355296844,False
t3_t2043,0.2362645170165884,False
t3_1er0fy,0.2362645170165884,False
t3_infkm,0.2879187037218967,True
t3_j1rc7,0.23616198355296844,False
t3_xnxyn,0.2362645170165884,False
t3_1j4qoa,0.23616198355296844,False
t3_1ne4h1,0.2362645170165884,False
t3_qmods,0.2362645170165884,False
t3_1fgtb1,0.2362645170165884,False
t3_iw9on,0.2362645170165884,False
t3_16ufd0,0.23616198355296844,False
t3_nzysy,0.23616198355296844,False
t3_1l2aii,0.2879187037218967,True
t3_19g79c,0.2362645170165884,False
t3_1lnjv7,0.2362645170165884,False
t3_s2l24,0.23616198355296844,False
t3_13b5ve,0.2879187037218967,True
t3_1mjuld,0.2362645170165884,False
t3_u36g0,0.23616198355296844,False
t3_z19d1,0.2362645170165884,False
t3_14yly3,0.2879187037218967,True
t3_j79wu,0.2879187037218967,True
t3_jxci9,0.2362645170165884,False
t3_j0ciu,0.2362645170165884,False
t3_191xar,0.2362645170165884,False
t3_10bxbt,0.2362645170165884,False
t3_p58x5,0.28781816270037913,True
t3_jk7nj,0.2362645170165884,False
t3_10bqot,0.2362645170165884,False
t3_1lhldz,0.23616198355296844,False
t3_17i74u,0.2362645170165884,False
t3_jizyf,0.2362645170165884,False
t3_xb4id,0.28781816270037913,True
t3_nh797,0.2362645170165884,False
t3_oykqi,0.23616198355296844,False
t3_rtzx6,0.28781816270037913,True
t3_1inlzm,0.2879187037218967,True
t3_li6dm,0.2362645170165884,False
t3_iyulk,0.2362645170165884,False
t3_1b7ieh,0.23616198355296844,False
t3_yluzq,0.2362645170165884,False
t3_yc9h5,0.2362645170165884,False
t3_xhaqr,0.2362645170165884,False
t3_jirrd,0.2879187037218967,True
t3_ifd2k,0.2362645170165884,False
t3_1naa40,0.2362645170165884,False
t3_1eheso,0.2362645170165884,False
t3_16aay2,0.23616198355296844,False
t3_p8jnr,0.23616198355296844,False
t3_1ich4u,0.2879187037218967,True
t3_1exn3k,0.23616198355296844,False
t3_ik4z9,0.23616198355296844,False
t3_i8lcc,0.23616198355296844,False
t3_1l297j,0.2879187037218967,True
t3_1iiiyn,0.2362645170165884,False
t3_mfrzo,0.28781816270037913,True
t3_z1wyp,0.2362645170165884,False
t3_uvoyu,0.28781816270037913,True
t3_j24zb,0.2879187037218967,True
t3_1cc30t,0.28781816270037913,True
t3_1lj6nv,0.2362645170165884,False
t3_wi29z,0.2879187037218967,True
t3_1enx5y,0.23616198355296844,False
t3_1k5zsu,0.23616198355296844,False
t3_zyecc,0.23616198355296844,False
t3_1n6s96,0.23616198355296844,False
t3_my0ag,0.2362645170165884,False
t3_176he7,0.23616198355296844,False
t3_16h22v,0.2362645170165884,False
t3_rjw7q,0.2362645170165884,False
t3_j51j8,0.23616198355296844,False
t3_t1mhf,0.2362645170165884,False
t3_151nhw,0.23616198355296844,False
t3_1f3w97,0.2879187037218967,True
t3_105dda,0.28781816270037913,True
t3_1mgzi5,0.23616198355296844,False
t3_if1m4,0.2879187037218967,True
t3_169luc,0.2362645170165884,False
t3_i2sdq,0.23616198355296844,False
t3_vrgzp,0.23616198355296844,False
t3_1msykf,0.28781816270037913,True
t3_li965,0.2879187037218967,True
t3_nfga2,0.23616198355296844,False
t3_k61z4,0.23616198355296844,False
t3_16a6dj,0.2879187037218967,True
t3_izjt4,0.2362645170165884,False
t3_1akbeb,0.2362645170165884,False
t3_15ftmj,0.2879187037218967,True
t3_1n9ywx,0.2362645170165884,False
t3_14ekl4,0.2362645170165884,False
t3_qqs9k,0.2362645170165884,False
t3_ngtny,0.23616198355296844,False
t3_n7hld,0.2362645170165884,False
t3_j55d2,0.23616198355296844,False
t3_1mtgh9,0.23616198355296844,False
t3_1lluvd,0.23616198355296844,False
t3_1erh1c,0.2879187037218967,True
t3_zd5vd,0.2362645170165884,False
t3_1fxjl8,0.2362645170165884,False
t3_opkdn,0.2362645170165884,False
t3_1lh2r9,0.2879187037218967,True
t3_1fhc8g,0.23616198355296844,False
t3_lpztw,0.2879187037218967,True
t3_1bh26l,0.2362645170165884,False
t3_vutx2,0.2362645170165884,False
t3_1exwj8,0.2879187037218967,True
t3_socp8,0.23616198355296844,False
t3_1m9jww,0.2362645170165884,False
t3_pvhrc,0.23616198355296844,False
t3_1ayawz,0.23616198355296844,False
t3_1ioo1k,0.2362645170165884,False
t3_i9w6y,0.2879187037218967,True
t3_17ng3y,0.2362645170165884,False
t3_1d0sw9,0.2362645170165884,False
t3_kjy8g,0.2879187037218967,True
t3_13q20v,0.23616198355296844,False
t3_tdqta,0.2362645170165884,False
t3_1l5oal,0.2362645170165884,False
t3_1ifvnz,0.2362645170165884,False
t3_jcu7r,0.2362645170165884,False
t3_izi35,0.2362645170165884,False
t3_101n9x,0.2362645170165884,False
t3_w34ns,0.2362645170165884,False
t3_1mur4f,0.23616198355296844,False
t3_u90cl,0.2362645170165884,False
t3_1ifdy8,0.23616198355296844,False
t3_1ne448,0.2362645170165884,False
t3_ihkf2,0.23616198355296844,False
t3_sz54v,0.2362645170165884,False
t3_1msmge,0.23616198355296844,False
t3_1ml07a,0.23616198355296844,False
t3_jwijt,0.23616198355296844,False
t3_hrurv,0.2879187037218967,True
t3_ifbh8,0.2879187037218967,True
t3_1la4qw,0.2879187037218967,True
t3_ji284,0.23616198355296844,False
t3_kng31,0.23616198355296844,False
t3_i9m36,0.2362645170165884,False
t3_srzwu,0.2362645170165884,False
t3_1dd7f2,0.2879187037218967,True
t3_lfmlt,0.23616198355296844,False
t3_n33bt,0.2879187037218967,True
t3_qm94i,0.2879187037218967,True
t3_zm5zn,0.2362645170165884,False
t3_kpk2i,0.2362645170165884,False
t3_11hnj3,0.2362645170165884,False
t3_1eek5u,0.2362645170165884,False
t3_1hdosr,0.2362645170165884,False
t3_1gb0m2,0.2362645170165884,False
t3_vxj3u,0.2362645170165884,False
t3_13xx66,0.23616198355296844,False
t3_ukfxm,0.23616198355296844,False
t3_1109ol,0.2879187037218967,True
t3_mkc0j,0.2362645170165884,False
t3_1c9wej,0.28781816270037913,True
t3_qg3tl,0.2362645170165884,False
t3_19hqs4,0.2362645170165884,False
t3_1dj9ut,0.23616198355296844,False
t3_1fw7rg,0.2879187037218967,True
t3_qfg06,0.2362645170165884,False
t3_117p6o,0.2362645170165884,False
t3_1j4pkv,0.2362645170165884,False
t3_1fi3qg,0.28781816270037913,True
t3_p8i8g,0.2362645170165884,False
t3_19li6x,0.23616198355296844,False
t3_x2cnf,0.23616198355296844,False
t3_160ppk,0.2362645170165884,False
t3_1n20xb,0.2362645170165884,False
t3_1dytpv,0.23616198355296844,False
t3_13shfa,0.2362645170165884,False
t3_ik2xk,0.2879187037218967,True
t3_j4eym,0.23616198355296844,False
t3_qnocf,0.28781816270037913,True
t3_wcw5m,0.23616198355296844,False
t3_v0nep,0.2879187037218967,True
t3_jsz3b,0.2362645170165884,False
t3_z8pyv,0.2879187037218967,True
t3_1d743u,0.2362645170165884,False
t3_12ex9y,0.2362645170165884,False
t3_rmysa,0.2879187037218967,True
t3_lj85m,0.23616198355296844,False
t3_1lof0c,0.2362645170165884,False
t3_j1qeu,0.2362645170165884,False
t3_1hrzcx,0.2362645170165884,False
t3_1mug65,0.23616198355296844,False
t3_18ct9a,0.23616198355296844,False
t3_vhwvk,0.2879187037218967,True
t3_kptim,0.28781816270037913,True
t3_vvpm3,0.2879187037218967,True
t3_li7nr,0.2362645170165884,False
t3_13rybt,0.23616198355296844,False
t3_1jg9ua,0.23616198355296844,False
t3_1atgfe,0.2362645170165884,False
t3_k6lxr,0.2362645170165884,False
t3_i4f5p,0.23616198355296844,False
t3_1jic3g,0.2362645170165884,False
t3_pdky6,0.28781816270037913,True
t3_q778f,0.28781816270037913,True
t3_14g8sq,0.2879187037218967,True
t3_mmxzg,0.23616198355296844,False
t3_ovyi3,0.23616198355296844,False
t3_kqvcx,0.2362645170165884,False
t3_1hk0kc,0.2362645170165884,False
t3_1ms3tz,0.23616198355296844,False
t3_1n1nv0,0.2362645170165884,False
t3_z3v1w,0.23616198355296844,False
t3_11y6ha,0.2362645170165884,False
t3_132u9h,0.28781816270037913,True
t3_x60iq,0.2362645170165884,False
t3_1iih7c,0.23616198355296844,False
t3_ifx03,0.2362645170165884,False
t3_wal74,0.28781816270037913,True
t3_xlbva,0.2362645170165884,False
t3_14khk1,0.23616198355296844,False
t3_j4ay7,0.2879187037218967,True
t3_1d4pw9,0.2362645170165884,False
t3_1ay6kg,0.2362645170165884,False
t3_w8dxz,0.2362645170165884,False
t3_ifkoa,0.2362645170165884,False
t3_k6rmw,0.2362645170165884,False
t3_sya7k,0.23616198355296844,False
t3_zxwp7,0.2362645170165884,False
t3_jcuju,0.2362645170165884,False
t3_1l5nlk,0.23616198355296844,False
t3_mejn4,0.2879187037218967,True
t3_1bge05,0.2879187037218967,True
t3_1d18tc,0.28781816270037913,True
t3_xwgmp,0.2362645170165884,False
t3_ljk9d,0.2362645170165884,False
t3_1d0hyy,0.23616198355296844,False
t3_iacsl,0.2362645170165884,False
t3_m6ue5,0.28781816270037913,True
t3_19npzl,0.2362645170165884,False
t3_lde2y,0.2362645170165884,False
t3_uok70,0.28781816270037913,True
t3_qdtwi,0.23616198355296844,False
t3_iqqh4,0.2362645170165884,False
t3_16aprw,0.2362645170165884,False
t3_ogx8x,0.2362645170165884,False
t3_mhhwl,0.28781816270037913,True
t3_16y5eo,0.2879187037218967,True
t3_1jr94y,0.23616198355296844,False
t3_14cq8l,0.2879187037218967,True
t3_oa1bn,0.28781816270037913,True
t3_j5c48,0.2362645170165884,False
t3_zl9mx,0.23616198355296844,False
t3_kqzsi,0.23616198355296844,False
t3_llbbt,0.2362645170165884,False
t3_1kjz61,0.2879187037218967,True
t3_yxo39,0.2362645170165884,False
t3_10inbs,0.28781816270037913,True
t3_1iimjc,0.23616198355296844,False
t3_ksycv,0.2362645170165884,False
t3_hyucu,0.28781816270037913,True
t3_qp3yp,0.23616198355296844,False
t3_r7olz,0.23616198355296844,False
t3_iv1oe,0.2362645170165884,False
t3_rx1kn,0.2879187037218967,True
t3_js0jj,0.2362645170165884,False
t3_uamvp,0.2879187037218967,True
t3_1lvmjt,0.23616198355296844,False
t3_jbns5,0.2362645170165884,False
t3_is2rj,0.2879187037218967,True
t3_wkg7i,0.2362645170165884,False
t3_1i79he,0.2362645170165884,False
t3_j0uqt,0.2362645170165884,False
t3_1lcy20,0.2362645170165884,False
t3_18qrhq,0.2362645170165884,False
t3_pgqj4,0.2879187037218967,True
t3_ndb38,0.2362645170165884,False
t3_w7yx5,0.2879187037218967,True
t3_ruz5d,0.2879187037218967,True
t3_xf08y,0.2362645170165884,False
t3_kly2k,0.23616198355296844,False
t3_1m0gzm,0.23616198355296844,False
t3_1acwio,0.2362645170165884,False
t3_1l4tbw,0.2362645170165884,False
t3_16al3e,0.2362645170165884,False
t3_14szq5,0.23616198355296844,False
t3_jinqa,0.28781816270037913,True
t3_1n2pk1,0.2362645170165884,False
t3_12einf,0.2362645170165884,False
t3_1l39ub,0.23616198355296844,False
t3_16sh48,0.23616198355296844,False
t3_1me87e,0.2362645170165884,False
t3_tpt92,0.2362645170165884,False
t3_1iv3t8,0.2362645170165884,False
t3_1bvvu0,0.23616198355296844,False
t3_1dveio,0.23616198355296844,False
t3_u2x1g,0.2362645170165884,False
t3_17mpk5,0.2362645170165884,False
t3_hvsln,0.2362645170165884,False
t3_ks28o,0.23616198355296844,False
t3_pzyzr,0.2362645170165884,False
t3_1muz45,0.23616198355296844,False
t3_1hh66k,0.2362645170165884,False
t3_mv2p0,0.23616198355296844,False
t3_15uf6h,0.2879187037218967,True
t3_1ikx0m,0.2362645170165884,False
t3_w414u,0.23616198355296844,False
t3_sqs7r,0.23616198355296844,False
t3_ijyyg,0.2879187037218967,True
t3_1cwhzy,0.2362645170165884,False
t3_rv81p,0.2362645170165884,False
t3_jygnk,0.2362645170165884,False
t3_huyb7,0.28781816270037913,True
t3_1iaji5,0.28781816270037913,True
t3_ldp4g,0.28781816270037913,True
t3_16pguo,0.28781816270037913,True
t3_ieouk,0.28781816270037913,True
t3_ydx3y,0.23616198355296844,False
t3_1ldpxz,0.2362645170165884,False
t3_xcuq7,0.2362645170165884,False
t3_x3zw7,0.2362645170165884,False
t3_xk5kb,0.23616198355296844,False
t3_1g2ias,0.2362645170165884,False
t3_1mjadx,0.2362645170165884,False
t3_1mq3sd,0.28781816270037913,True
t3_iahfy,0.2362645170165884,False
t3_16atpc,0.2362645170165884,False
t3_lcs2n,0.28781816270037913,True
t3_kobn3,0.2362645170165884,False
t3_zmvrz,0.23616198355296844,False
t3_13n4wc,0.2879187037218967,True
t3_1jwt8f,0.2362645170165884,False
t3_ya1am,0.2362645170165884,False
t3_kyth8,0.2879187037218967,True
t3_wujgp,0.2879187037218967,True
t3_109v9l,0.23616198355296844,False
t3_19vqlq,0.2362645170165884,False
t3_jsibf,0.23616198355296844,False
t3_1eilsp,0.2879187037218967,True
t3_opr6p,0.2362645170165884,False
t3_i4kxs,0.2879187037218967,True
t3_1cfe7o,0.2879187037218967,True
t3_uu8m0,0.23616198355296844,False
t3_jjjr3,0.2362645170165884,False
t3_ip6t7,0.2362645170165884,False
t3_jo7cn,0.23616198355296844,False
t3_p53xp,0.2362645170165884,False
t3_183m94,0.2879187037218967,True
t3_isw6m,0.28781816270037913,True
t3_1ivbsx,0.2362645170165884,False
t3_t3g7k,0.23616198355296844,False
t3_niyvi,0.23616198355296844,False
t3_14swrv,0.23616198355296844,False
t3_rn35l,0.2879187037218967,True
t3_ictg3,0.2362645170165884,False
t3_iwdxn,0.2879187037218967,True
t3_1j6blu,0.2362645170165884,False
t3_14xiay,0.28781816270037913,True
t3_13s53x,0.2362645170165884,False
t3_ihn52,0.23616198355296844,False
t3_rsdxz,0.2362645170165884,False
t3_kwvtp,0.2362645170165884,False
t3_tow71,0.2362645170165884,False
t3_11r6hr,0.2362645170165884,False
t3_z7nxl,0.23616198355296844,False
t3_1lh7ir,0.2362645170165884,False
t3_14uwjl,0.2362645170165884,False
t3_1k0jhw,0.23616198355296844,False
t3_189pw1,0.2362645170165884,False
t3_kps7l,0.2362645170165884,False
t3_1fhvt9,0.23616198355296844,False
t3_1crb5i,0.2362645170165884,False
t3_1cbaha,0.2362645170165884,False
t3_1dyte2,0.23616198355296844,False
t3_izvqk,0.23616198355296844,False
t3_14twts,0.23616198355296844,False
t3_1bdk1n,0.2362645170165884,False
t3_1mvimj,0.2362645170165884,False
t3_mkn51,0.28781816270037913,True
t3_1mtauc,0.2879187037218967,True
t3_1kds2h,0.2362645170165884,False
t3_zkbg4,0.23616198355296844,False
t3_zpzly,0.28781816270037913,True
t3_lds70,0.23616198355296844,False
t3_1j2fzv,0.2362645170165884,False
t3_1id2lm,0.2362645170165884,False
t3_i5nsa,0.23616198355296844,False
t3_rox61,0.23616198355296844,False
t3_mvbkg,0.2362645170165884,False
t3_1mqv2u,0.28781816270037913,True
t3_leccn,0.23616198355296844,False
t3_ibfwq,0.2879187037218967,True
t3_nht3f,0.23616198355296844,False
t3_1bz3zy,0.23616198355296844,False
t3_1jpir5,0.28781816270037913,True
t3_l7hna,0.2362645170165884,False
t3_172zvl,0.2362645170165884,False
t3_q2x4u,0.2879187037218967,True
t3_i7zc7,0.2362645170165884,False
t3_1db9ne,0.2362645170165884,False
t3_107hh7,0.2362645170165884,False
t3_10w7r5,0.2362645170165884,False
t3_m3usy,0.2362645170165884,False
t3_1hgtzs,0.2879187037218967,True
t3_os1xx,0.2879187037218967,True
t3_kq6o8,0.23616198355296844,False
t3_ldqcn,0.28781816270037913,True
t3_1bdwn4,0.2362645170165884,False
t3_1ktigy,0.23616198355296844,False
t3_q5xsi,0.2879187037218967,True
t3_1nphr4,0.2879187037218967,True
t3_yemx8,0.2362645170165884,False
t3_joe6g,0.2879187037218967,True
t3_1g5lfz,0.2362645170165884,False
t3_k85y0,0.28781816270037913,True
t3_16o8rx,0.23616198355296844,False
t3_1bve6a,0.23616198355296844,False
t3_10wjqb,0.2362645170165884,False
t3_qktdu,0.28781816270037913,True
t3_jzjv6,0.2362645170165884,False
t3_pa63g,0.23616198355296844,False
t3_k81ce,0.2362645170165884,False
t3_1cyskn,0.2362645170165884,False
t3_1jlya3,0.2362645170165884,False
t3_1mltme,0.2362645170165884,False
t3_19h8rg,0.23616198355296844,False
t3_m2yup,0.23616198355296844,False
t3_xnb7e,0.23616198355296844,False
t3_yhkii,0.2362645170165884,False
t3_x4pq4,0.28781816270037913,True
t3_ncvir,0.23616198355296844,False
t3_jgagi,0.28781816270037913,True
t3_wzfa1,0.2362645170165884,False
t3_ofixj,0.2362645170165884,False
t3_110j9p,0.2362645170165884,False
t3_svlxr,0.23616198355296844,False
t3_n1o3t,0.2362645170165884,False
t3_1e4lzb,0.23616198355296844,False
t3_1dafw3,0.28781816270037913,True
t3_xs4sp,0.23616198355296844,False
t3_m7to4,0.28781816270037913,True
t3_1lf8vi,0.2879187037218967,True
t3_iypiy,0.23616198355296844,False
t3_z1o58,0.2362645170165884,False
t3_z5p0q,0.2879187037218967,True
t3_1ju2j1,0.23616198355296844,False
t3_1c9g46,0.2362645170165884,False
t3_ja7v9,0.2362645170165884,False
t3_1crha6,0.23616198355296844,False
t3_1e3qus,0.28781816270037913,True
t3_xgvx1,0.2362645170165884,False
t3_1a26f9,0.2362645170165884,False
t3_w0kpu,0.2362645170165884,False
t3_10hdxb,0.2362645170165884,False
t3_ic9o3,0.2362645170165884,False
t3_1gxmkx,0.2362645170165884,False
t3_x37fw,0.2362645170165884,False
t3_n1kit,0.2879187037218967,True
t3_1jlnc4,0.2879187037218967,True
t3_icnlx,0.2362645170165884,False
t3_j1gwx,0.2362645170165884,False
t3_123mtw,0.2879187037218967,True
t3_i6ciw,0.28781816270037913,True
t3_leer9,0.23616198355296844,False
t3_18117p,0.28781816270037913,True
t3_1cdway,0.28781816270037913,True
t3_10fn4p,0.2362645170165884,False
t3_yumwm,0.23616198355296844,False
t3_sd8rh,0.2362645170165884,False
t3_1ju8pk,0.28781816270037913,True
t3_zu4k8,0.2362645170165884,False
t3_t13t8,0.2362645170165884,False
t3_ibstr,0.23616198355296844,False
t3_1ix7og,0.2362645170165884,False
t3_pdr5c,0.2362645170165884,False
t3_ob19a,0.23616198355296844,False
t3_jq1rb,0.2879187037218967,True
t3_144tva,0.23616198355296844,False
t3_181qem,0.2362645170165884,False
t3_14kyrf,0.23616198355296844,False
t3_1c9d5c,0.2362645170165884,False
t3_1jg9ol,0.2362645170165884,False
t3_lmclj,0.23616198355296844,False
t3_1miisj,0.23616198355296844,False
t3_1lti3w,0.23616198355296844,False
t3_1hb731,0.23616198355296844,False
t3_1gqjs1,0.2362645170165884,False
t3_i9pfa,0.2362645170165884,False
t3_1ejqxg,0.23616198355296844,False
t3_ktevc,0.2362645170165884,False
t3_w3t9i,0.23616198355296844,False
t3_1mamex,0.28781816270037913,True
t3_q8kcl,0.23616198355296844,False
t3_1ihu3g,0.2879187037218967,True
t3_jx8fn,0.2362645170165884,False
t3_19ursh,0.2362645170165884,False
t3_pykdb,0.2362645170165884,False
t3_1kl9m5,0.23616198355296844,False
t3_14ghqp,0.2362645170165884,False
t3_kvphl,0.2362645170165884,False
t3_16vnx8,0.23616198355296844,False
t3_twhwh,0.2879187037218967,True
t3_1n1ors,0.2362645170165884,False
t3_1bpjvp,0.2362645170165884,False
t3_ir5vi,0.28781816270037913,True
t3_wg45f,0.2362645170165884,False
t3_1mdjqu,0.2362645170165884,False
t3_m2lsp,0.2879187037218967,True
t3_w71p4,0.23616198355296844,False
t3_kv7mk,0.2362645170165884,False
t3_js615,0.2362645170165884,False
t3_w8j3r,0.2879187037218967,True
t3_rjyfr,0.2362645170165884,False
t3_p4bbz,0.2362645170165884,False
t3_1irhv8,0.2362645170165884,False
t3_15c29t,0.2362645170165884,False
t3_o3dra,0.23616198355296844,False
t3_uhn9a,0.23616198355296844,False
t3_1eq5hr,0.2362645170165884,False
t3_n1m47,0.2362645170165884,False
t3_vexr7,0.2362645170165884,False
t3_1avgfp,0.2362645170165884,False
t3_1cc1fm,0.28781816270037913,True
t3_iwsyv,0.2362645170165884,False
t3_m580l,0.23616198355296844,False
t3_np780,0.23616198355296844,False
t3_kj1lv,0.28781816270037913,True
t3_m1ugu,0.23616198355296844,False
t3_15dlja,0.2362645170165884,False
t3_17lx74,0.23616198355296844,False
t3_14x19i,0.2362645170165884,False
t3_seser,0.28781816270037913,True
t3_j0t5k,0.23616198355296844,False
t3_i7i3b,0.23616198355296844,False
t3_1ijbcz,0.2362645170165884,False
t3_11ci8m,0.2362645170165884,False
t3_193nh9,0.23616198355296844,False
t3_wwfst,0.2362645170165884,False
t3_pb65f,0.2362645170165884,False
t3_157zdf,0.2362645170165884,False
t3_ur5yf,0.2879187037218967,True
t3_nsp01,0.28781816270037913,True
t3_17z4w1,0.28781816270037913,True
t3_jaaif,0.2362645170165884,False
t3_qdiop,0.2362645170165884,False
t3_rs4l6,0.23616198355296844,False
t3_jii22,0.23616198355296844,False
t3_i79uv,0.28781816270037913,True
t3_isfa0,0.2879187037218967,True
t3_t646u,0.23616198355296844,False
t3_146rcc,0.2362645170165884,False
t3_1ifvl5,0.23616198355296844,False
t3_14se28,0.23616198355296844,False
t3_18920c,0.28781816270037913,True
t3_1lf2wo,0.2362645170165884,False
t3_1g5mzq,0.2879187037218967,True
t3_pdxob,0.2362645170165884,False
t3_m44y4,0.28781816270037913,True
t3_uh6yf,0.23616198355296844,False
t3_12xy6z,0.23616198355296844,False
t3_t5zvr,0.23616198355296844,False
t3_t0h4b,0.2362645170165884,False
t3_1m2eml,0.2362645170165884,False
t3_1bkslu,0.2362645170165884,False
t3_jxo6o,0.2362645170165884,False
t3_w8r0d,0.2362645170165884,False
t3_w275w,0.2362645170165884,False
t3_1ejphm,0.2362645170165884,False
t3_rqba4,0.2879187037218967,True
t3_10qiks,0.23616198355296844,False
t3_iv5pi,0.2879187037218967,True
t3_172og2,0.23616198355296844,False
t3_u9pvk,0.2362645170165884,False
t3_k2xlr,0.2879187037218967,True
t3_lnk5x,0.2879187037218967,True
t3_1ne81h,0.2362645170165884,False
t3_1num5h,0.2362645170165884,False
t3_s34yy,0.2362645170165884,False
t3_wvu7d,0.2879187037218967,True
t3_rojsh,0.23616198355296844,False
t3_zq13j,0.23616198355296844,False
t3_iild5,0.2362645170165884,False
t3_mhfrt,0.2362645170165884,False
t3_jo3bu,0.2362645170165884,False
t3_jfsbk,0.2362645170165884,False
t3_ob0s4,0.2879187037218967,True
t3_1lz2v9,0.23616198355296844,False
t3_16gr7t,0.28781816270037913,True
t3_1g7wwn,0.23616198355296844,False
t3_1inw6k,0.2879187037218967,True
t3_1i3rkt,0.23616198355296844,False
t3_12mvhx,0.2362645170165884,False
t3_vt5pw,0.2362645170165884,False
t3_uj3t6,0.2362645170165884,False
t3_jf3r5,0.2362645170165884,False
t3_o2zp5,0.23616198355296844,False
t3_wyw65,0.23616198355296844,False
t3_k4y7u,0.28781816270037913,True
t3_1eovjy,0.2362645170165884,False
t3_15c8qv,0.2879187037218967,True
t3_icfwu,0.2362645170165884,False
t3_nxcek,0.2362645170165884,False
t3_jp4ch,0.2362645170165884,False
t3_1lsz31,0.23616198355296844,False
t3_qv82g,0.23616198355296844,False
t3_11g7c1,0.2362645170165884,False
t3_1kmo1i,0.23616198355296844,False
t3_1e541d,0.23616198355296844,False
t3_kiwh0,0.23616198355296844,False
t3_jsesk,0.23616198355296844,False
t3_1l0u6j,0.23616198355296844,False
t3_1mt1pn,0.2362645170165884,False
t3_1k6ahh,0.2362645170165884,False
t3_i3nn5,0.23616198355296844,False
t3_1fi22q,0.2879187037218967,True
t3_16ukpa,0.2879187037218967,True
t3_mawlw,0.2362645170165884,False
t3_rzw92,0.2362645170165884,False
t3_1g8m78,0.23616198355296844,False
t3_1mjuvd,0.2362645170165884,False
t3_w4jwd,0.2362645170165884,False
t3_oabpo,0.23616198355296844,False
t3_kap2x,0.2362645170165884,False
t3_kyju4,0.2362645170165884,False
t3_13dupc,0.2362645170165884,False
t3_olkfv,0.23616198355296844,False
t3_nu7h8,0.23616198355296844,False
t3_ik3hj,0.2879187037218967,True
t3_1n79du,0.23616198355296844,False
t3_1dcf2z,0.28781816270037913,True
t3_u027s,0.28781816270037913,True
t3_tjqlx,0.23616198355296844,False
t3_1iupr3,0.2362645170165884,False
t3_1mh2tl,0.2362645170165884,False
t3_154jkb,0.23616198355296844,False
t3_1cqpvz,0.2362645170165884,False
t3_ri2u2,0.2362645170165884,False
t3_vwdiq,0.2362645170165884,False
t3_1noimn,0.2362645170165884,False
t3_1055mk,0.2362645170165884,False
t3_tgqmn,0.2362645170165884,False
t3_t2mwr,0.23616198355296844,False
t3_17cduq,0.23616198355296844,False
t3_1lvvea,0.2362645170165884,False
t3_uog0c,0.2362645170165884,False
t3_16edjg,0.2362645170165884,False
t3_jz8if,0.2362645170165884,False
t3_mhiiv,0.2362645170165884,False
t3_1bdmvl,0.23616198355296844,False
t3_1kmezg,0.28781816270037913,True
t3_hpywv,0.23616198355296844,False
t3_hv7pl,0.23616198355296844,False
t3_1llhu2,0.2362645170165884,False
t3_mo597,0.23616198355296844,False
t3_1i5ifg,0.23616198355296844,False
t3_no0um,0.28781816270037913,True
t3_1j43ni,0.2362645170165884,False
t3_xsd9r,0.2362645170165884,False
t3_w8u6x,0.23616198355296844,False
t3_10klk3,0.2879187037218967,True
t3_ndoym,0.2362645170165884,False
t3_1f6d2l,0.23616198355296844,False
t3_yej9b,0.2362645170165884,False
t3_l73kc,0.2879187037218967,True
t3_14wh1k,0.2362645170165884,False
t3_i7ioa,0.2362645170165884,False
t3_mc7e2,0.2362645170165884,False
t3_ixwsv,0.2362645170165884,False
t3_j8gep,0.23616198355296844,False
t3_lqp0x,0.23616198355296844,False
t3_1muiqm,0.2879187037218967,True
t3_1czlly,0.28781816270037913,True
t3_il4q6,0.23616198355296844,False
t3_1d94gz,0.23616198355296844,False
t3_1edsw6,0.28781816270037913,True
t3_125dqb,0.23616198355296844,False
t3_immo8,0.2879187037218967,True
t3_115nea,0.23616198355296844,False
t3_mofqr,0.2879187037218967,True
t3_1co4xc,0.2362645170165884,False
t3_uhiez,0.2879187037218967,True
t3_1lail7,0.2362645170165884,False
t3_xzu32,0.23616198355296844,False
t3_sgja0,0.2879187037218967,True
t3_k7vda,0.2362645170165884,False
t3_kuii8,0.2362645170165884,False
t3_lef1h,0.2362645170165884,False
t3_wax7t,0.2362645170165884,False
t3_19amcp,0.2362645170165884,False
t3_14tq1i,0.23616198355296844,False
t3_wf6gt,0.28781816270037913,True
t3_1ht5qu,0.23616198355296844,False
t3_obtjw,0.2362645170165884,False
t3_qklf1,0.2879187037218967,True
t3_idnpm,0.2362645170165884,False
t3_ilrar,0.2362645170165884,False
t3_kvwx6,0.23616198355296844,False
t3_1dkdtq,0.2362645170165884,False
t3_1mmcps,0.2362645170165884,False
t3_jh8ly,0.2879187037218967,True
t3_vlcew,0.23616198355296844,False
t3_19gv1n,0.28781816270037913,True
t3_j79ay,0.2362645170165884,False
t3_1f87zo,0.23616198355296844,False
t3_riq8i,0.2362645170165884,False
t3_1axe71,0.2362645170165884,False
t3_1ldbvm,0.2362645170165884,False
t3_qmxqc,0.23616198355296844,False
t3_1cp0qr,0.2362645170165884,False
t3_13thom,0.23616198355296844,False
t3_icc4d,0.2362645170165884,False
t3_1mlyz0,0.23616198355296844,False
t3_1nut28,0.23616198355296844,False
t3_jtgr2,0.23616198355296844,False
t3_srafm,0.2362645170165884,False
t3_18s0cy,0.2362645170165884,False
t3_xeser,0.28781816270037913,True
t3_v99n6,0.23616198355296844,False
t3_1a6jy2,0.2362645170165884,False
t3_waksn,0.2362645170165884,False
t3_1cua9e,0.2879187037218967,True
t3_165ar1,0.23616198355296844,False
t3_1glv50,0.2879187037218967,True
t3_t24ui,0.2362645170165884,False
t3_18jhc4,0.23616198355296844,False
t3_jf027,0.2362645170165884,False
t3_ic5e8,0.2362645170165884,False
t3_1m5kvu,0.23616198355296844,False
t3_ke989,0.2879187037218967,True
t3_ondmh,0.23616198355296844,False
t3_iswig,0.2879187037218967,True
t3_1jq0uq,0.2362645170165884,False
t3_iu7mk,0.23616198355296844,False
t3_x63ac,0.23616198355296844,False
t3_1lhuir,0.23616198355296844,False
t3_10d5w8,0.23616198355296844,False
t3_1imrjn,0.2362645170165884,False
t3_jnmv8,0.2362645170165884,False
t3_1iw3bk,0.23616198355296844,False
t3_iddo8,0.2362645170165884,False
t3_iok9a,0.23616198355296844,False
t3_1llpxo,0.2362645170165884,False
t3_qv45q,0.2362645170165884,False
t3_mifik,0.23616198355296844,False
t3_l1wdk,0.2879187037218967,True
t3_itu81,0.23616198355296844,False
t3_rru4b,0.2879187037218967,True
t3_u8sig,0.2879187037218967,True
t3_z1pmn,0.2362645170165884,False
t3_ikfbc,0.2362645170165884,False
t3_ublha,0.23616198355296844,False
t3_1f530o,0.2879187037218967,True
t3_1ltals,0.23616198355296844,False
t3_jxdjg,0.2879187037218967,True
t3_z9854,0.2362645170165884,False
t3_17rgbn,0.2362645170165884,False
t3_neuhh,0.2362645170165884,False
t3_1ewe42,0.23616198355296844,False
t3_1a0f2i,0.2362645170165884,False
t3_ix8ze,0.23616198355296844,False
t3_jzea8,0.2362645170165884,False
t3_12txr6,0.2362645170165884,False
t3_113ve9,0.2362645170165884,False
t3_1is63m,0.28781816270037913,True
t3_kl5c3,0.2362645170165884,False
t3_1ammcj,0.23616198355296844,False
t3_lu5j6,0.23616198355296844,False
t3_11t8wr,0.28781816270037913,True
t3_kt9zp,0.2362645170165884,False
t3_j0rku,0.2362645170165884,False
t3_q8v2x,0.2362645170165884,False
t3_y2vbb,0.23616198355296844,False
t3_17tola,0.2362645170165884,False
t3_ukobz,0.2362645170165884,False
t3_maz1g,0.28781816270037913,True
t3_vtlp2,0.2879187037218967,True
t3_11bdrf,0.2362645170165884,False
t3_ionv5,0.2879187037218967,True
t3_v3q5i,0.23616198355296844,False
t3_idt0z,0.2879187037218967,True
t3_mku4m,0.2362645170165884,False
t3_1a7vt5,0.23616198355296844,False
t3_m5hy1,0.2362645170165884,False
t3_i3pc3,0.23616198355296844,False
t3_1mrx1d,0.2362645170165884,False
t3_z7i07,0.23616198355296844,False
t3_j0qo2,0.23616198355296844,False
t3_11yryj,0.2362645170165884,False
t3_12af9e,0.23616198355296844,False
t3_ifuib,0.23616198355296844,False
t3_1gx5ao,0.2362645170165884,False
t3_1mj8t8,0.2362645170165884,False
t3_ph76p,0.23616198355296844,False
t3_ikmmp,0.2879187037218967,True
t3_qryga,0.2362645170165884,False
t3_r3sm8,0.23616198355296844,False
t3_kn2wa,0.2362645170165884,False
t3_rn4lx,0.23616198355296844,False
t3_m0x5b,0.28781816270037913,True
t3_1eaao7,0.2362645170165884,False
t3_j853t,0.2362645170165884,False
t3_xl5wz,0.23616198355296844,False
t3_k3x4v,0.2362645170165884,False
t3_11hc8e,0.2879187037218967,True
t3_l8buk,0.2362645170165884,False
t3_kvoic,0.23616198355296844,False
t3_1aruca,0.2362645170165884,False
t3_ibwma,0.23616198355296844,False
t3_lgvxn,0.2362645170165884,False
t3_t0iin,0.23616198355296844,False
t3_1hwiuc,0.28781816270037913,True
t3_1gtx8l,0.23616198355296844,False
t3_1ey7st,0.2362645170165884,False
t3_uhp3f,0.2362645170165884,False
t3_132orm,0.23616198355296844,False
t3_1d8g9b,0.2879187037218967,True
t3_ttuo4,0.23616198355296844,False
t3_ihorg,0.2879187037218967,True
t3_r7s05,0.23616198355296844,False
t3_18udmh,0.2362645170165884,False
t3_1nabmc,0.2362645170165884,False
t3_1b0h0o,0.2362645170165884,False
t3_i0px8,0.2362645170165884,False
t3_1lqkld,0.23616198355296844,False
t3_wj9kf,0.2362645170165884,False
t3_hxvb6,0.2879187037218967,True
t3_sr2y9,0.23616198355296844,False
t3_j0q0q,0.23616198355296844,False
t3_1nuk19,0.23616198355296844,False
t3_vzsx5,0.2362645170165884,False
t3_1fxr0z,0.23616198355296844,False
t3_i5so4,0.2362645170165884,False
t3_1d4qgk,0.2362645170165884,False
t3_leogq,0.2362645170165884,False
t3_m29yl,0.23616198355296844,False
t3_10w4n9,0.23616198355296844,False
t3_pzkzj,0.2879187037218967,True
t3_1eugkb,0.23616198355296844,False
t3_iy2ob,0.2362645170165884,False
t3_nrhrl,0.2879187037218967,True
t3_lqa86,0.2879187037218967,True
t3_1kya1w,0.2879187037218967,True
t3_12cxk6,0.23616198355296844,False
t3_o1xgp,0.2362645170165884,False
t3_13lfl3,0.23616198355296844,False
t3_mx9tf,0.23616198355296844,False
t3_lfob1,0.2879187037218967,True
t3_1gtgh0,0.2362645170165884,False
t3_pozkt,0.2362645170165884,False
t3_pfemq,0.23616198355296844,False
t3_16op6o,0.2362645170165884,False
t3_1jhy34,0.2879187037218967,True
t3_j73fa,0.23616198355296844,False
t3_13savj,0.2879187037218967,True
t3_12y1ie,0.2362645170165884,False
t3_1ky68c,0.23616198355296844,False
t3_1ae1va,0.2362645170165884,False
t3_idulw,0.2362645170165884,False
t3_wnwnq,0.2362645170165884,False
t3_iczex,0.2362645170165884,False
t3_1cw5y4,0.2362645170165884,False
t3_kxix5,0.23616198355296844,False
t3_zuz6j,0.2879187037218967,True
t3_pkcud,0.23616198355296844,False
t3_19570a,0.23616198355296844,False
t3_p1179,0.2362645170165884,False
t3_z928d,0.2362645170165884,False
t3_1nehkl,0.23616198355296844,False
t3_1hz5e6,0.23616198355296844,False
t3_qvcsv,0.2362645170165884,False
t3_igr0w,0.2362645170165884,False
t3_14usz1,0.2362645170165884,False
t3_iylg1,0.2362645170165884,False
t3_n90yo,0.2362645170165884,False
t3_1l2b0y,0.23616198355296844,False
t3_14crrx,0.2362645170165884,False
t3_1b9jel,0.2362645170165884,False
t3_k2lih,0.2362645170165884,False
t3_jxa6b,0.23616198355296844,False
t3_k4snx,0.2362645170165884,False
t3_16805o,0.2362645170165884,False
t3_zwfro,0.23616198355296844,False
t3_ibqrr,0.2879187037218967,True
t3_1jkz28,0.2362645170165884,False
t3_mu6m5,0.28781816270037913,True
t3_1mbflf,0.28781816270037913,True
t3_otcsq,0.2362645170165884,False
t3_1bj56g,0.2879187037218967,True
t3_1gfuj5,0.2362645170165884,False
t3_10s848,0.2362645170165884,False
t3_xcezy,0.2362645170165884,False
t3_mu4mz,0.2362645170165884,False
t3_ixx2j,0.28781816270037913,True
t3_n5shb,0.2362645170165884,False
t3_i04fh,0.23616198355296844,False
t3_10aurm,0.23616198355296844,False
t3_10vswh,0.23616198355296844,False
t3_m83cv,0.23616198355296844,False
t3_lorft,0.2362645170165884,False
t3_1mes3v,0.2362645170165884,False
t3_1h5oec,0.28781816270037913,True
t3_uxfza,0.23616198355296844,False
t3_12vzjm,0.2362645170165884,False
t3_1cvswq,0.2879187037218967,True
t3_16ung0,0.2362645170165884,False
t3_o7842,0.23616198355296844,False
t3_1is946,0.23616198355296844,False
t3_10umqg,0.2362645170165884,False
t3_1gck35,0.2362645170165884,False
t3_16y7id,0.23616198355296844,False
t3_toxi0,0.2879187037218967,True
t3_1l5cvv,0.28781816270037913,True
t3_kfvgc,0.28781816270037913,True
t3_1ehbb9,0.23616198355296844,False
t3_1b0zza,0.23616198355296844,False
t3_1camld,0.2362645170165884,False
t3_1isb15,0.23616198355296844,False
t3_j0aex,0.2362645170165884,False
t3_10keao,0.2362645170165884,False
t3_lpp3p,0.2879187037218967,True
t3_skv3g,0.23616198355296844,False
t3_nef5s,0.28781816270037913,True
t3_iv8qd,0.2879187037218967,True
t3_ujbvy,0.23616198355296844,False
t3_p89qz,0.2362645170165884,False
t3_14wql9,0.23616198355296844,False
t3_1lodmo,0.28781816270037913,True
t3_kwquh,0.2879187037218967,True
t3_1fcn22,0.28781816270037913,True
t3_tk9cn,0.28781816270037913,True
t3_10na75,0.2362645170165884,False
t3_1kknhr,0.2362645170165884,False
t3_slnqa,0.23616198355296844,False
t3_vjsxk,0.28781816270037913,True
t3_ugr68,0.2362645170165884,False
t3_ilzjk,0.2362645170165884,False
t3_167hmn,0.2362645170165884,False
t3_zhcl1,0.2362645170165884,False
t3_1mwmio,0.2362645170165884,False
t3_1jwtws,0.2362645170165884,False
t3_yxiqm,0.23616198355296844,False
t3_k0isy,0.2362645170165884,False
t3_1e4wnn,0.2879187037218967,True
t3_qysl8,0.23616198355296844,False
t3_hxw63,0.2879187037218967,True
t3_13l0bg,0.2362645170165884,False
t3_newr5,0.2362645170165884,False
t3_pmmh9,0.2879187037218967,True
t3_ilsq5,0.23616198355296844,False
t3_1lvls3,0.2362645170165884,False
t3_11pwrp,0.2362645170165884,False
t3_q49o2,0.23616198355296844,False
t3_ideq9,0.2362645170165884,False
t3_xa3sp,0.2362645170165884,False
t3_1kkxag,0.2362645170165884,False
t3_1kruz9,0.28781816270037913,True
t3_1h3nix,0.2362645170165884,False
t3_1gx7x0,0.2362645170165884,False
t3_1j2osp,0.23616198355296844,False
t3_1jutwq,0.2362645170165884,False
t3_lrgth,0.2362645170165884,False
t3_1jafc3,0.28781816270037913,True
t3_l9of0,0.23616198355296844,False
t3_mvoxn,0.28781816270037913,True
t3_uqlqx,0.2362645170165884,False
t3_1njxks,0.2362645170165884,False
t3_1mpt3t,0.2362645170165884,False
t3_rsi7x,0.2362645170165884,False
t3_1kyo8g,0.23616198355296844,False
t3_1n5996,0.2362645170165884,False
t3_11jhye,0.23616198355296844,False
t3_xqjr2,0.2879187037218967,True
t3_x9pve,0.2362645170165884,False
t3_yzwec,0.2362645170165884,False
t3_18q30e,0.23616198355296844,False
t3_1ljwiz,0.2362645170165884,False
t3_16glz7,0.23616198355296844,False
t3_1if2i0,0.23616198355296844,False
t3_10qvae,0.2362645170165884,False
t3_iype1,0.23616198355296844,False
t3_ru4vj,0.23616198355296844,False
t3_lscav,0.2362645170165884,False
t3_o8gnp,0.28781816270037913,True
t3_lsmt9,0.23616198355296844,False
t3_uzpvh,0.2362645170165884,False
t3_x47st,0.2879187037218967,True
t3_nghtu,0.23616198355296844,False
t3_vjdim,0.23616198355296844,False
t3_1hyixu,0.2362645170165884,False
t3_rpw8f,0.2362645170165884,False
t3_128sfo,0.2879187037218967,True
t3_in7dr,0.2879187037218967,True
t3_l94vi,0.23616198355296844,False
t3_119xz7,0.2362645170165884,False
t3_i99c5,0.2879187037218967,True
t3_roird,0.2879187037218967,True
t3_kqrkn,0.2362645170165884,False
t3_1mjbbl,0.2362645170165884,False
t3_zkn7o,0.2879187037218967,True
t3_1h7y09,0.2362645170165884,False
t3_1lq7rz,0.2362645170165884,False
t3_1mfnsc,0.2362645170165884,False
t3_iusix,0.2362645170165884,False
t3_1krs90,0.2879187037218967,True
t3_jsxdy,0.2362645170165884,False
t3_wxb30,0.28781816270037913,True
t3_n5a6g,0.28781816270037913,True
t3_yel08,0.23616198355296844,False
t3_jvv9g,0.2362645170165884,False
t3_inmm0,0.23616198355296844,False
t3_1i6y0l,0.28781816270037913,True
t3_13r18s,0.2879187037218967,True
t3_1fjr73,0.2879187037218967,True
t3_jhx9e,0.23616198355296844,False
t3_1lqgmi,0.2362645170165884,False
t3_kcm7i,0.2362645170165884,False
t3_1b3xvv,0.2362645170165884,False
t3_uknh3,0.2362645170165884,False
t3_k7vh5,0.2362645170165884,False
t3_12f5oh,0.2879187037218967,True
t3_14mv11,0.28781816270037913,True
t3_ov4nz,0.2362645170165884,False
t3_pnn3c,0.2362645170165884,False
t3_1n52c1,0.23616198355296844,False
t3_rrh0t,0.23616198355296844,False
t3_qpu20,0.2879187037218967,True
t3_1iaxs2,0.2362645170165884,False
t3_174u7e,0.2879187037218967,True
t3_1cyyax,0.2362645170165884,False
t3_vyupq,0.28781816270037913,True
t3_tb5nc,0.2362645170165884,False
t3_19d2sg,0.2362645170165884,False
t3_1es4fc,0.2362645170165884,False
t3_118z7k,0.2362645170165884,False
t3_1kty9m,0.2362645170165884,False
t3_10fc3l,0.2362645170165884,False
t3_1j4hjb,0.2362645170165884,False
t3_jip7h,0.23616198355296844,False
t3_xn5kn,0.23616198355296844,False
t3_tab3g,0.23616198355296844,False
t3_k2z7f,0.2362645170165884,False
t3_ytmqq,0.28781816270037913,True
t3_1gxorf,0.23616198355296844,False
t3_iy464,0.2362645170165884,False
t3_1ciiv0,0.28781816270037913,True
t3_ixsgt,0.2362645170165884,False
t3_iejp5,0.2879187037218967,True
t3_jt7po,0.2362645170165884,False
t3_19yeyf,0.23616198355296844,False
t3_jaweo,0.2362645170165884,False
t3_jb971,0.23616198355296844,False
t3_na9ck,0.2879187037218967,True
t3_1itvb5,0.23616198355296844,False
t3_zslif,0.2362645170165884,False
t3_131abh,0.2362645170165884,False
t3_17tuw9,0.2362645170165884,False
t3_1o2zxa,0.2362645170165884,False
t3_10ck66,0.2362645170165884,False
t3_1ios7g,0.2362645170165884,False
t3_ivw59,0.28781816270037913,True
t3_k6kho,0.2879187037218967,True
t3_i7pk6,0.2879187037218967,True
t3_iw7xs,0.23616198355296844,False
t3_1bn5pb,0.23616198355296844,False
t3_pxuna,0.2362645170165884,False
t3_16hgx6,0.23616198355296844,False
t3_1fot3u,0.2362645170165884,False
t3_1cyddp,0.23616198355296844,False
t3_pt4dr,0.23616198355296844,False
t3_jzbel,0.2879187037218967,True
t3_1mju70,0.2362645170165884,False
t3_oobtt,0.23616198355296844,False
t3_i7crh,0.2362645170165884,False
t3_1cfki8,0.23616198355296844,False
t3_lpwg8,0.2879187037218967,True
t3_sj1n4,0.2362645170165884,False
t3_oy9bv,0.23616198355296844,False
t3_1en6yk,0.2879187037218967,True
t3_zj7ws,0.2879187037218967,True
t3_w3zne,0.23616198355296844,False
t3_na04t,0.2879187037218967,True
t3_1eh62x,0.2362645170165884,False
t3_pig5v,0.2362645170165884,False
t3_1ibemu,0.23616198355296844,False
t3_1j6gpn,0.23616198355296844,False
t3_k7xui,0.2362645170165884,False
t3_1ln1oz,0.2362645170165884,False
t3_mkt13,0.2362645170165884,False
t3_15htf7,0.2879187037218967,True
t3_1ndzxb,0.2879187037218967,True
t3_128ih7,0.23616198355296844,False
t3_kv7ng,0.28781816270037913,True
t3_o4ze3,0.2362645170165884,False
t3_w3yw4,0.2879187037218967,True
t3_11yef6,0.23616198355296844,False
t3_qbp0g,0.2362645170165884,False
t3_mwjqi,0.2362645170165884,False
t3_mglcv,0.2362645170165884,False
t3_1jjc4n,0.2362645170165884,False
t3_hv3vp,0.28781816270037913,True
t3_19xyza,0.2879187037218967,True
t3_vekew,0.23616198355296844,False
t3_kwlz2,0.23616198355296844,False
t3_qaoho,0.2362645170165884,False
t3_1aw0ui,0.2362645170165884,False
t3_1fxt00,0.2362645170165884,False
t3_1h0la8,0.2362645170165884,False
t3_1jna2p,0.2362645170165884,False
t3_12j06o,0.23616198355296844,False
t3_1liygh,0.23616198355296844,False
t3_1ifvtx,0.23616198355296844,False
t3_1afu30,0.2362645170165884,False
t3_1ba16a,0.2362645170165884,False
t3_1lb8wo,0.28781816270037913,True
t3_lm2ed,0.23616198355296844,False
t3_1mm4im,0.2362645170165884,False
t3_1hhjs2,0.2362645170165884,False
t3_q12a1,0.2879187037218967,True
t3_1aquqd,0.2362645170165884,False
t3_18pu7k,0.23616198355296844,False
t3_z3g7m,0.23616198355296844,False
t3_q2x4z,0.28781816270037913,True
t3_hrudm,0.2362645170165884,False
t3_i3tm6,0.23616198355296844,False
t3_1igg5z,0.2362645170165884,False
t3_kqjm9,0.2362645170165884,False
t3_jiprd,0.2362645170165884,False
t3_l92cy,0.28781816270037913,True
t3_wulo7,0.2362645170165884,False
t3_18tytz,0.2879187037218967,True
t3_191q66,0.2362645170165884,False
t3_1gfuky,0.2362645170165884,False
t3_jj4jj,0.2879187037218967,True
t3_pygld,0.2362645170165884,False
t3_hv2b2,0.2879187037218967,True
t3_1akdmw,0.28781816270037913,True
t3_j06yw,0.2879187037218967,True
t3_z8ut8,0.23616198355296844,False
t3_1na3ho,0.23616198355296844,False
t3_krtse,0.2879187037218967,True
t3_ks6b5,0.28781816270037913,True
t3_q9437,0.2362645170165884,False
t3_1k1s3k,0.2362645170165884,False
t3_l58wd,0.23616198355296844,False
t3_1db8z4,0.2362645170165884,False
t3_14koem,0.2362645170165884,False
t3_146oos,0.23616198355296844,False
t3_z9lyp,0.2362645170165884,False
t3_l7opc,0.2879187037218967,True
t3_1i5hgm,0.2362645170165884,False
t3_n6oq8,0.2362645170165884,False
t3_sybhv,0.2362645170165884,False
t3_1k8hgw,0.2362645170165884,False
t3_jb46d,0.2879187037218967,True
t3_k8871,0.2362645170165884,False
t3_hyvp0,0.23616198355296844,False
t3_12td6i,0.2362645170165884,False
t3_logzt,0.23616198355296844,False
t3_or3rf,0.23616198355296844,False
t3_lb0vv,0.2362645170165884,False
t3_jyf1u,0.23616198355296844,False
t3_nklm9,0.23616198355296844,False
t3_rzwq8,0.2362645170165884,False
t3_lab4w,0.2362645170165884,False
t3_je2hx,0.23616198355296844,False
t3_y3e7l,0.2362645170165884,False
t3_if1u3,0.28781816270037913,True
t3_kx48b,0.2362645170165884,False
t3_ictp4,0.23616198355296844,False
t3_iysb4,0.2362645170165884,False
t3_yxozc,0.2362645170165884,False
t3_n175l,0.23616198355296844,False
t3_owjvm,0.2362645170165884,False
t3_v94b3,0.2879187037218967,True
t3_1ljq51,0.23616198355296844,False
t3_100mod,0.2362645170165884,False
t3_1dnhcy,0.2879187037218967,True
t3_m2ot3,0.2362645170165884,False
t3_14t8xg,0.2362645170165884,False
t3_1fhaz1,0.2362645170165884,False
t3_k84n9,0.23616198355296844,False
t3_z8w20,0.2362645170165884,False
t3_i93jv,0.28781816270037913,True
t3_15cmbc,0.2879187037218967,True
t3_j8f0g,0.2879187037218967,True
t3_iarv8,0.2879187037218967,True
t3_1cisli,0.2362645170165884,False
t3_13vgju,0.2879187037218967,True
t3_1k8kgg,0.2362645170165884,False
t3_131wfv,0.2362645170165884,False
t3_1fxtdo,0.2362645170165884,False
t3_15wxdg,0.28781816270037913,True
t3_kydq0,0.28781816270037913,True
t3_11rnen,0.28781816270037913,True
t3_1ab9wo,0.28781816270037913,True
t3_tx7u2,0.2362645170165884,False
t3_182dmn,0.2362645170165884,False
t3_v8h8a,0.28781816270037913,True
t3_xz123,0.2362645170165884,False
t3_1ifnr4,0.28781816270037913,True
t3_1bhrf4,0.23616198355296844,False
t3_1ig16d,0.23616198355296844,False
t3_o8mv5,0.2362645170165884,False
t3_13uvd9,0.2362645170165884,False
t3_js9be,0.2879187037218967,True
t3_1bydz5,0.23616198355296844,False
t3_om5sm,0.23616198355296844,False
t3_1kmae0,0.23616198355296844,False
t3_ivnss,0.23616198355296844,False
t3_vwgnh,0.2879187037218967,True
t3_uzcgo,0.2362645170165884,False
t3_w5491,0.28781816270037913,True
t3_1l5eze,0.23616198355296844,False
t3_ipslu,0.23616198355296844,False
t3_uazup,0.2362645170165884,False
t3_14aj2t,0.2362645170165884,False
t3_17vva0,0.23616198355296844,False
t3_1kahng,0.23616198355296844,False
t3_1ifl5x,0.23616198355296844,False
t3_iienh,0.28781816270037913,True
t3_1ae5ay,0.2362645170165884,False
t3_idpcz,0.2879187037218967,True
t3_nczhy,0.2362645170165884,False
t3_1iey96,0.2362645170165884,False
t3_1g3h1r,0.28781816270037913,True
t3_1hwx9u,0.2362645170165884,False
t3_ukmmm,0.23616198355296844,False
t3_sw852,0.2362645170165884,False
t3_vjcut,0.2362645170165884,False
t3_1k51re,0.2362645170165884,False
t3_n6u50,0.2362645170165884,False
t3_18zjcg,0.2362645170165884,False
t3_ihz99,0.2362645170165884,False
t3_w88ed,0.2879187037218967,True
t3_wsinb,0.2362645170165884,False
t3_xkoil,0.2362645170165884,False
t3_154pzd,0.2362645170165884,False
t3_12racv,0.2879187037218967,True
t3_1iw4au,0.2362645170165884,False
t3_olc0m,0.2362645170165884,False
t3_swnms,0.2362645170165884,False
t3_15xzhy,0.2879187037218967,True
t3_1jgj2w,0.2879187037218967,True
t3_jeudl,0.23616198355296844,False
t3_jf24w,0.2362645170165884,False
t3_14ulsq,0.2879187037218967,True
t3_1j6ymx,0.2362645170165884,False
t3_1dl1qp,0.2362645170165884,False
t3_rn074,0.2879187037218967,True
t3_1k63va,0.2362645170165884,False
t3_umy6v,0.2362645170165884,False
t3_1gy00l,0.2362645170165884,False
t3_lsn4v,0.23616198355296844,False
t3_wpvrz,0.23616198355296844,False
t3_icvqh,0.2362645170165884,False
t3_huphf,0.2362645170165884,False
t3_t5k9r,0.23616198355296844,False
t3_wecef,0.2362645170165884,False
t3_m8vvc,0.23616198355296844,False
t3_1lllet,0.23616198355296844,False
t3_149qai,0.28781816270037913,True
t3_kwqvy,0.2362645170165884,False
t3_kbmzh,0.2362645170165884,False
t3_jcufy,0.2362645170165884,False
t3_1iv2wh,0.23616198355296844,False
t3_zsogn,0.2879187037218967,True
t3_j61n8,0.2362645170165884,False
t3_ytpeu,0.23616198355296844,False
t3_itfzk,0.2362645170165884,False
t3_x1guo,0.23616198355296844,False
t3_18sjqm,0.28781816270037913,True
t3_lupna,0.2362645170165884,False
t3_rs57d,0.23616198355296844,False
t3_1nrbxw,0.2362645170165884,False
t3_jbte8,0.23616198355296844,False
t3_1chlic,0.2879187037218967,True
t3_nkgiv,0.28781816270037913,True
t3_151cmz,0.2362645170165884,False
t3_1dtmzy,0.2362645170165884,False
t3_ikaoj,0.2879187037218967,True
t3_k1tbk,0.2362645170165884,False
t3_y42wf,0.23616198355296844,False
t3_15i1xz,0.2362645170165884,False
t3_1d7z1r,0.2879187037218967,True
t3_in0qw,0.2879187037218967,True
t3_17lqrn,0.23616198355296844,False
t3_hvof7,0.2362645170165884,False
t3_12l6ii,0.2362645170165884,False
t3_i1clg,0.2879187037218967,True
t3_1jhyp2,0.23616198355296844,False
t3_mmz3i,0.28781816270037913,True
t3_ko99d,0.2362645170165884,False
t3_1lqvcp,0.2362645170165884,False
t3_1na7ht,0.23616198355296844,False
t3_1m6mpd,0.2362645170165884,False
t3_x782m,0.2879187037218967,True
t3_1ffkrg,0.2362645170165884,False
t3_ibtzv,0.2362645170165884,False
t3_1msy9e,0.2362645170165884,False
t3_p8axs,0.2362645170165884,False
t3_1davss,0.2362645170165884,False
t3_oblhl,0.2362645170165884,False
t3_mvaiv,0.23616198355296844,False
t3_zkmeg,0.23616198355296844,False
t3_13deln,0.2362645170165884,False
t3_y2xjx,0.2362645170165884,False
t3_1bbnw0,0.2362645170165884,False
t3_1fqbbq,0.2362645170165884,False
t3_1id1k2,0.2879187037218967,True
t3_ibkc4,0.2362645170165884,False
t3_195mf3,0.2879187037218967,True
t3_1llkg2,0.2362645170165884,False
t3_12gu82,0.23616198355296844,False
t3_j87d2,0.28781816270037913,True
t3_1k3rlu,0.23616198355296844,False
t3_rsdh6,0.2362645170165884,False
t3_1mrx1j,0.23616198355296844,False
t3_1cxwov,0.2879187037218967,True
t3_rx7v4,0.2362645170165884,False
t3_1llud8,0.2362645170165884,False
t3_kdgmx,0.28781816270037913,True
t3_16w4zn,0.2362645170165884,False
t3_s3mtl,0.28781816270037913,True
t3_pb1sl,0.28781816270037913,True
t3_iznw0,0.2362645170165884,False
t3_hws5c,0.23616198355296844,False
t3_pk4tr,0.2362645170165884,False
t3_10h20i,0.23616198355296844,False
t3_jft2k,0.2362645170165884,False
t3_14t0bl,0.2362645170165884,False
t3_1d6c1g,0.2362645170165884,False
t3_o65jc,0.23616198355296844,False
t3_n7mur,0.2362645170165884,False
t3_muiih,0.2362645170165884,False
t3_14j1b2,0.2362645170165884,False
t3_vtgdh,0.28781816270037913,True
t3_1cniet,0.2362645170165884,False
t3_15jmv1,0.23616198355296844,False
t3_iujkk,0.23616198355296844,False
t3_j85wn,0.2362645170165884,False
t3_1id27a,0.2362645170165884,False
t3_1m1smt,0.23616198355296844,False
t3_1ffnaq,0.23616198355296844,False
t3_mow2w,0.23616198355296844,False
t3_hukj1,0.2362645170165884,False
t3_tdw3i,0.2362645170165884,False
t3_wshre,0.28781816270037913,True
t3_wwlqz,0.28781816270037913,True
t3_wbugq,0.2362645170165884,False
t3_kq9e3,0.2362645170165884,False
t3_18k1dz,0.23616198355296844,False
t3_1h3382,0.2362645170165884,False
t3_io6ru,0.2879187037218967,True
t3_11kbdf,0.2879187037218967,True
t3_1iimqf,0.23616198355296844,False
t3_ihosh,0.28781816270037913,True
t3_12m2y4,0.23616198355296844,False
t3_mqiiz,0.2362645170165884,False
t3_121dl9,0.23616198355296844,False
t3_k4vc2,0.28781816270037913,True
t3_n9m3n,0.2362645170165884,False
t3_irmmk,0.28781816270037913,True
t3_l3l3g,0.2362645170165884,False
t3_vcq8s,0.23616198355296844,False
t3_13ug6n,0.23616198355296844,False
t3_la7ul,0.2362645170165884,False
t3_mk1nh,0.2362645170165884,False
t3_i3mry,0.23616198355296844,False
t3_14xo20,0.23616198355296844,False
t3_1gc7u9,0.2879187037218967,True
t3_n6qo2,0.2362645170165884,False
t3_jisdc,0.2362645170165884,False
t3_n474p,0.23616198355296844,False
t3_sgzz0,0.2879187037218967,True
t3_1f77ml,0.23616198355296844,False
t3_14tosq,0.2362645170165884,False
t3_xh7vf,0.23616198355296844,False
t3_15v1mc,0.2362645170165884,False
t3_ohij5,0.2362645170165884,False
t3_icph0,0.23616198355296844,False
t3_l8o26,0.2362645170165884,False
t3_1ehki4,0.23616198355296844,False
t3_1d0i0j,0.2362645170165884,False
t3_zbcu8,0.28781816270037913,True
t3_j838f,0.23616198355296844,False
t3_1j1mip,0.2362645170165884,False
t3_uulv7,0.2362645170165884,False
t3_jmdii,0.23616198355296844,False
t3_1b0sq9,0.23616198355296844,False
t3_jlj01,0.28781816270037913,True
t3_1kmnki,0.23616198355296844,False
t3_1kfhz1,0.23616198355296844,False
t3_1040za,0.2362645170165884,False
t3_mugyw,0.23616198355296844,False
t3_scg6o,0.23616198355296844,False
t3_1iupjn,0.23616198355296844,False
t3_k3zar,0.2362645170165884,False
t3_iddhq,0.2362645170165884,False
t3_jb79g,0.23616198355296844,False
t3_1mekgd,0.2362645170165884,False
t3_j90ek,0.2362645170165884,False
t3_13mqgm,0.2362645170165884,False
t3_iw7l2,0.23616198355296844,False
t3_jg981,0.2362645170165884,False
t3_1i26al,0.2879187037218967,True
t3_iftx0,0.23616198355296844,False
t3_iw91m,0.2879187037218967,True
t3_1kwha4,0.2362645170165884,False
t3_iir1z,0.2879187037218967,True
t3_qqotp,0.2879187037218967,True
t3_j9z9o,0.2362645170165884,False
t3_1ftucp,0.2362645170165884,False
t3_ict80,0.2879187037218967,True
t3_181wsu,0.28781816270037913,True
t3_1b06cq,0.2362645170165884,False
t3_1brsgw,0.2362645170165884,False
t3_n5pmp,0.2879187037218967,True
t3_1ik128,0.2879187037218967,True
t3_1cu1nc,0.23616198355296844,False
t3_p77uu,0.28781816270037913,True
t3_jtgug,0.2362645170165884,False
t3_1dviqi,0.23616198355296844,False
t3_j9ae8,0.23616198355296844,False
t3_ich9n,0.2362645170165884,False
t3_ifxnp,0.28781816270037913,True
t3_j55fd,0.28781816270037913,True
t3_1msp19,0.2362645170165884,False
t3_yg26s,0.2879187037218967,True
t3_r936p,0.23616198355296844,False
t3_ikmen,0.28781816270037913,True
t3_www9d,0.23616198355296844,False
t3_1l0vhw,0.2879187037218967,True
t3_1nef8z,0.28781816270037913,True
t3_j61pf,0.2362645170165884,False
t3_w3slx,0.2362645170165884,False
t3_1irscg,0.2362645170165884,False
t3_jr1ka,0.2879187037218967,True
t3_nmkka,0.2362645170165884,False
t3_nxq14,0.2879187037218967,True
t3_hibdv,0.2879187037218967,True
t3_qaj56,0.2362645170165884,False
t3_z8wtl,0.2362645170165884,False
t3_nj6st,0.23616198355296844,False
t3_18t5ru,0.2362645170165884,False
t3_jck08,0.2362645170165884,False
t3_16arv8,0.23616198355296844,False
t3_1709m0,0.23616198355296844,False
t3_1bp1cv,0.2362645170165884,False
t3_nkp9o,0.23616198355296844,False
t3_jqwa9,0.23616198355296844,False
t3_u69ow,0.2879187037218967,True
t3_lmjz4,0.2879187037218967,True
t3_13ya6m,0.2362645170165884,False
t3_1izixi,0.2362645170165884,False
t3_1clmxr,0.28781816270037913,True
t3_15ybss,0.2879187037218967,True
t3_11szpu,0.2362645170165884,False
t3_13mlby,0.2362645170165884,False
t3_uotiq,0.28781816270037913,True
t3_tqyet,0.2879187037218967,True
t3_zs16w,0.2362645170165884,False
t3_hu593,0.28781816270037913,True
t3_tk9mh,0.2362645170165884,False
t3_11n84b,0.2362645170165884,False
t3_l5bde,0.2879187037218967,True
t3_is7uc,0.2879187037218967,True
t3_1itzxj,0.2362645170165884,False
t3_il2l9,0.2362645170165884,False
t3_l1y8x,0.23616198355296844,False
t3_lkcdk,0.2362645170165884,False
t3_19cufc,0.23616198355296844,False
t3_10rj64,0.23616198355296844,False
t3_12huul,0.23616198355296844,False
t3_kwodq,0.2362645170165884,False
t3_13iiyh,0.2362645170165884,False
t3_182nt8,0.2879187037218967,True
t3_1bxfj3,0.2362645170165884,False
t3_pbco0,0.2362645170165884,False
t3_tn702,0.23616198355296844,False
t3_t6547,0.2362645170165884,False
t3_thhqb,0.2362645170165884,False
t3_14t5b8,0.2362645170165884,False
t3_133nyb,0.2362645170165884,False
t3_1ejvrl,0.23616198355296844,False
t3_ze85f,0.2362645170165884,False
t3_16ryqe,0.2362645170165884,False
t3_s9n26,0.23616198355296844,False
t3_pbztp,0.28781816270037913,True
t3_1k26f2,0.23616198355296844,False
t3_mr2km,0.2879187037218967,True
t3_14sy0u,0.28781816270037913,True
t3_11newy,0.23616198355296844,False
t3_jui7f,0.2879187037218967,True
t3_18zjs4,0.23616198355296844,False
t3_1hfald,0.23616198355296844,False
t3_1iveja,0.23616198355296844,False
t3_1l6t09,0.2879187037218967,True
t3_157fqg,0.23616198355296844,False
t3_13hdci,0.23616198355296844,False
t3_144wnv,0.23616198355296844,False
t3_jm0cw,0.23616198355296844,False
t3_1a582e,0.2362645170165884,False
t3_rgjgq,0.23616198355296844,False
t3_xj0rc,0.23616198355296844,False
t3_wdwb0,0.2879187037218967,True
t3_1j8sgl,0.2879187037218967,True
t3_q8i8i,0.2362645170165884,False
t3_xbms1,0.28781816270037913,True
t3_xg214,0.2362645170165884,False
t3_x89xn,0.2879187037218967,True
t3_jb6p3,0.2362645170165884,False
t3_v0yeh,0.2879187037218967,True
t3_mwopz,0.2362645170165884,False
t3_jjq9w,0.2362645170165884,False
t3_124c7p,0.23616198355296844,False
t3_vcqbd,0.2362645170165884,False
t3_11tekf,0.23616198355296844,False
t3_icfnk,0.2362645170165884,False
t3_1edpii,0.2362645170165884,False
t3_1hz51l,0.2879187037218967,True
t3_soeo5,0.2362645170165884,False
t3_10ebw3,0.2879187037218967,True
t3_j6wv1,0.28781816270037913,True
t3_1ffnnh,0.2362645170165884,False
t3_1bvtgr,0.23616198355296844,False
t3_rgzga,0.2879187037218967,True
t3_mndty,0.2879187037218967,True
t3_xknj8,0.2362645170165884,False
t3_i33gj,0.2879187037218967,True
t3_1fu8yx,0.23616198355296844,False
t3_1f7t8a,0.23616198355296844,False
t3_1naeuj,0.2362645170165884,False
t3_15c5u0,0.2362645170165884,False
t3_10mlm1,0.23616198355296844,False
t3_10qczt,0.2362645170165884,False
t3_17dgf1,0.2362645170165884,False
t3_w3q7n,0.2362645170165884,False
t3_iz8dq,0.28781816270037913,True
t3_q875f,0.23616198355296844,False
t3_objkf,0.2362645170165884,False
t3_1lxtkj,0.2362645170165884,False
t3_1hpzep,0.23616198355296844,False
t3_17kz10,0.2362645170165884,False
t3_wqhuu,0.23616198355296844,False
t3_1kawvx,0.23616198355296844,False
t3_1ddfpw,0.23616198355296844,False
t3_1bao52,0.2362645170165884,False
t3_lag2x,0.2362645170165884,False
t3_slh6k,0.23616198355296844,False
t3_qvej1,0.2879187037218967,True
t3_hucws,0.2879187037218967,True
t3_ic26b,0.2362645170165884,False
t3_zkc8o,0.2879187037218967,True
t3_jombw,0.2362645170165884,False
t3_ledg8,0.2362645170165884,False
t3_1iku0z,0.2362645170165884,False
t3_j88fc,0.28781816270037913,True
t3_1dfkhd,0.2362645170165884,False
t3_sxf37,0.2879187037218967,True
t3_kuikd,0.2362645170165884,False
t3_1ncc7t,0.2362645170165884,False
t3_jyjhi,0.23616198355296844,False
t3_qljyk,0.28781816270037913,True
t3_tp8yo,0.23616198355296844,False
t3_1m576o,0.23616198355296844,False
t3_ibsa9,0.2362645170165884,False
t3_14t6np,0.2362645170165884,False
t3_jrale,0.23616198355296844,False
t3_jytd5,0.23616198355296844,False
t3_medlt,0.23616198355296844,False
t3_m54xb,0.2879187037218967,True
t3_lwvxc,0.2362645170165884,False
t3_k9i30,0.2362645170165884,False
t3_icpqh,0.23616198355296844,False
t3_uyl41,0.23616198355296844,False
t3_101kt0,0.28781816270037913,True
t3_jn9sg,0.2879187037218967,True
t3_mndly,0.2879187037218967,True
t3_yfn0b,0.2362645170165884,False
t3_kdax0,0.23616198355296844,False
t3_1kxb0f,0.2362645170165884,False
t3_jzgqa,0.2362645170165884,False
t3_1hbh16,0.2362645170165884,False
t3_yxkq4,0.23616198355296844,False
t3_19nobm,0.2362645170165884,False
t3_1ew6xg,0.2362645170165884,False
t3_xp43w,0.23616198355296844,False
t3_v6r0g,0.2879187037218967,True
t3_m6zgt,0.28781816270037913,True
t3_1jjeka,0.2362645170165884,False
t3_ptdnp,0.23616198355296844,False
t3_oe92x,0.2362645170165884,False
t3_1kavsa,0.2362645170165884,False
t3_k0pr4,0.2879187037218967,True
t3_1na78o,0.2879187037218967,True
t3_kcdmz,0.23616198355296844,False
t3_173905,0.2362645170165884,False
t3_195mut,0.2879187037218967,True
t3_1ig46p,0.2362645170165884,False
t3_1mh5bj,0.2362645170165884,False
t3_1ifent,0.2362645170165884,False
t3_xd34k,0.28781816270037913,True
t3_m3nk7,0.28781816270037913,True
t3_jsdsk,0.2362645170165884,False
t3_n843d,0.2362645170165884,False
t3_19eisi,0.2362645170165884,False
t3_j1w49,0.2362645170165884,False
t3_1nyrx1,0.28781816270037913,True
t3_ualoh,0.2879187037218967,True
t3_1bml26,0.2362645170165884,False
t3_1f5nhl,0.2362645170165884,False
t3_11mmww,0.2879187037218967,True
t3_y9vxk,0.28781816270037913,True
t3_14rldj,0.23616198355296844,False
t3_jb70d,0.23616198355296844,False
t3_tynyu,0.2362645170165884,False
t3_1lnwkl,0.23616198355296844,False
t3_r454z,0.23616198355296844,False
t3_wnwhi,0.23616198355296844,False
t3_12apt5,0.2362645170165884,False
t3_kr8h8,0.2362645170165884,False
t3_t23ob,0.2362645170165884,False
t3_huzao,0.2879187037218967,True
t3_14t8pe,0.2362645170165884,False
t3_1evcwh,0.23616198355296844,False
t3_1f1506,0.2362645170165884,False
t3_xbt0s,0.2362645170165884,False
t3_17vux6,0.2362645170165884,False
t3_idb6v,0.23616198355296844,False
t3_zixmq,0.23616198355296844,False
t3_1iiqvf,0.2362645170165884,False
t3_jdpx4,0.2362645170165884,False
t3_rpal7,0.2362645170165884,False
t3_18r5lh,0.23616198355296844,False
t3_i8ia0,0.23616198355296844,False
t3_i5lr2,0.23616198355296844,False
t3_v8v5j,0.2362645170165884,False
t3_icfjb,0.2879187037218967,True
t3_1ncfcp,0.23616198355296844,False
t3_ije3d,0.2879187037218967,True
t3_1crw8q,0.23616198355296844,False
t3_15z3s2,0.23616198355296844,False
t3_pt8vm,0.2362645170165884,False
t3_1gtriw,0.23616198355296844,False
t3_idi7x,0.2362645170165884,False
t3_kwsfa,0.2362645170165884,False
t3_xhk47,0.2362645170165884,False
t3_pob6f,0.2362645170165884,False
t3_hvxok,0.28781816270037913,True
t3_1dr9hu,0.2879187037218967,True
t3_1apw7t,0.2362645170165884,False
t3_jht52,0.23616198355296844,False
t3_137ka6,0.2362645170165884,False
t3_10s41l,0.2362645170165884,False
t3_1lc3ei,0.2362645170165884,False
t3_152l21,0.28781816270037913,True
t3_xsjf7,0.2362645170165884,False
t3_hyi8k,0.23616198355296844,False
t3_1ex8js,0.28781816270037913,True
t3_mzuts,0.23616198355296844,False
t3_j9eo0,0.23616198355296844,False
t3_17jitq,0.23616198355296844,False
t3_m706c,0.28781816270037913,True
t3_iuysl,0.28781816270037913,True
t3_13fk4e,0.2362645170165884,False
t3_j7x5w,0.2362645170165884,False
t3_sy52f,0.2362645170165884,False
t3_rrtk0,0.2362645170165884,False
t3_117xb4,0.23616198355296844,False
t3_1bimzj,0.2362645170165884,False
t3_ioy71,0.28781816270037913,True
t3_11pnr3,0.2362645170165884,False
t3_pk4g1,0.28781816270037913,True
t3_oxcqd,0.23616198355296844,False
t3_1h9ylg,0.23616198355296844,False
t3_1b6136,0.2362645170165884,False
t3_1jwshe,0.23616198355296844,False
t3_1n1qbc,0.2362645170165884,False
t3_mxzih,0.2879187037218967,True
t3_mzewd,0.2879187037218967,True
t3_11q9z7,0.23616198355296844,False
t3_13pfym,0.23616198355296844,False
t3_x36zi,0.28781816270037913,True
t3_pgzcv,0.2362645170165884,False
t3_qc29b,0.23616198355296844,False
t3_1l831x,0.23616198355296844,False
t3_idpsg,0.2362645170165884,False
t3_lcpa0,0.2362645170165884,False
t3_tjxkv,0.2362645170165884,False
t3_ilryc,0.2879187037218967,True
t3_lg6wm,0.2362645170165884,False
t3_zj7dp,0.23616198355296844,False
t3_14ipl3,0.2362645170165884,False
t3_1m9lk6,0.2362645170165884,False
t3_12ok9j,0.23616198355296844,False
t3_15e5xr,0.2879187037218967,True
t3_n35vs,0.23616198355296844,False
t3_jrc56,0.2362645170165884,False
t3_1f7i09,0.23616198355296844,False
t3_wq8q1,0.23616198355296844,False
t3_kexw6,0.2362645170165884,False
t3_s3e85,0.2362645170165884,False
t3_1335d2,0.23616198355296844,False
t3_wyzcp,0.23616198355296844,False
t3_uw8f3,0.2362645170165884,False
t3_1lefgo,0.23616198355296844,False
t3_11rkqa,0.2362645170165884,False
t3_kuhnn,0.2362645170165884,False
t3_t1v48,0.2362645170165884,False
t3_12b5qz,0.23616198355296844,False
t3_uidcj,0.2362645170165884,False
t3_ws4cy,0.2362645170165884,False
t3_15s56c,0.23616198355296844,False
t3_or51b,0.2362645170165884,False
t3_hxj4d,0.28781816270037913,True
t3_zhkv6,0.2362645170165884,False
t3_1lg4zo,0.2879187037218967,True
t3_1hr8yq,0.23616198355296844,False
t3_1mluew,0.23616198355296844,False
t3_1mliru,0.2362645170165884,False
t3_wuq1h,0.2362645170165884,False
t3_tpezd,0.2879187037218967,True
t3_i7s77,0.2879187037218967,True
t3_v412k,0.2362645170165884,False
t3_17eltw,0.28781816270037913,True
t3_1ipj85,0.23616198355296844,False
t3_sg2is,0.2362645170165884,False
t3_i4uex,0.2362645170165884,False
t3_uio1a,0.2362645170165884,False
t3_1bsy1i,0.2879187037218967,True
t3_14ceg8,0.2879187037218967,True
t3_nyz8j,0.23616198355296844,False
t3_1ctzuk,0.2362645170165884,False
t3_1fhlps,0.2362645170165884,False
t3_1enzdl,0.28781816270037913,True
t3_1bta0s,0.23616198355296844,False
t3_iyetm,0.23616198355296844,False
t3_1i24vy,0.23616198355296844,False
t3_ivboo,0.23616198355296844,False
t3_k5k4b,0.2362645170165884,False
t3_jvl3y,0.28781816270037913,True
t3_utb09,0.23616198355296844,False
t3_pa5of,0.28781816270037913,True
t3_1g78k5,0.23616198355296844,False
t3_1e04ro,0.23616198355296844,False
t3_1kz1xj,0.2362645170165884,False
t3_117ysu,0.2362645170165884,False
t3_16wjkr,0.23616198355296844,False
t3_1loncc,0.2362645170165884,False
t3_xnxm7,0.2362645170165884,False
t3_162rga,0.23616198355296844,False
t3_1m54n5,0.2362645170165884,False
t3_ie861,0.2362645170165884,False
t3_19sead,0.23616198355296844,False
t3_ioo07,0.2362645170165884,False
t3_msbif,0.2362645170165884,False
t3_1lj50s,0.23616198355296844,False
t3_18h7g0,0.2362645170165884,False
t3_s2jyh,0.2879187037218967,True
t3_sw0ci,0.2362645170165884,False
t3_15uhll,0.2879187037218967,True
t3_rrh8h,0.23616198355296844,False
t3_122usf,0.23616198355296844,False
t3_1lls1w,0.2362645170165884,False
t3_14t8nk,0.2879187037218967,True
t3_wzpzd,0.2362645170165884,False
t3_12agz0,0.2362645170165884,False
t3_12vpph,0.23616198355296844,False
t3_oxtrf,0.2362645170165884,False
t3_1gomfq,0.2362645170165884,False
t3_sdaeq,0.2362645170165884,False
t3_sgkt6,0.2362645170165884,False
t3_14ifug,0.2362645170165884,False
t3_1eish8,0.23616198355296844,False
t3_v2gcl,0.2879187037218967,True
t3_1ljh06,0.23616198355296844,False
t3_nucpj,0.2879187037218967,True
t3_12hlxw,0.23616198355296844,False
t3_1cchg5,0.2362645170165884,False
t3_13t0rv,0.2362645170165884,False
t3_14su5n,0.2879187037218967,True
t3_j4gi2,0.2362645170165884,False
t3_popxl,0.2879187037218967,True
t3_mzfyh,0.2362645170165884,False
t3_1mtyhy,0.2362645170165884,False
t3_igjev,0.2362645170165884,False
t3_n2vwy,0.23616198355296844,False
t3_10qo7d,0.28781816270037913,True
t3_njs6f,0.2879187037218967,True
t3_pa1lo,0.2362645170165884,False
t3_1f66r9,0.2362645170165884,False
t3_tan10,0.2362645170165884,False
t3_kvzub,0.2362645170165884,False
t3_qysgy,0.2879187037218967,True
t3_zfkyr,0.28781816270037913,True
t3_ijbt4,0.28781816270037913,True
t3_uv5bd,0.2362645170165884,False
t3_tpcwa,0.2362645170165884,False
t3_pbukx,0.2879187037218967,True
t3_1kwt69,0.23616198355296844,False
t3_u0e8s,0.23616198355296844,False
t3_1imwns,0.2362645170165884,False
t3_1ljhdy,0.2362645170165884,False
t3_1ifb8a,0.2362645170165884,False
t3_m1tzt,0.2879187037218967,True
t3_ioj2z,0.23616198355296844,False
t3_16nlh7,0.2362645170165884,False
t3_ibvs1,0.2362645170165884,False
t3_1ejmg8,0.23616198355296844,False
t3_10oevo,0.23616198355296844,False
t3_l9cc1,0.2362645170165884,False
t3_w8mfc,0.28781816270037913,True
t3_14sr9h,0.2362645170165884,False
t3_1667t9,0.23616198355296844,False
t3_107rut,0.28781816270037913,True
t3_129f7v,0.2362645170165884,False
t3_tdlol,0.2362645170165884,False
t3_qhhxl,0.2362645170165884,False
t3_19r2jz,0.23616198355296844,False
t3_j50yu,0.2362645170165884,False
t3_1kymup,0.2362645170165884,False
t3_i5qmk,0.23616198355296844,False
t3_1cty5k,0.2362645170165884,False
t3_x5uiq,0.2362645170165884,False
t3_i88xi,0.2879187037218967,True
t3_pjy1z,0.23616198355296844,False
t3_xyfbi,0.2362645170165884,False
t3_icw80,0.2362645170165884,False
t3_178fl6,0.2362645170165884,False
t3_14n620,0.2362645170165884,False
t3_wqfrv,0.23616198355296844,False
t3_1iaod7,0.23616198355296844,False
t3_1ejjb2,0.28781816270037913,True
t3_17ytyw,0.2879187037218967,True
t3_idoeh,0.28781816270037913,True
t3_1bc4f9,0.2879187037218967,True
t3_izodc,0.2362645170165884,False
t3_ma81t,0.23616198355296844,False
t3_yt3rn,0.2362645170165884,False
t3_l25d7,0.2362645170165884,False
t3_xbp12,0.2362645170165884,False
t3_icda4,0.23616198355296844,False
t3_14yl3j,0.2879187037218967,True
t3_i0pq0,0.2362645170165884,False
t3_jf62c,0.23616198355296844,False
t3_utfrj,0.2879187037218967,True
t3_l5j81,0.2362645170165884,False
t3_13ff4f,0.23616198355296844,False
t3_17mfhp,0.2362645170165884,False
t3_l9g0n,0.2879187037218967,True
t3_14077c,0.2362645170165884,False
t3_1dt792,0.2362645170165884,False
t3_j8fnb,0.2879187037218967,True
t3_1jrtu8,0.23616198355296844,False
t3_lf60i,0.28781816270037913,True
t3_lhpd4,0.23616198355296844,False
t3_wus8i,0.23616198355296844,False
t3_1im2is,0.2362645170165884,False
t3_kltwg,0.2362645170165884,False
t3_1d4jft,0.2362645170165884,False
t3_j6omo,0.2362645170165884,False
t3_ucqi3,0.2362645170165884,False
t3_sp8xg,0.28781816270037913,True
t3_i27g2,0.2879187037218967,True
t3_10bsxp,0.2362645170165884,False
t3_11cqd5,0.2879187037218967,True
t3_ig63z,0.2362645170165884,False
t3_144g0n,0.2879187037218967,True
t3_ifay5,0.28781816270037913,True
t3_x6d3a,0.2362645170165884,False
t3_uqk76,0.23616198355296844,False
t3_iaf3s,0.2879187037218967,True
t3_1grfk7,0.28781816270037913,True
t3_px5vq,0.23616198355296844,False
t3_ym8iw,0.28781816270037913,True
t3_15jae7,0.2362645170165884,False
t3_idf7f,0.2362645170165884,False
t3_1bnt9w,0.2362645170165884,False
t3_xbpgo,0.2362645170165884,False
t3_12u2jb,0.2362645170165884,False
t3_s91ps,0.2362645170165884,False
t3_mxvj3,0.23616198355296844,False
t3_1cxyk4,0.2362645170165884,False
t3_mnono,0.23616198355296844,False
t3_w5mni,0.2879187037218967,True
t3_mpdzz,0.28781816270037913,True
t3_jr5n2,0.23616198355296844,False
t3_ju7zl,0.2362645170165884,False
t3_1mgmjf,0.23616198355296844,False
t3_y3lhk,0.2362645170165884,False
t3_wls0u,0.2362645170165884,False
t3_1dcflh,0.2362645170165884,False
t3_19t34q,0.28781816270037913,True
t3_1a9c7a,0.2362645170165884,False
t3_iardh,0.2879187037218967,True
t3_1aagwh,0.2879187037218967,True
t3_1dine4,0.2879187037218967,True
t3_1cjmkr,0.28781816270037913,True
t3_jnd7z,0.2362645170165884,False
t3_iwyrc,0.2362645170165884,False
t3_iomu0,0.23616198355296844,False
t3_w738j,0.2362645170165884,False
t3_j469t,0.23616198355296844,False
t3_icpmu,0.23616198355296844,False
t3_1mjg9b,0.2879187037218967,True
t3_1l7rcu,0.2362645170165884,False
t3_1lswd3,0.2362645170165884,False
t3_zctqo,0.2362645170165884,False
t3_jh5mx,0.2879187037218967,True
t3_130lw0,0.2362645170165884,False
t3_j67q0,0.28781816270037913,True
t3_k5n0s,0.2362645170165884,False
t3_m0qpr,0.23616198355296844,False
t3_160var,0.23616198355296844,False
t3_14voh5,0.2362645170165884,False
t3_mkxkx,0.23616198355296844,False
t3_mxcqx,0.2879187037218967,True
t3_1kkyau,0.2362645170165884,False
t3_13op3d,0.2362645170165884,False
t3_1ltblw,0.28781816270037913,True
t3_jwild,0.23616198355296844,False
t3_mzzxi,0.28781816270037913,True
t3_icm7l,0.2362645170165884,False
t3_t02ly,0.2362645170165884,False
t3_1keu39,0.2362645170165884,False
t3_o8aso,0.28781816270037913,True
t3_ikszl,0.28781816270037913,True
t3_k6cpz,0.2362645170165884,False
t3_r06f9,0.2362645170165884,False
t3_19xue1,0.28781816270037913,True
t3_qvhd3,0.2362645170165884,False
t3_156mis,0.2362645170165884,False
t3_of16d,0.2362645170165884,False
t3_1gxtgo,0.2362645170165884,False
t3_kkdjk,0.2362645170165884,False
t3_z9da6,0.2362645170165884,False
t3_1n2twm,0.2362645170165884,False
t3_jxmc6,0.23616198355296844,False
t3_pgpnh,0.2879187037218967,True
t3_xiokb,0.2362645170165884,False
t3_whd66,0.2362645170165884,False
t3_v8ltx,0.2362645170165884,False
t3_w3orz,0.2362645170165884,False
t3_skt7g,0.2362645170165884,False
t3_j1btq,0.2362645170165884,False
t3_1h22pn,0.23616198355296844,False
t3_1euch4,0.23616198355296844,False
t3_1lb8zm,0.2362645170165884,False
t3_15uw0s,0.2362645170165884,False
t3_svx9s,0.28781816270037913,True
t3_xg56s,0.2362645170165884,False
t3_1fhxaf,0.23616198355296844,False
t3_x80l6,0.2879187037218967,True
t3_117rme,0.2362645170165884,False
t3_y8jp8,0.2362645170165884,False
t3_1n43rn,0.28781816270037913,True
t3_11hapu,0.23616198355296844,False
t3_whyuw,0.2362645170165884,False
t3_kitlo,0.2362645170165884,False
t3_1m0e5o,0.23616198355296844,False
t3_xaqvl,0.28781816270037913,True
t3_15j2fq,0.2879187037218967,True
t3_1ingbc,0.2362645170165884,False
t3_xtydk,0.23616198355296844,False
t3_tev42,0.2362645170165884,False
t3_thr4f,0.23616198355296844,False
t3_jnzv0,0.2879187037218967,True
t3_1a6hkp,0.2362645170165884,False
t3_owjrg,0.2362645170165884,False
t3_1bydsc,0.23616198355296844,False
t3_og5ox,0.2362645170165884,False
t3_j51bx,0.2362645170165884,False
t3_1fxkzy,0.23616198355296844,False
t3_qpux2,0.2362645170165884,False
t3_rowqk,0.2879187037218967,True
t3_mi9lo,0.2362645170165884,False
t3_uisoe,0.2879187037218967,True
t3_11uo28,0.23616198355296844,False
t3_1k3p0i,0.28781816270037913,True
t3_q4sgk,0.2362645170165884,False
t3_zis4n,0.23616198355296844,False
t3_101vsv,0.2362645170165884,False
t3_kjo6v,0.2362645170165884,False
t3_1aj0ch,0.2362645170165884,False
t3_12p14p,0.2879187037218967,True
t3_1i4cxd,0.2362645170165884,False
t3_nej3o,0.2362645170165884,False
t3_10oumf,0.2362645170165884,False
t3_1bov7q,0.2362645170165884,False
t3_1h0m8k,0.23616198355296844,False
t3_umlrq,0.2362645170165884,False
t3_rcvjr,0.2362645170165884,False
t3_1mqg1b,0.2362645170165884,False
t3_1cxwqv,0.2362645170165884,False
t3_1bkedk,0.2879187037218967,True
t3_kwpcp,0.23616198355296844,False
t3_hsgyo,0.2879187037218967,True
t3_rn683,0.23616198355296844,False
t3_x55d9,0.2879187037218967,True
t3_kowq2,0.23616198355296844,False
t3_utifl,0.23616198355296844,False
t3_pxbsn,0.23616198355296844,False
t3_1513tw,0.2362645170165884,False
t3_o87o3,0.23616198355296844,False
t3_1mnvoy,0.2362645170165884,False
t3_tqpmx,0.2362645170165884,False
t3_wrm2q,0.2362645170165884,False
t3_ild7d,0.2362645170165884,False
t3_llfkc,0.2362645170165884,False
t3_1ef88p,0.28781816270037913,True
t3_1m5j1o,0.2362645170165884,False
t3_ikit3,0.28781816270037913,True
t3_ibvsr,0.23616198355296844,False
t3_tc5ny,0.2362645170165884,False
t3_zuoiz,0.23616198355296844,False
t3_jise8,0.2362645170165884,False
t3_1dw4g3,0.23616198355296844,False
t3_ijq9y,0.2362645170165884,False
t3_1bhd85,0.23616198355296844,False
t3_1cw7b6,0.2362645170165884,False
t3_1czj2f,0.23616198355296844,False
t3_y6igl,0.23616198355296844,False
t3_1ahkri,0.2362645170165884,False
t3_n2zxh,0.23616198355296844,False
t3_vi8ls,0.2362645170165884,False
t3_iqt75,0.23616198355296844,False
t3_1kwizl,0.2362645170165884,False
t3_odm02,0.23616198355296844,False
t3_11l87d,0.2362645170165884,False
t3_sgqdb,0.2362645170165884,False
t3_qi350,0.2879187037218967,True
t3_14kjyt,0.23616198355296844,False
t3_17alij,0.23616198355296844,False
t3_135bmx,0.2362645170165884,False
t3_187fqj,0.23616198355296844,False
t3_iaj0g,0.2879187037218967,True
t3_17mt1s,0.23616198355296844,False
t3_k6zs5,0.2362645170165884,False
t3_w8f2v,0.2362645170165884,False
t3_1jdhpr,0.23616198355296844,False
t3_1lw0co,0.2362645170165884,False
t3_w3yp6,0.2362645170165884,False
t3_u0b4w,0.2879187037218967,True
t3_xvyh1,0.23616198355296844,False
t3_lbp8d,0.2362645170165884,False
t3_jssxl,0.28781816270037913,True
t3_1cy9jl,0.23616198355296844,False
t3_x87gl,0.23616198355296844,False
t3_oc6f8,0.2362645170165884,False
t3_1g7mg9,0.2879187037218967,True
t3_xdtyq,0.2362645170165884,False
t3_l14d4,0.2362645170165884,False
t3_1n2ihv,0.23616198355296844,False
t3_jwb1c,0.2362645170165884,False
t3_yx70a,0.2362645170165884,False
t3_idifo,0.2879187037218967,True
t3_1mc3ss,0.23616198355296844,False
t3_ig1vm,0.23616198355296844,False
t3_12hkef,0.23616198355296844,False
t3_1mv50t,0.23616198355296844,False
t3_v0gb8,0.23616198355296844,False
t3_ro7jh,0.2362645170165884,False
t3_189q84,0.23616198355296844,False
t3_kl2qa,0.2879187037218967,True
t3_mdqgh,0.2362645170165884,False
t3_1bk62a,0.23616198355296844,False
t3_wxes5,0.2879187037218967,True
t3_120yqf,0.2362645170165884,False
t3_ojq68,0.28781816270037913,True
t3_16pg2e,0.28781816270037913,True
t3_k9667,0.23616198355296844,False
t3_1argwx,0.2362645170165884,False
t3_14sq9y,0.2362645170165884,False
t3_murn6,0.23616198355296844,False
t3_1jiz3l,0.28781816270037913,True
t3_ranon,0.23616198355296844,False
t3_1irx8j,0.2362645170165884,False
t3_p6zgo,0.28781816270037913,True
t3_xx28w,0.2362645170165884,False
t3_kswyn,0.2362645170165884,False
t3_14dtyz,0.2879187037218967,True
t3_17spch,0.2362645170165884,False
t3_wawei,0.23616198355296844,False
t3_si96b,0.2879187037218967,True
t3_ics7d,0.2362645170165884,False
t3_1nc5g7,0.2362645170165884,False
t3_i5pg4,0.2362645170165884,False
t3_ljea8,0.23616198355296844,False
t3_rtwya,0.23616198355296844,False
t3_k99oh,0.28781816270037913,True
t3_x93it,0.2879187037218967,True
t3_1mj271,0.2879187037218967,True
t3_1n4znx,0.28781816270037913,True
t3_1mukqx,0.2362645170165884,False
t3_11ygnj,0.23616198355296844,False
t3_ugm2u,0.23616198355296844,False
t3_lgws5,0.23616198355296844,False
t3_11b7u0,0.2362645170165884,False
t3_1nehoo,0.23616198355296844,False
t3_1jmqr8,0.23616198355296844,False
t3_1glt4w,0.2362645170165884,False
t3_uck6l,0.2362645170165884,False
t3_107wh0,0.2362645170165884,False
t3_16hp47,0.2362645170165884,False
t3_ol71r,0.2362645170165884,False
t3_itaya,0.2362645170165884,False
t3_10i7ah,0.23616198355296844,False
t3_t0q3u,0.28781816270037913,True
t3_uiu13,0.23616198355296844,False
t3_1llrot,0.2362645170165884,False
t3_1032t1,0.2879187037218967,True
t3_1dybt6,0.23616198355296844,False
t3_j8yku,0.2362645170165884,False
t3_ltkti,0.2362645170165884,False
t3_qv83o,0.23616198355296844,False
t3_wpyyz,0.2362645170165884,False
t3_1idz1m,0.2879187037218967,True
t3_1jr1qq,0.2879187037218967,True
t3_12z8ak,0.2362645170165884,False
t3_1ju3k0,0.23616198355296844,False
t3_1bdmw6,0.2362645170165884,False
t3_qzw8j,0.2879187037218967,True
t3_ixtoq,0.23616198355296844,False
t3_ksmg6,0.2362645170165884,False
t3_p6o4h,0.2879187037218967,True
t3_1ms6g8,0.2879187037218967,True
t3_1dai7c,0.23616198355296844,False
t3_1e7h44,0.2362645170165884,False
t3_10q3b5,0.23616198355296844,False
t3_17bpmh,0.23616198355296844,False
t3_nyzle,0.2362645170165884,False
t3_jyg7g,0.2362645170165884,False
t3_iw5d0,0.23616198355296844,False
t3_1ecljc,0.23616198355296844,False
t3_qmh2x,0.28781816270037913,True
t3_ska6s,0.2879187037218967,True
t3_pds2z,0.2879187037218967,True
t3_ui4vt,0.2362645170165884,False
t3_j5z0p,0.28781816270037913,True
t3_zwsoy,0.23616198355296844,False
t3_1htfb9,0.23616198355296844,False
t3_z9i75,0.23616198355296844,False
t3_1icpql,0.2362645170165884,False
t3_iq5rd,0.28781816270037913,True
t3_1molut,0.2362645170165884,False
t3_jxhwl,0.23616198355296844,False
t3_q7fxu,0.2362645170165884,False
t3_1kwdw0,0.2879187037218967,True
t3_jxqv7,0.2362645170165884,False
t3_kflut,0.28781816270037913,True
t3_mz299,0.23616198355296844,False
t3_kwwqk,0.2362645170165884,False
t3_1jdq4q,0.23616198355296844,False
t3_1iuvj0,0.2362645170165884,False
t3_1n5bzc,0.2362645170165884,False
t3_ji3ev,0.23616198355296844,False
t3_16ecwy,0.28781816270037913,True
t3_pulck,0.2879187037218967,True
t3_1efr8q,0.23616198355296844,False
t3_vr626,0.2879187037218967,True
t3_1mhp40,0.23616198355296844,False
t3_1na43q,0.2362645170165884,False
t3_j94no,0.28781816270037913,True
t3_1e4dic,0.2362645170165884,False
t3_ihgzf,0.23616198355296844,False
t3_kj2tj,0.2879187037218967,True
t3_129a5o,0.23616198355296844,False
t3_ugj52,0.2362645170165884,False
t3_1ehj0y,0.2362645170165884,False
t3_wolhn,0.23616198355296844,False
t3_160gjx,0.2879187037218967,True
t3_1cavhs,0.2362645170165884,False
t3_kx5og,0.23616198355296844,False
t3_ikcon,0.23616198355296844,False
t3_u5xmo,0.2362645170165884,False
t3_1o0isr,0.28781816270037913,True
t3_iekd3,0.28781816270037913,True
t3_jatz5,0.23616198355296844,False
t3_k5tc5,0.28781816270037913,True
t3_jlt0e,0.2362645170165884,False
t3_1kb25b,0.2362645170165884,False
t3_k0cuj,0.2362645170165884,False
t3_iozuw,0.2362645170165884,False
t3_12mgtt,0.2362645170165884,False
t3_lcrh0,0.2879187037218967,True
t3_18fbqf,0.28781816270037913,True
t3_lx6vx,0.2362645170165884,False
t3_1h1ytg,0.2879187037218967,True
t3_i6ihq,0.2879187037218967,True
t3_tc5sp,0.28781816270037913,True
t3_wwavt,0.28781816270037913,True
t3_yh4pg,0.2879187037218967,True
t3_1lfil3,0.23616198355296844,False
t3_jcrr9,0.23616198355296844,False
t3_1krjei,0.2362645170165884,False
t3_1ltr2u,0.2362645170165884,False
t3_n6guj,0.2879187037218967,True
t3_q35zd,0.23616198355296844,False
t3_uelsy,0.2362645170165884,False
t3_s1x66,0.23616198355296844,False
t3_jes98,0.2362645170165884,False
t3_j2tg7,0.28781816270037913,True
t3_tlfbv,0.2362645170165884,False
t3_1lqd46,0.2362645170165884,False
t3_1ne4je,0.2362645170165884,False
t3_jl0ye,0.2362645170165884,False
t3_iwmc6,0.2362645170165884,False
t3_if0ed,0.28781816270037913,True
t3_1exnem,0.28781816270037913,True
t3_12zfh3,0.2879187037218967,True
t3_p7h7w,0.2362645170165884,False
t3_kaemz,0.23616198355296844,False
t3_imwyv,0.28781816270037913,True
t3_ybz2k,0.28781816270037913,True
t3_1507or,0.2362645170165884,False
t3_1mzfab,0.2362645170165884,False
t3_hw5vx,0.2879187037218967,True
t3_1m7fur,0.23616198355296844,False
t3_iwhiq,0.2879187037218967,True
t3_m2sla,0.2879187037218967,True
t3_iqryn,0.23616198355296844,False
t3_zhovm,0.23616198355296844,False
t3_17jl6h,0.28781816270037913,True
t3_1iax6l,0.28781816270037913,True
t3_jnm90,0.2362645170165884,False
t3_n0qek,0.23616198355296844,False
t3_13yilc,0.23616198355296844,False
t3_15qmi3,0.2362645170165884,False
t3_16q5ez,0.23616198355296844,False
t3_1c6mlw,0.2879187037218967,True
t3_1cklpz,0.28781816270037913,True
t3_m7sa1,0.23616198355296844,False
t3_12kfb2,0.2362645170165884,False
t3_srnv2,0.23616198355296844,False
t3_xyddn,0.23616198355296844,False
t3_oaklg,0.2362645170165884,False
t3_1evf62,0.23616198355296844,False
t3_ieco0,0.2362645170165884,False
t3_kt6vc,0.28781816270037913,True
t3_tislv,0.2362645170165884,False
t3_kiww3,0.2362645170165884,False
t3_igqxh,0.2362645170165884,False
t3_1mwwqk,0.2362645170165884,False
t3_1ivwci,0.2362645170165884,False
t3_10s5ql,0.2362645170165884,False
t3_izj6q,0.23616198355296844,False
t3_14ny01,0.28781816270037913,True
t3_17pqos,0.23616198355296844,False
t3_qkokx,0.23616198355296844,False
t3_16ck3r,0.23616198355296844,False
t3_1mu0ab,0.23616198355296844,False
t3_1iarkw,0.23616198355296844,False
t3_1j3tlg,0.23616198355296844,False
t3_rdccm,0.2362645170165884,False
t3_1mwoxx,0.2879187037218967,True
t3_pyyai,0.23616198355296844,False
t3_1a6prl,0.2362645170165884,False
t3_w6xmi,0.23616198355296844,False
t3_1aaxfv,0.28781816270037913,True
t3_1m0q97,0.23616198355296844,False
t3_hox6i,0.2362645170165884,False
t3_jrg2c,0.23616198355296844,False
t3_somxq,0.2362645170165884,False
t3_kyojf,0.23616198355296844,False
t3_k1mjk,0.2879187037218967,True
t3_z7mrn,0.28781816270037913,True
t3_1h04nt,0.28781816270037913,True
t3_i5sr5,0.28781816270037913,True
t3_1iv74b,0.23616198355296844,False
t3_1m6wo6,0.23616198355296844,False
t3_izrhe,0.23616198355296844,False
t3_zj8fs,0.23616198355296844,False
t3_jl6fb,0.23616198355296844,False
t3_ibkrr,0.28781816270037913,True
t3_1irtiu,0.2362645170165884,False
t3_jza79,0.2362645170165884,False
t3_iguxb,0.2362645170165884,False
t3_j6xcq,0.28781816270037913,True
t3_r0big,0.23616198355296844,False
t3_1ci9u4,0.28781816270037913,True
t3_jgbm8,0.2879187037218967,True
t3_113zd6,0.2879187037218967,True
t3_wayzq,0.23616198355296844,False
t3_kj1cx,0.28781816270037913,True
t3_1ec6b4,0.23616198355296844,False
t3_1eitdr,0.2362645170165884,False
t3_js6sh,0.2362645170165884,False
t3_10fapa,0.23616198355296844,False
t3_12m83b,0.28781816270037913,True
t3_1ig60t,0.28781816270037913,True
t3_1jzamt,0.2879187037218967,True
t3_j4dao,0.28781816270037913,True
t3_wdx6w,0.28781816270037913,True
t3_18jt3s,0.23616198355296844,False
t3_yh0nz,0.2879187037218967,True
t3_idmjj,0.2362645170165884,False
t3_q7dyq,0.23616198355296844,False
t3_szxpk,0.2879187037218967,True
t3_jljn9,0.2362645170165884,False
t3_wamb4,0.23616198355296844,False
t3_117nr2,0.2362645170165884,False
t3_t3nc3,0.2879187037218967,True
t3_jvamr,0.2362645170165884,False
t3_170iqa,0.2362645170165884,False
t3_uqpwq,0.2879187037218967,True
t3_qrplw,0.23616198355296844,False
t3_jua19,0.23616198355296844,False
t3_1cc949,0.23616198355296844,False
t3_pwfsm,0.23616198355296844,False
t3_10wlb2,0.2362645170165884,False
t3_kwzph,0.23616198355296844,False
t3_rk57w,0.28781816270037913,True
t3_n9saq,0.2362645170165884,False
t3_ig0mf,0.28781816270037913,True
t3_i7obb,0.23616198355296844,False
t3_139ljx,0.28781816270037913,True
t3_1m54cl,0.2879187037218967,True
t3_jugxr,0.23616198355296844,False
t3_14qxzk,0.23616198355296844,False
t3_15mvwr,0.28781816270037913,True
t3_kf2km,0.23616198355296844,False
t3_tjtxc,0.2879187037218967,True
t3_1e1xgr,0.23616198355296844,False
t3_x1shb,0.23616198355296844,False
t3_id2sv,0.23616198355296844,False
t3_jr3w1,0.2879187037218967,True
t3_mx3t6,0.23616198355296844,False
t3_1lobcs,0.23616198355296844,False
t3_z3x7o,0.2362645170165884,False
t3_huozq,0.2362645170165884,False
t3_zq2wq,0.23616198355296844,False
t3_1dtdcd,0.23616198355296844,False
t3_uxclh,0.23616198355296844,False
t3_144kkd,0.2362645170165884,False
t3_11vbub,0.2362645170165884,False
t3_12p3az,0.2362645170165884,False
t3_mdn29,0.23616198355296844,False
t3_1cr0e7,0.23616198355296844,False
t3_uuwle,0.23616198355296844,False
t3_16cswq,0.2879187037218967,True
t3_1jnlu1,0.2362645170165884,False
t3_yg6vf,0.2362645170165884,False
t3_ic5b5,0.2362645170165884,False
t3_tfqqj,0.2362645170165884,False
t3_140iwp,0.23616198355296844,False
t3_158p5l,0.23616198355296844,False
t3_hutkg,0.2362645170165884,False
t3_huwzw,0.2362645170165884,False
t3_vc5bs,0.2362645170165884,False
t3_ohnq0,0.2362645170165884,False
t3_mbh9r,0.2362645170165884,False
t3_mzx23,0.23616198355296844,False
t3_19vwzi,0.2362645170165884,False
t3_jdfh6,0.23616198355296844,False
t3_15cq1b,0.2362645170165884,False
t3_1awsjb,0.23616198355296844,False
t3_14cflf,0.23616198355296844,False
t3_1cruwy,0.2362645170165884,False
t3_s1p9n,0.23616198355296844,False
t3_n02fx,0.2362645170165884,False
t3_i1rqh,0.2879187037218967,True
t3_1lhrmf,0.2362645170165884,False
t3_j75gy,0.23616198355296844,False
t3_1184d2,0.2362645170165884,False
t3_mmp99,0.28781816270037913,True
t3_jwnz8,0.28781816270037913,True
t3_13ev91,0.23616198355296844,False
t3_tv7bm,0.2362645170165884,False
t3_1j8z18,0.28781816270037913,True
t3_1c8na6,0.2362645170165884,False
t3_y2pew,0.23616198355296844,False
t3_opobu,0.2362645170165884,False
t3_opm4a,0.23616198355296844,False
t3_19ycl3,0.2362645170165884,False
t3_19o0jm,0.23616198355296844,False
t3_1mlub9,0.23616198355296844,False
t3_ytlye,0.2362645170165884,False
t3_103w8n,0.23616198355296844,False
t3_10576h,0.2362645170165884,False
t3_r6uvo,0.28781816270037913,True
t3_io5ug,0.23616198355296844,False
t3_jmrck,0.2879187037218967,True
t3_opi8d,0.2362645170165884,False
t3_o33qy,0.2362645170165884,False
t3_jbsgs,0.2879187037218967,True
t3_swb3m,0.2362645170165884,False
t3_ihij6,0.28781816270037913,True
t3_191lh2,0.2879187037218967,True
t3_k4rlt,0.2362645170165884,False
t3_13e911,0.2362645170165884,False
t3_qqzpt,0.2362645170165884,False
t3_jf00i,0.2362645170165884,False
t3_ixo28,0.2362645170165884,False
t3_1iv83f,0.2362645170165884,False
t3_jz4my,0.2362645170165884,False
t3_ryibd,0.2362645170165884,False
t3_m10ju,0.2879187037218967,True
t3_xqcyz,0.2362645170165884,False
t3_l68nr,0.2362645170165884,False
t3_u8ulj,0.23616198355296844,False
t3_i5y2z,0.2362645170165884,False
t3_jm6dr,0.2362645170165884,False
t3_wj027,0.23616198355296844,False
t3_mzbad,0.2362645170165884,False
t3_12eywo,0.23616198355296844,False
t3_i2ph8,0.2879187037218967,True
t3_yc850,0.2362645170165884,False
t3_lovls,0.2362645170165884,False
t3_jofpr,0.23616198355296844,False
t3_tqd88,0.23616198355296844,False
t3_htzpy,0.2879187037218967,True
t3_lc8mi,0.2879187037218967,True
t3_qu5fp,0.2362645170165884,False
t3_iuahk,0.28781816270037913,True
t3_u1dfw,0.2362645170165884,False
t3_kc3fu,0.23616198355296844,False
t3_hzrki,0.23616198355296844,False
t3_1mkmc7,0.23616198355296844,False
t3_1695wp,0.23616198355296844,False
t3_qg137,0.2362645170165884,False
t3_1lw152,0.23616198355296844,False
t3_od17t,0.2362645170165884,False
t3_icjek,0.2362645170165884,False
t3_pb6rm,0.23616198355296844,False
t3_1cq4g9,0.2362645170165884,False
t3_htyob,0.2879187037218967,True
t3_jrz3f,0.23616198355296844,False
t3_ll3uk,0.28781816270037913,True
t3_nj2oc,0.2362645170165884,False
t3_o19rg,0.23616198355296844,False
t3_uf2x1,0.2362645170165884,False
t3_oh0h4,0.2879187037218967,True
t3_14th0i,0.2362645170165884,False
t3_routl,0.23616198355296844,False
t3_18v51p,0.2362645170165884,False
t3_itrkx,0.23616198355296844,False
t3_iu8gt,0.2362645170165884,False
t3_1hyxgy,0.2362645170165884,False
t3_n1r1p,0.2362645170165884,False
t3_wgr8s,0.2879187037218967,True
t3_t07rd,0.2362645170165884,False
t3_pgnh7,0.2362645170165884,False
t3_iarpn,0.2362645170165884,False
t3_1313en,0.2879187037218967,True
t3_yftq6,0.2362645170165884,False
t3_q05jo,0.2362645170165884,False
t3_oemz5,0.23616198355296844,False
t3_ibua5,0.28781816270037913,True
t3_1b1ve8,0.2362645170165884,False
t3_ivdnq,0.23616198355296844,False
t3_1i8r1l,0.2362645170165884,False
t3_12za7y,0.23616198355296844,False
t3_134w0p,0.23616198355296844,False
t3_zqxgi,0.2362645170165884,False
t3_y6hip,0.2879187037218967,True
t3_ldtwg,0.2362645170165884,False
t3_w09z0,0.2362645170165884,False
t3_kfh1p,0.23616198355296844,False
t3_jk5tv,0.2362645170165884,False
t3_vrls9,0.2362645170165884,False
t3_1g76mq,0.2879187037218967,True
t3_r6b3o,0.2362645170165884,False
t3_10qb3u,0.2362645170165884,False
