feature,importance
text_length,921.2948693614453
upvotes_minus_downvotes,720.686823733151
comments_in_raop,702.5404169287067
upvotes_plus_downvotes,624.8656464153901
total_comments,444.98809022735804
days_since_first_post,415.1461177528836
request_day,365.0479043703526
account_age_days,329.14610945037566
 i w,312.80011555273086
. i ,309.9191177440807
 an,293.87467238795944
ere,291.6931444320362
e w,276.0261273754295
aid,272.82683545188047
my,262.5877839436289
word_count,259.9319089530036
ien,253.5766144474037
request_hour,244.83069012337364
ide,241.51704493677244
 ho,230.69070822093636
e and,217.88728053751402
and,209.23158866586164
 su,202.79477630578913
sentence_count,202.4699014897924
ss ,202.46846528793685
 he,201.41440536128357
l a,195.2326004866045
er ,187.9598617812153
 th,187.50277654919773
tha,185.9967951560393
ve ,185.30520199798048
 wi,178.04549641348422
. a,176.56958189443685
hat ,174.22392558446154
 pe,172.15602360805497
 my b,169.75351995020173
 ha,163.0693048548419
id ,161.25597300985828
f a,160.70236882939935
ks ,159.25876248418353
 lo,156.7580988893751
number_of_subreddits,153.9711134498939
it ,153.83256000746042
 no,153.67453212779947
end,153.1983956557233
not,152.08632575767115
for t,151.73917993344367
rien,151.47623687516898
have,150.37062464281917
 to,148.99435184849426
 me a,148.72958397096954
d s,148.72380235721357
ree,148.25156978378072
 tha,146.76513091055676
s. ,145.8708021126222
on the,143.14868994010612
st ,142.8166601001285
 not,139.0868325852789
. s,138.75105471583083
t r,137.90404366119765
ght,135.8060077605769
"a, ",135.49941154383123
. i',135.4083821726963
nt ,134.97145117190666
ati,134.28527179802768
 se,132.15860499767587
number_count,130.68279788689688
ts ,126.3296805031132
e wa,125.8047702552285
and would,125.64825275354087
ive,125.34913920704275
 be,124.07536067720503
all,122.3443050016649
 for,121.15958021953702
nd t,120.77333354065195
and t,119.09347901912406
he h,118.93017924856395
i wa,118.71479615010321
it,118.26808454375714
s t,117.60978493071161
 da,117.02172793401405
total_posts,115.87510447576642
feel,113.74383922107518
me ,113.4378275629133
nk ,112.44390210229903
for,112.28508099727333
 do,111.49597250064835
http imgur,110.23828547424637
ate,110.13153042807244
n a,109.3711406365037
. i,108.44765004795045
d and,108.22266738279723
e m,108.14604939240962
at,108.12268711160868
 pl,107.60833497904241
o t,106.68165035545826
ly ,106.58935935958289
fir,106.5187376420945
for help,106.17253149999306
posts_in_raop,105.14377281395718
 or ,103.84296243730932
 it,103.8089681987185
ch ,103.33963775448501
urn,102.55771918711253
ll ,101.11393310665153
som,100.59844292118214
chec,100.24513372592628
 i ,99.38429611269385
one,98.72092383215204
imgur com,98.61542622954585
ve n,98.31160594522953
yon,97.15570752578788
 cu,96.65082987747155
not,96.41523281880654
ck ,94.89830986130983
t to,94.33921731915325
t wo,94.1662480821833
pre,93.96225572749972
 wh,93.73351381719112
's ,93.70957268681377
 and,93.21351851802319
 one,92.83062156289816
thi,92.34657942177728
e a ,91.90435434062965
e a,91.81573671661317
king,91.59024942247197
 ca,91.49367168731987
es ,91.41855760104954
et ,90.98066393565387
 to ,90.28787407465279
and the,89.80552281416021
 aw,89.54585854988545
 so,89.22906236420386
the,89.16127101471648
ke a,89.15960424020886
re i,88.37907845433801
this ,88.26194171747193
ad ,88.19832421001047
red,87.66679231682792
ge ,87.44059333205223
 sur,87.27412650547922
i'v,87.21054796734825
ast,86.92039601318538
 ab,86.77888593822718
all ,86.59695493523031
h t,86.56909946422093
r a,86.02616141084582
 st,85.73223887081258
tel,85.36579629592597
 sa,85.28873216873035
itt,85.05831565428525
here,85.00678606331348
ted,84.72200810606591
giv,84.67950428416952
y i,84.59398169256747
ally,84.08815607940778
age,83.85139284911565
i w,83.75988325476646
. i'm,83.29024973325431
request_dayofweek,83.1010418557562
 ge,83.09477011812851
other,82.97748761344701
pen,82.84778036456555
 li,82.74019071832299
so ,82.72336273966357
t. ,82.33277996745892
iend ,82.05622471496463
the,81.88892963342369
sur,81.73330139252357
to say,81.66857350827195
e s,81.27559110755101
 on,81.20600303029642
ng ,80.59713373612612
thou,80.55110427178442
s a ,80.00800339342095
r h,79.76775422296487
o m,79.6398357595317
 pi,79.54251961852424
 fe,79.06837767967954
 rec,78.72373765381053
e t,78.71115686092526
t a,78.70966473128647
y b,78.46151387691498
ld ,78.12598602473736
 a ,78.10756251378916
 or,78.0301384748891
t h,77.84718362661079
not ,77.0448959406931
ve t,77.00198419671506
 ma,76.79615979385562
pos,76.65948417782784
rec,76.3288100589998
n t,76.15509945945814
d b,76.0611304026097
pizza,75.80302579305135
nti,75.47798106982373
 her,75.34783056890592
nd ,75.22514965990558
 ti,75.11740470165387
ut ,74.91241861367598
 la,74.06620265962556
 fo,73.78505179332569
say,73.58742319932207
re ,73.30223251087591
day,72.81383854453452
get,72.75390483951196
at w,72.64088147133589
 me,72.05687417462468
mes,71.68418764229864
ind ,71.49698972702026
...,71.48583961324766
and,71.25582204759121
ank,70.89327672100626
in ,70.53126798197627
 any,70.27810948411934
ste,70.26254808111116
y c,70.23019799520262
to,70.06386188068427
 som,69.99952533259057
r w,69.94074056157842
i wi,69.90147141483612
y h,69.27936358796433
til,68.88092421623878
pic,68.64178903237917
on't ,68.63724342547357
ke ,68.62403521453962
ther,68.56605050596409
 work,68.55355380661786
that ,68.33858150220476
that,68.32160631287843
g t,67.98285306221806
have ,67.71956587512977
t w,67.68156579975039
guys,67.07967495685443
 fa,66.60612661438063
ow i,66.40208918089047
n the,66.37016240111552
t c,66.24759256793186
g m,65.430286295712
", w",65.39984818710946
nd i,65.3546805656515
started,65.25499197281897
tra,65.25264539360069
 we,65.18277703644708
e b,65.0634718479123
t t,64.92737883282825
hungry,64.70073252916336
 go,64.64427362708375
t f,64.43032309878618
job and,64.30449219071306
ess,64.30081537272781
y n,64.24302888615057
ing,64.19315855763853
 of,63.879183296114206
uck,63.67091902345419
y t,63.59335747011937
ust,63.53318375046365
nce,63.38488985016011
lly,63.12770540663041
oun,63.12122334749438
r s,63.094562598504126
e thi,62.76066507631913
ing ,62.46458646166138
ter ,62.41629275446758
n c,62.35172730847262
art,62.226142939180136
tor,62.04380869306624
ent,61.96694506565109
f t,61.94948782864958
s i,61.875921269645914
't ,61.78275980730541
ce ,61.53938000276685
 bu,61.42132643307559
ard,60.883551843464375
d. ,60.850877315271646
is s,60.83278699219227
ind,60.659539584303275
 mo,60.623989570187405
t wou,60.17669897293672
te ,60.15197349805385
there,59.93040969828144
 of ,59.92481123819016
for,59.910332784987986
s in,59.83890569303185
ave,59.701786326710135
an ,59.6133390115574
nly,59.42725035920739
 co,59.307301682420075
 ra,59.15006785932928
he ,58.70614471961744
est,58.21142135374248
k t,57.93604620057158
he c,57.743611491285264
in,57.727724466705695
ing. ,57.68771351245232
ave t,57.628654088126495
per,57.496021941071376
al ,57.48784203408286
use,57.402185359504074
 ye,57.35140349436551
left,56.895197795005515
e i,56.22869295720011
tho,56.14706857409328
mea,55.956765255425125
eating,55.69428662233986
ess ,55.45767625886947
ven,55.456708336248994
ed ,55.18338411580771
me,55.12344746477902
and i,54.99794868635945
they,54.8348038950935
year old,54.81488047540188
ast ,54.631001650355756
s to,54.61410233331844
 my f,54.548386327922344
use ,54.36320890625939
s ar,54.145490325056016
a b,54.075654688989744
 and ,53.88720870157704
eat,53.883653284749016
can,53.864736495073885
 got,53.755259186029434
h. ,53.69597380980849
 for ,53.55641449894756
y. ,53.294308696873486
to ,52.84392190352082
go ,52.81098774680868
 piz,52.67234320193529
our,52.656664626905695
th ,52.55957233766094
 fu,52.46133799524978
y a,52.316675525624305
sure,52.20655262586661
ome ,52.12522785621695
ay. ,52.10461229085922
tion ,52.10133142932318
y s,52.03654526406899
get,51.91326291416772
e f,51.61641105823219
ing a,51.521595960482955
came,51.41102115018293
e p,51.365601625991985
ter,51.36084362864494
there,51.22021455736831
nd m,51.10282247932628
g i,50.86209805891849
d i,50.82695803651586
s s,50.092282825149596
ing i,50.007692308630794
n o,49.93013790156692
eel,49.872212598100305
g to ,49.809951707255095
r p,49.773339519277215
ne ,49.635101585648954
n i,49.594439363107085
t m,49.32937522488646
out,49.28094094526023
", a",49.27656507398933
ome,49.246623607119545
now ,49.11117959022522
com,49.090001665987074
 hi,49.05595910549164
be nice,49.01408550259657
unti,48.99415234103799
 pro,48.91050068056211
way,48.886367914266884
. we,48.770738248480484
 than,48.72785788029432
to t,48.602816212922335
ret,48.48158947331831
 pay,48.40767896967009
 wo,48.330502377357334
 i',48.28863962413743
ow ,48.1269304798916
er t,48.106993216555566
ated,48.07732333941385
his,47.9994387999177
 ea,47.96941759320907
izza ,47.934884707210585
 gi,47.89575453847647
n s,47.856418484589085
 toni,47.61599922180176
of,47.58260383247398
surprise,47.57203928288072
jpg,47.56015682173893
ing.,47.551885766908526
pro,47.52331779152155
'm ,47.469516586046666
r i,47.41991060459986
old,47.34955067560077
ting ,47.33281173929572
 but,47.32620615884662
ver,47.27156022679992
le ,47.244989381637424
ell,47.1039869801607
a h,47.02679600263946
d to ,46.93275198806077
may,46.9075273508206
par,46.886715948581696
y w,46.77597914473154
oul,46.763551257550716
 as,46.748252579243854
empty,46.61373829538934
eri,46.36601877491921
imgur,46.32392071560025
a s,46.240184703841805
en ,46.11417818046175
or ,45.90917064761743
s r,45.83524748124182
my ,45.490378563292325
around,45.24814019212499
t i,45.2102321179118
e n,45.11839078646153
rie,45.11356462538242
e my,45.043573282659054
rent,44.96955399401486
tight,44.44378072908148
. t,44.416792643023655
 com,44.38260770402849
are ,44.34203747659922
 am ,44.204670280218124
 ki,44.1849091053009
in th,44.17367638926953
 in,44.14615116175264
am,44.13637737138197
", i",44.029864901909605
out,43.431290628854185
d a,43.29861332173459
 che,43.09308783407323
 mu,43.002489565638825
somet,42.83885608613491
 de,42.740780531894416
ice ,42.661998676136136
 anyo,42.54168749041855
e h,42.45365743897855
til,42.45003319857642
than,42.42831250000745
rice,42.41947716847062
tti,42.403386062942445
gre,42.13435438089073
so,42.13162184669636
nin,42.055409136693925
last week,41.97050608857535
ite,41.81321569532156
e no,41.75018000602722
den,41.622391663491726
 tho,41.62152114068158
era,41.50937663251534
 ta,41.380783189088106
some ,41.22815102315508
 jo,41.182707376778126
don,41.134441857459024
ee ,41.09242876432836
y g,41.04413095116615
as ,40.98906292277388
before,40.95143616897985
home,40.9139090962708
se ,40.8466690806672
ted ,40.77269549295306
 use,40.73376805288717
ave ,40.727837558370084
ine,40.68688859511167
make,40.601631900295615
 tr,40.51833077496849
a p,40.500132328365
han,40.41447381628677
e an,40.342408556258306
are,40.207033121958375
mor,40.079452333040535
rid,40.00925116543658
f y,39.8853845000267
"o, ",39.56579581275582
i do,39.406558990478516
t g,39.24919544532895
house,39.23526194063015
'd ,39.18880927748978
ery,39.13709973078221
d t,39.09496310004033
s w,39.058788931695744
long,38.92883948376402
s h,38.879293519072235
t b,38.87703056028113
reddit,38.84059295989573
 kno,38.81410535192117
ely,38.79907723609358
 pa,38.708880888996646
point,38.577679415699095
kin,38.41452159965411
ran,38.367829171940684
r to,38.36750220041722
at ,38.300836390815675
e fo,38.112329442752525
r so,38.05952631426044
 my c,37.97583507443778
 redd,37.97292280709371
greatly,37.95721496082842
any ,37.87351001985371
mon,37.67642064020038
would,37.5835496885702
you,37.52987946616486
king ,37.528691872023046
from the,37.51686298009008
dominos,37.510865764459595
on t,37.36414584517479
din,37.34934748895466
ing t,37.32278794143349
in t,37.25060973223299
r t,37.21842699497938
like ,37.208324059378356
last,37.160271818051115
our ,37.115870183333755
ry ,37.11505539272912
ive ,37.0675768814981
 un,36.892286432441324
rt ,36.85230522998609
 me ,36.7119013722986
"t, ",36.69826495787129
vin,36.65756166912615
now,36.633027411065996
t an,36.50178016675636
two,36.4892497882247
o g,36.30383802391589
she,36.23124452959746
g to,36.22698277537711
lle,36.069037289591506
e o,36.05464250873774
t e,36.03948699031025
n b,36.00254502519965
be ,35.93999499641359
tak,35.89167996123433
on m,35.80630111694336
 gr,35.60761818056926
a piz,35.533727031201124
 i ha,35.3939255150035
n't,35.392984548117965
pin,35.390893161296844
us,35.28845045296475
ext,35.27861824911088
bro,35.24276745133102
n m,35.231267587980255
 be ,35.141974637750536
ont,35.125261042732745
e the,35.110727455466986
her,35.07609001919627
 wa,35.07078553549945
old ,35.062622711993754
yone ,35.044769529253244
r an,35.00792331341654
y f,34.93040938884951
last ,34.927554089576006
ns ,34.88999009691179
ot ,34.880339943105355
unt,34.849101424217224
i wo,34.79519229475409
igh,34.78703414462507
help,34.770285475533456
is,34.70720653561875
t ha,34.23181283660233
s f,34.22897153743543
one ,34.227390240412205
very,34.11046018381603
ntly ,34.01951823942363
of ,34.00927293859422
t is,33.85896302387118
o b,33.82028736080974
love ,33.813860055059195
ight ,33.59812660142779
re a,33.58724870532751
nig,33.56407163757831
e wi,33.55231688544154
ack ,33.5396746029146
ount,33.39889118075371
 si,33.37406305782497
any,33.26710833562538
thin,33.120310459285975
o r,33.10395449772477
e to,33.00178564037196
ood,32.985581854591146
f i,32.96789885684848
y m,32.94198480248451
 real,32.842418337240815
pretty,32.67250061035156
ear,32.630435086321086
day ,32.52876038104296
 a c,32.47721591591835
ting,32.39559007901698
or,32.37334045069292
e of ,32.34994499152526
a t,32.34451982984319
ys ,32.30141800828278
if ,32.21500815404579
just,32.21309594903141
ng.,32.21014540223405
jus,32.150307204108685
own,32.13313359301537
ere ,32.09972506761551
bou,32.05825276649557
eve,32.05783909955062
wit,31.944189711473882
in the,31.92588209360838
ork,31.92199993133545
it in,31.878575013484806
ut i,31.859349941834807
 po,31.847132293507457
e mo,31.809017717838287
ove,31.789476703153923
up ,31.761295426869765
rin,31.708297482226044
", bu",31.691022504586726
ll t,31.576277328655124
"e, ",31.480844053439796
een,31.45486117899418
is ,31.452960421564057
ying ,31.42371041327715
rice and,31.327310249675065
 this,31.16682033240795
e c,31.141256859526038
 frie,31.134728400968015
bad,31.07522326754406
rent,31.062828468624502
t n,31.06181115237996
 re,31.039433386176825
war,30.963100124383345
hat i,30.922054818598554
met,30.868527056649327
y ha,30.619410103419796
ack,30.551856678910553
 ou,30.516740885097533
here,30.4888239572756
 to g,30.396371667739004
fee,30.28957822918892
. th,30.204679341288283
eal,30.19320670887828
 fi,30.190500817727298
ble,30.187574299052358
can,30.1599289085716
 the,30.117903603240848
t now,30.1036911807023
 hu,30.050295025110245
 who,29.977762311697006
on a,29.878759023034945
 any ,29.877041443251073
e pi,29.8538996912539
t a ,29.776697494555265
tely,29.655790328979492
star,29.651973304804415
int,29.634896544739604
year,29.601773107191548
am ,29.57955504860729
 my ,29.557389331050217
 ver,29.517632771283388
zza. ,29.471209198236465
t o,29.40110478270799
hopefully,29.39663458056748
 a w,29.37592001305893
 you ,29.343221832532436
 no ,29.340901404619217
ask for,29.327619640622288
out ,29.301414522808045
hing,29.212167516583577
pizza would,29.143821308389306
time to,29.11672133207321
 ap,29.08220062358305
r the,29.067254399415106
it',29.037999560125172
for m,28.967206448316574
t of,28.965516452677548
t in,28.94024636480026
ill ,28.899423273280263
d rea,28.839682018617168
men,28.794431356713176
und,28.678814955055714
d be,28.567768700886518
. i w,28.56313222181052
n. ,28.53653128282167
y th,28.488103037234396
ving,28.404201354831457
eas,28.388053562724963
 car,28.14979825168848
 br,28.134880617726594
n a ,28.12215816648677
 ac,28.071834648493677
yin,28.0543186229188
 have,28.044208582257852
e ho,27.967660709749907
no,27.874433651100844
s g,27.858452500775456
up,27.847112210467458
min,27.771252756007016
ve,27.74505979195237
wee,27.717130349949002
 my,27.71526224212721
couple days,27.652989380061626
to the,27.5668561370112
to have,27.542651959694922
ou ,27.46917134197429
s in ,27.454064838588238
i j,27.3958758614026
tud,27.291300296783447
e. i,27.28001381433569
to b,27.240446758456528
as,27.2079220963642
way ,27.20541153755039
d i',27.108920644503087
 ex,27.10730778076686
 we ,27.059214463457465
 stud,26.999211952090263
n i ,26.995867379009724
a w,26.971825253684074
abl,26.908685598522425
we ,26.86831722361967
anks ,26.867107761558145
so i,26.84909656830132
an,26.80016441247426
d me,26.795124974567443
o s,26.788608067668974
 days,26.74245548993349
 i'm,26.71693640947342
're,26.629863757872954
us out,26.53959166817367
loo,26.53387333918363
e wo,26.520268723368645
request,26.503593056462705
e of,26.494399826508015
want,26.48580477759242
 tw,26.367163077462465
 are ,26.31504332832992
s b,26.28869176004082
but would,26.277940296567976
 wil,26.27028127713129
e e,26.196212030481547
e to ,26.128411943558604
ew ,25.948150421958417
y fo,25.89406637987122
w i,25.879753725603223
ed t,25.873538128100336
out t,25.844454310834408
fri,25.83261097362265
 ba,25.756132267415524
 fri,25.72608072310686
ciate,25.662134021520615
e he,25.62563333660364
ll,25.605585642158985
ght ,25.57610007515177
 been,25.383467487059534
at th,25.376810293179005
ace,25.246116508962587
this,25.220009228913113
 mak,25.164157088380307
ling ,25.1436821478419
th a,25.12466210499406
 whe,25.123616684228182
if someone,25.025849516503513
hey ,24.994393326342106
mpl,24.98378014564514
ous,24.974274223204702
turn,24.734978893771768
ile,24.716932091861963
ill,24.675386267714202
e r,24.657125995960087
 a pi,24.639447546331212
. my,24.632995161227882
o th,24.60310022905469
s a,24.479751016478986
he,24.472146262414753
ost,24.430333286058158
some,24.37616084050387
care,24.345027033239603
k. ,24.336866912897676
to c,24.32586974557489
ntl,24.31622040271759
cia,24.293214573990554
 mon,24.271627685287967
lly ,24.255005528219044
make ,24.244106753263623
tomorrow,24.240436423337087
they ,24.218573757447302
girlfriend,24.175836496055126
d a ,24.106505144387484
forward,24.041146407602355
t p,24.028369029518217
ay a,24.00241182744503
be,23.878217704594135
i h,23.867638093186542
ve be,23.84833073616028
o h,23.830927283503115
 eat,23.797410470433533
m i,23.706595729338005
job,23.70149976015091
hin,23.68729852512479
food ,23.582548763602972
tin,23.451903220731765
i ge,23.35372385615483
 nig,23.25376890366897
back ,23.24081552028656
d i ,23.217888773418963
d he,23.172379376366735
s c,23.130249169655144
nce ,23.074868010357022
nd o,23.073868266306818
sto,23.039948996854946
been able,23.007814683951437
anything,22.99574038013816
m t,22.98524129576981
e ha,22.977230389602482
e th,22.959228675579652
 ag,22.87759599648416
 lik,22.77448129793629
thro,22.771170614287257
d n,22.763532519340515
e be,22.741334640886635
 get,22.64665283448994
because,22.597610116004944
 us,22.55409037740901
frien,22.536420419812202
 not ,22.525226855650544
i c,22.519487456884235
ound,22.50947642000392
oug,22.48740264121443
ett,22.475947408005595
e it,22.446952952072024
out with,22.402318498119712
 bo,22.38237999100238
won,22.376376411877573
om ,22.20425327727571
hing ,22.188958058366552
ty ,22.06757304817438
aus,22.02929957769811
ever,21.97274312004447
on,21.90015996620059
me o,21.894860870437697
rs ,21.89394496148452
 out,21.850237449631095
othe,21.8475528806448
told,21.714118629693985
is a,21.65664019389078
ut of,21.607473542913795
 mi,21.573683694005013
 a b,21.50609080120921
ay.,21.49282294535078
done,21.489235455170274
 at ,21.48903857334517
ely ,21.402739701792598
and ,21.39744825148955
don',21.388790251221508
ith,21.36601789924316
ve a,21.364308855496347
ecia,21.305680632591248
ight,21.262414244469255
ity,21.257422365248203
l m,21.214861367829144
ung,21.135147334542125
r c,21.12459420086816
rou,21.116168566048145
e out,21.03140709991567
 cou,20.9004969522357
for a,20.855175194330513
ure,20.82703212276101
 here,20.81910374108702
at i,20.789983280934393
 foo,20.78442734107375
r m,20.71841730782762
 sta,20.705491823377088
g a,20.70392355741933
 nee,20.69857644988224
 bro,20.686916194390506
app,20.671298681525514
 to t,20.625431740656495
sti,20.607588884420693
ve a ,20.604489636607468
and w,20.603347569704056
him,20.580725863110274
sit,20.56285835709423
 pla,20.555502831935883
e re,20.508457927033305
e bee,20.465248173568398
all,20.458018104545772
no money,20.419275280088186
 don,20.395697936415672
no ,20.391876930370927
ike,20.391790442168713
nd h,20.3730881344527
ently,20.30375943146646
on ,20.290462760720402
 don',20.225846868474036
s to ,20.213449870236218
we',20.18229167163372
going,20.153161180671304
on',20.134922916535288
good,20.13324299454689
had,20.13199446024373
eli,20.129404295701534
car,20.087133877677843
urs,19.99592573288828
yone,19.97877912130207
g th,19.95116156246513
have been,19.937991585582495
oni,19.925405476242304
half,19.917327889241278
t th,19.90954093122855
http,19.899559756740928
ay i,19.893564698286355
n e,19.815498902462423
if anyone,19.801671884953976
 but ,19.776033837348223
his ,19.763593579176813
big,19.749111988116056
live,19.65168618806638
d the,19.630329416133463
 up ,19.615846867207438
ost ,19.605392277240753
we,19.551703318953514
little,19.526596849784255
family,19.508872017264366
through,19.45248940004967
entl,19.434149475535378
hel,19.389439285267144
ntil,19.3346004486084
me.,19.318253238219768
to m,19.305340571328998
 in ,19.294217103160918
k o,19.228300322778523
with,19.17641991074197
 hav,19.099924832116812
 mone,19.086335452273488
hey,19.08458738680929
fin,19.07089248718694
need ,19.053699493408203
 wan,18.92819919064641
waiting,18.907840367872268
some,18.864031905308366
much,18.817222889512777
buy,18.75914000440389
ttle ,18.616899490356445
ay ,18.576779323630035
ues,18.564307334832847
else,18.518604340730235
s d,18.482811092864722
 ri,18.445597320329398
ning ,18.43416029214859
please,18.36709976196289
d th,18.3629878051579
decent,18.358630447881296
ove ,18.3193070422858
s. i,18.303805766860023
 if,18.282005632994696
 i c,18.258122191997245
our,18.224187524057925
hello,18.21331536769867
e piz,18.202061749529094
d my ,18.092334410641342
em ,17.939010955393314
nt t,17.870448966277763
ong,17.863219797611237
nds ,17.841157019138336
d r,17.840393687132746
up and,17.789940749527887
appreciated,17.771529768127948
i hav,17.76907973922789
day,17.754713831469417
ping,17.672540612518787
f s,17.630385875701904
 wou,17.609797157347202
 to b,17.50182905048132
or s,17.500529910437763
sen,17.495922434143722
been,17.450515747070312
ion ,17.449415232986212
 a r,17.42513385694474
ust ,17.385879753157496
o w,17.38270178437233
ook,17.295778344152495
and will,17.289394638501108
ife,17.24171449430287
oday,17.21780014038086
ord,17.14985640719533
thr,17.12649130448699
le t,17.101470513734967
mom,17.0191239528358
sin,16.998824443202466
 bi,16.995029172627255
eall,16.989728063344955
nd s,16.973715661093593
oth,16.905408142134547
 pay ,16.89613379491493
izza.,16.878602389246225
 le,16.85199461877346
g o,16.847711194306612
d an,16.81141833914444
a f,16.797551444731653
having,16.771203845739365
r a ,16.71122685726732
rom,16.70567245571874
 is,16.703721776837483
 a p,16.69696291675791
 i wa,16.6604956635274
y for,16.61025251634419
really,16.571641854709014
've,16.569402461871505
d w,16.55953959003091
e. ,16.537832486908883
 thin,16.51874218462035
 i a,16.503297521732748
 yo,16.450625659432262
morning,16.42752705514431
its,16.40593902510591
can help,16.396826766896993
gra,16.33995532244444
 so ,16.2822818167042
col,16.245322346687317
n w,16.204974342836067
 know,16.172361155040562
e i ,16.170961033785716
 ch,16.170662495540455
ttin,16.134167513810098
rk ,16.123333644121885
don,16.10645553912036
if,16.090077370638028
ner,16.086271634325385
t l,16.084928649943322
and am,16.04942539939657
ore,15.999906526179984
tle,15.959236796945333
love,15.906040575355291
now and,15.904359947890043
e d,15.871055141789839
ank ,15.869273230433464
have any,15.85765501530841
en i,15.844624649733305
ago,15.84209144115448
s o,15.642149820923805
ng a,15.637454102747142
eat ,15.632228083210066
see,15.604499816894531
h m,15.580245048273355
 cr,15.579048003302887
rro,15.477439165581018
paid,15.475266113877296
tod,15.470442991703749
t i ,15.40433300845325
o a,15.378508627414703
 ne,15.346173084108159
 eve,15.339352957904339
 di,15.332990338094532
mov,15.311249852180481
ime,15.293547046836466
husband,15.266500473022461
for ,15.241999047342688
 pizz,15.239644648507237
ugh,15.231667346321046
stor,15.22549876384437
it forward,15.223717298358679
son,15.107829283224419
pla,15.097753637004644
 on ,15.086067508673295
be able,15.085128769278526
 our,15.079885192448273
sta,15.06526509579271
d o,15.018988482188433
if you,15.002122282981873
e for,15.001907411497086
old,14.981254527810961
las,14.974236170994118
o ha,14.927140235900879
y to ,14.925249345600605
"y, ",14.902735259849578
ort,14.890356335788965
oll,14.823569655418396
tly,14.809901674976572
ren,14.807967689121142
ant,14.805988088715822
o c,14.783838473260403
 lit,14.72891974169761
res,14.718915466684848
count,14.708231329917908
unemployed,14.68575887568295
oke ,14.670889715664089
er.,14.665074828546494
y l,14.632747590309009
my family,14.594145262613893
 you,14.591136769391596
t we,14.567891160026193
food,14.527858995599672
 ar,14.472914198879153
willing to,14.465284258127213
to find,14.456618996337056
"d, ",14.444903833325952
haven eaten,14.426544025540352
hun,14.407391644548625
 sh,14.383387289009988
ll be,14.38060550717637
 was ,14.347279861569405
ney,14.333306226413697
 of t,14.319842706434429
r o,14.317229327280074
on my,14.31425678730011
noth,14.286506801843643
dinner tonight,14.24468095600605
cash,14.232161317020655
 pos,14.206827250076458
s an,14.200457098893821
hank,14.178649351932108
too,14.170521434396505
eci,14.146204543765634
. m,14.139257388189435
ain,14.099877186119556
at t,14.030538503080606
recently,14.018470287322998
rn ,13.974862143397331
d f,13.970529509708285
work,13.947600364685059
 thr,13.898545822128654
o he,13.865791900083423
izz,13.841106347739697
going,13.837801549583673
job,13.831128493882716
d h,13.77689005737193
ery ,13.759732051752508
ld be,13.666423592716455
f yo,13.640117317438126
t s,13.58043882669881
t d,13.558743167668581
here ,13.46334981918335
e ar,13.393180390587077
appreciate,13.379511374048889
which,13.368693455588073
 giv,13.344406515359879
n my,13.333252986893058
ays ,13.318032657494769
l i,13.287072259932756
 job,13.277759897522628
", i'",13.270609259605408
 thi,13.243818487040699
had ,13.240471725119278
spe,13.204157092608511
ed a,13.192709231749177
d lov,13.189326599705964
m n,13.142989993095398
 a l,13.116445016115904
nd a ,13.071012560278177
 from,13.03915715077892
y p,12.977970948442817
e ca,12.977476533968002
ard ,12.96366863953881
my son,12.947420410811901
hou,12.946851978078485
n th,12.932387234643102
. tha,12.92891021235846
 to d,12.917535700136796
ther ,12.903347672894597
moved to,12.893890380859375
y an,12.88390478817746
me a,12.877451150678098
 as ,12.873207415221259
rea,12.849032573401928
k a,12.817400335334241
thing,12.808784656226635
t the,12.795168886892498
very,12.79156482219696
e in,12.779711941955611
 en,12.776973120868206
read,12.774914558976889
che,12.743778651580215
they,12.72621106216684
bank,12.70597956655547
 if y,12.704586915206164
ven ,12.671786677092314
t of ,12.633191406726837
y to,12.616425884887576
late,12.583156690001488
d g,12.577921453863382
e a p,12.554615410976112
the s,12.553428253624588
're ,12.510430335998535
for few,12.505815844982862
 make,12.439990309998393
 to s,12.437436676584184
gonna,12.425779711455107
coming,12.18321109493263
s p,12.094582590274513
what,12.09152368735522
really appreciate,12.074829578399658
 week,12.056698483414948
has,12.05662638694048
y o,12.0378497838974
here is,12.0323346555233
oing ,11.986281152814627
who,11.982401888817549
ers,11.967329444130883
 off,11.958729295060039
but i,11.934544488787651
give,11.906067289412022
than,11.890903867781162
 is a,11.889776271767914
birthday,11.864700317382812
since,11.820297603495419
 te,11.814492390723899
e g,11.80823989585042
bre,11.74795587360859
. we ,11.745271042920649
g a ,11.743711715564132
s l,11.728889286518097
 wee,11.653395185247064
d in,11.649619008414447
eat,11.648177347145975
currently,11.638698298949748
 in a,11.626298902090639
ork ,11.532299995422363
dollar_count,11.51675019110553
ith ,11.498605103231966
top,11.482549831271172
d m,11.468317934311926
was,11.463252705521882
liv,11.459086156683043
 mont,11.35990023612976
year,11.356320516671985
me and,11.347016900312155
iat,11.327168297022581
of my,11.296945227310061
i get,11.282099723815918
", but",11.275646984577179
 day,11.25573522504419
t to ,11.24583752732724
d we,11.21656789071858
from,11.151883006095886
 pr,11.144864248577505
m a,11.13175921421498
ten,11.117393636144698
l o,11.112505848985165
 anyt,11.103923857212067
f th,11.071719841565937
ny ,11.062434554100037
be a,11.04432956292294
ass,11.026501385262236
send,11.023504884913564
 wit,11.007736024679616
", an",10.984525203704834
grateful,10.975299835205078
n to,10.969176180660725
lik,10.96893481677398
t my ,10.941861043684185
o i ,10.930799992755055
 hou,10.898480792995542
 aft,10.874519389588386
 goo,10.841932564042509
use,10.836504792328924
y. i,10.81976041290909
 sinc,10.788670003414154
ies,10.786394679453224
 hel,10.78594782948494
 sp,10.785489302361384
willing,10.781881131231785
 al,10.726398080121726
thank you,10.70687635242939
ould ,10.706267814151943
far,10.678220272064209
 wha,10.676800497341901
e so,10.664836262818426
 at,10.629103639163077
izza,10.557125674095005
e is,10.542242771247402
t hav,10.531575173139572
when,10.510917346924543
do,10.50126475468278
father,10.487460047006607
apartment,10.450660347007215
ime ,10.420691404957324
a m,10.398600860498846
 my m,10.386895397212356
http www,10.371221848763525
nigh,10.369686305522919
 an ,10.341760987881571
wor,10.279907712712884
your,10.279304984025657
ed i,10.256381665356457
ure ,10.249455508776009
g s,10.22316145314835
nes,10.194768763612956
i d,10.176287041977048
i ca,10.174300193786621
kno,10.164426157716662
oing,10.153751592617482
lot,10.133808895945549
without,10.105600357055664
hi,10.105116052553058
ey ,10.093197423964739
favor,10.07348519563675
who,10.055862449109554
 are,10.054399494081736
best,10.004998825490475
so can,10.004486048594117
der,9.991663278080523
a c,9.954056189628318
woul,9.92897058930248
lea,9.895103053655475
ng t,9.872787907719612
out of,9.869008806534111
ing f,9.85951977968216
tio,9.854472329374403
ramen,9.840459886938334
when get,9.799366649705917
ece,9.783151518553495
and are,9.773280979832634
nly ,9.722965613007545
e's,9.698749482631683
f an,9.692971534561366
y ap,9.682210482424125
wou,9.665972327813506
help ,9.635103061795235
en a,9.596996878273785
 to a,9.596852674381807
 dr,9.593951890710741
acc,9.583279695361853
t pa,9.566665345802903
n h,9.548693787772208
ve i,9.52321982383728
money,9.490565750747919
les,9.471117398701608
cover,9.4630878707394
room,9.460629589855671
 fro,9.456554252654314
ily,9.452404655516148
e on,9.448891560081393
 job ,9.426782824099064
ds ,9.40785117004998
 pai,9.374151730909944
 i wi,9.363659015391022
", so ",9.344773087184876
s of,9.283807839266956
 ju,9.184789093211293
 so i,9.179885350167751
and h,9.177838607691228
ng f,9.145101930946112
week,9.130079953931272
ton,9.058657604735345
 love,9.046133713796735
i ha,9.008451731875539
es a,8.986957654356956
or a ,8.975468380143866
 it ,8.957560198847204
oin,8.926747270394117
nd w,8.918194584548473
had to,8.904520034790039
or t,8.865949572063982
t. i,8.862435028888285
 rig,8.85984992980957
ave a,8.814429461490363
 on t,8.796480178833008
even,8.769362088292837
 to c,8.761605236446485
so i ,8.726523818448186
y r,8.706095918547362
cou,8.69284148560837
d it,8.691441056784242
 ton,8.677004024386406
hop,8.667594155296683
za w,8.646030187606812
my f,8.64600533992052
come,8.579911309294403
e l,8.506995111703873
today and,8.482110023498535
ause ,8.47392988204956
 the ,8.466602789238095
't ha,8.45766094699502
", so",8.452459027525038
l p,8.398580832406878
ple,8.381553204730153
hic,8.375062249600887
orr,8.341471617110074
uch,8.336225331062451
as a,8.324718569405377
then,8.312295794254169
night,8.295280456542969
hat,8.282633917406201
ed o,8.185400009155273
now,8.18539551179856
r b,8.143220022320747
ythi,8.124165319371969
always,8.101499557495117
 af,8.097357572056353
it is,8.094543382525444
n f,8.072345034219325
he l,8.050967961549759
 has,8.044776651309803
ve b,8.021987034007907
o d,8.018545584753156
he p,8.011018857359886
anks,8.005075931549072
he m,7.9110947996377945
getting,7.903010668233037
 if ,7.90250187413767
er a,7.89394293888472
he f,7.893520440440625
edit,7.883721813559532
mil,7.872132797259837
ally ,7.839372906368226
sick,7.828540086746216
d c,7.821791853522882
it.,7.8168148547410965
up to,7.807839870452881
 i wo,7.787589929066598
to offer,7.7863625339232385
de ,7.7789110883604735
y and,7.775883053895086
thanks,7.765960672870278
t my,7.739778213202953
story,7.717360019683838
 tim,7.68172025680542
 col,7.679279804229736
place,7.656096838414669
e st,7.644838768057525
ough ,7.644823060370982
work ,7.6439454685896635
ead,7.617147435201332
ut t,7.59752155886963
ut a,7.586428238544613
ly h,7.579953697044402
my b,7.575269072782248
hungr,7.564479827880859
get ,7.55196382291615
unfortunately,7.516469955444336
gh ,7.515063877217472
a d,7.506240105256438
on th,7.500170465558767
yea,7.497118262574077
life,7.473015197087079
till,7.425878713838756
hen i,7.319033558713272
 am,7.294127855449915
 bec,7.277250297367573
za ,7.2728685000911355
ould,7.234721214976162
helping,7.228398978710175
firs,7.225122183561325
didn,7.204795070923865
for my,7.17189413215965
ake ,7.153612347319722
my c,7.145099429413676
 lov,7.142250061035156
in a,7.137651287019253
 gra,7.127766655758023
 mea,7.114808291196823
new,7.111222796142101
foo,7.079615345224738
been having,7.072843328583986
 i ca,7.048664889298379
 hop,7.043420076370239
free,7.037880063056946
rest,7.024631364038214
can ,7.004215955734253
za. ,6.988007249776274
i am,6.949816243257374
od ,6.9477585344575346
take,6.929429361131042
wil,6.926234817132354
ying,6.904139995574951
ddi,6.892452537547797
s n,6.879464264027774
i wou,6.8786980849690735
 kn,6.839489925187081
terrible,6.838852990884334
and have,6.832496008370072
ate ,6.829893181100488
so we,6.819629271514714
ad t,6.8108273120597005
 be a,6.77962950617075
st t,6.769072889350355
 rea,6.766175230965018
s we,6.749119877815247
tte,6.74910319596529
ney ,6.747214895207435
to a,6.74570906162262
well,6.7124438169412315
in my,6.662003725767136
lot of,6.656419992446899
the f,6.646299839019775
ciat,6.634900093078613
whole,6.6277899742126465
ng o,6.6222429275512695
nt a,6.62052097171545
re,6.616337098181248
o p,6.611421509413049
ll b,6.608735725283623
row,6.607789974659681
pay for,6.602169990539551
pm,6.511970043182373
 app,6.492769107222557
 get ,6.450427226256579
hard,6.421150207519531
 int,6.40136981010437
nds,6.3895653542131186
 out ,6.364409002009779
ice,6.3305250480771065
go to,6.270760178565979
new job,6.2675585695542395
 few,6.243836730718613
pay,6.2385144997388124
uld b,6.235213754000142
str,6.225580661557615
ase,6.201719215139747
il ,6.19097565789707
new,6.187889792025089
me t,6.17026093788445
www,6.158390460070223
e tha,6.157419898547232
and m,6.109747192822397
and they,6.1041732099838555
ent ,6.099315274041146
aid ,6.09580238070339
 all,6.077853281982243
my wife,6.033360004425049
last me,6.017291069030762
ood ,6.014636639505625
 to h,5.99568486912176
to stay,5.983749866485596
ding ,5.971715539693832
help,5.970040202140808
and s,5.881756812334061
one,5.870200037956238
 had ,5.856113882735372
any,5.848614659160376
of our,5.795824912376702
time,5.793629069812596
would love,5.784141230396926
fore,5.7437641602009535
nks,5.722180686891079
with my,5.7106719091534615
dit,5.691600099205971
r th,5.66963011585176
about,5.654018595814705
ays,5.6455176514573395
to s,5.618203554302454
were,5.59814977645874
stu,5.59736639726907
 will,5.555200099945068
ttl,5.548528075218201
and my,5.492894092574716
f the,5.463366001844406
 kind,5.457939982414246
 i g,5.439471051096916
people,5.418063386809081
until,5.393721951171756
ve been,5.368370517157018
my p,5.364614987047389
be awesome,5.36357331648469
end ,5.35737414448522
s fo,5.3375972881913185
d my,5.3311820309609175
for the,5.316538967192173
and a,5.303892548196018
st m,5.299921622499824
n an,5.29332979163155
ning,5.248479330912232
con,5.23292856477201
 star,5.22082500718534
d re,5.208765439689159
y mo,5.200778113678098
roke,5.190666176378727
ist,5.173692409880459
 liv,5.163045458495617
ick,5.136979972943664
iate,5.1203800439834595
ake,5.117685570847243
als,5.100002150516957
 gu,5.097387787885964
 new ,5.094200134277344
ver ,5.090459635481238
ith a,5.08942573168315
by ,5.040349960327148
 help,5.013516353443265
s the,4.992060134885833
ike ,4.984699032269418
will,4.937081640586257
me p,4.9199632573872805
ng fo,4.909780025482178
are,4.868097517639399
again,4.8332200050354
 can ,4.792366178706288
but have,4.775422070175409
my girlfriend,4.773280143737793
nte,4.7634124788455665
s for,4.757819043472409
pizza to,4.754137873649597
god,4.752579987049103
a pi,4.735752700828016
l t,4.733411484863609
also,4.723841291852295
eon,4.718419270124286
oke,4.717990602366626
i'd,4.711127546150237
to p,4.6512084535788745
i can,4.644439518917352
 can,4.6354679530486465
ng m,4.590085150208324
t for,4.584873527754098
ld b,4.538119165226817
 is ,4.5367372459732
ask,4.526017069816589
ext ,4.502303512766957
e are,4.462679900228977
pay,4.444896133383736
 sc,4.407529830932617
give,4.374062210321426
ld l,4.373715377878398
een ,4.369211973855272
feel,4.360085491091013
 whi,4.350163295399398
this morning,4.268899917602539
elp ,4.260965555207804
reat,4.253576376475394
e in ,4.25268432777375
l be,4.241459846496582
ht ,4.212776615750045
", i ",4.207313588587567
this,4.205946431495249
zza ,4.203310012817383
. my ,4.193314531818032
d u,4.192247462458909
need,4.189380573108792
and pizza,4.186235021566972
you,4.1770889684557915
mak,4.165060043334961
month,4.155982002615929
two,4.155712867621332
 fr,4.151236514095217
weeks,4.110839148052037
cen,4.075294243404642
 ro,4.054838211508468
 up,4.051870463881642
", b",4.048749692738056
aft,4.041290044784546
eone ,4.025649822317064
o be,4.017117694718763
few,3.986039511859417
 coul,3.973043339792639
you all,3.9709017714485526
and just,3.970170021057129
right now,3.963860034942627
ly a,3.960172455292195
we have,3.9494099617004395
today,3.920371949672699
off,3.9101067930459976
anyone,3.9058819115161896
cool,3.9025959465652704
as well,3.9002889171242714
anc,3.8829833790659904
ittl,3.8816699981689453
return,3.846520916558802
 forw,3.8346500396728516
d to,3.830860208719969
atio,3.8297322848811746
nee,3.790045975940302
rather,3.779848223552108
hey,3.777048313524574
bills and,3.7463901042938232
enough,3.7447320255450904
. i h,3.735529216006398
. if,3.716599941253662
few days,3.6825407336000353
ut i ,3.679484750609845
to eat,3.663287503644824
l b,3.663174188695848
nde,3.662256069481373
to my,3.6532281497493386
that it,3.6509599685668945
 jus,3.638072844594717
lin,3.6322066062130034
 had,3.6171397021971643
when ,3.6139255196321756
o i,3.5927333123981953
hours,3.587931178510189
ina,3.5755268931388855
the last,3.575089931488037
able,3.531283427029848
ing m,3.519788920879364
", t",3.5156480208970606
this week,3.515000104904175
area,3.5138822237495333
ntly,3.472104782704264
my m,3.4670599615201354
those,3.4615800380706787
've b,3.4512568451464176
just really,3.445803292095661
down,3.442435011267662
ut o,3.4331566747277975
love,3.4073589891195297
lov,3.399896115064621
doesn,3.381697028875351
d on,3.3805110012181103
eek,3.3696821741759777
t no,3.3532861173152924
she ,3.3521154895424843
inc,3.3502710463944823
broke and,3.3487125374376774
d lo,3.34463894367218
so much,3.333039495162666
nex,3.329757388914004
pizza that,3.322672118199989
"s, ",3.3168706719297916
real,3.3120575780048966
 ple,3.307554789353162
to me,3.2931599617004395
hro,3.291608852567151
 all ,3.285312708467245
during,3.265888173133135
on our,3.25975102186203
"r, ",3.257110249483958
d be ,3.239731972804293
ica,3.2354758456349373
lon,3.226162089034915
g f,3.2194258889649063
i g,3.2188771793153137
with,3.203969955444336
would really,3.2024810314178467
forward when,3.201365053653717
l th,3.1984720826148987
able,3.190057235537097
 i h,3.1817137077450752
 fir,3.1690570767968893
whe,3.1580371223390102
ke t,3.1486103520728648
 that,3.1390957250259817
of the,3.1349859251640737
", and",3.1140783792361617
but ,3.0985242277383804
.. ,3.087838865816593
t fo,3.050010279752314
posted,3.0447800159454346
back,3.0360559225082397
broke,3.0353269276674837
at work,3.0332950949668884
t re,3.0325744156725705
to d,3.0284199714660645
god bless,3.024630069732666
ing s,3.01636416465044
on't,3.0094847287982702
cau,3.0041649788618088
days,3.0020084232091904
 try,2.9906083550304174
coun,2.9792912495322526
litt,2.9687299728393555
omi,2.9552256872411817
in m,2.9340399263892323
bucks,2.9157123118638992
help us,2.874749273993075
make,2.872116906568408
but,2.8699812632985413
o the,2.862772583262995
 a s,2.859690038487315
o f,2.84699109592475
s th,2.84568975539878
 has ,2.8424778785556555
ude,2.8172034360468388
hea,2.7931289672851562
ant ,2.79181758267805
com,2.7883812612853944
tion,2.7831393647938967
everyone,2.771800994873047
off ,2.7697598934173584
hanks,2.745039075613022
d l,2.734849358443171
 bac,2.7290173857472837
fte,2.711050033569336
he w,2.7021042816340923
ion,2.70170234143734
nks ,2.699138368945569
zza,2.6987500190734863
 mor,2.690094068646431
 do ,2.6750581115484238
d p,2.669494856148958
 yea,2.661124899983406
e ou,2.6604299545288086
 a f,2.6583415647037327
but it,2.6519072130322456
 i've,2.623029947280884
or m,2.6221699714660645
my mom,2.6090900897979736
state,2.6032438026741147
and all,2.5979255624115467
ring,2.5903429170139134
ve to,2.5819197855889797
i am ,2.565469980239868
eth,2.557360917329788
ivi,2.5551039413549006
hous,2.553707003593445
especially,2.5503599643707275
but,2.548327334690839
need,2.5476037859916687
sed ,2.520470594987273
nd a,2.511735523119569
has,2.506461455486715
 i'v,2.4977536406368017
of this,2.4838505424559116
away,2.461874956730753
even,2.4453699588775635
own ,2.439486354123801
m s,2.431976976338774
pay ,2.428823843598366
 now,2.4214855851605535
anyone could,2.4123765006661415
person,2.384667198639363
 our ,2.3713965355418622
over,2.36504257353954
only have,2.357909917831421
tle ,2.334587666206062
college student,2.333386193960905
abou,2.305759906768799
hen,2.294542553834617
e co,2.2937547345645726
rd ,2.2802819460630417
"n, ",2.2740139635279775
 woul,2.2728014315944165
ame,2.269187451340258
by,2.2678878866136074
and some,2.2613000869750977
 stu,2.2400485654361546
to pa,2.212527595460415
another,2.1875998973846436
 what,2.1859162002801895
d d,2.126796718686819
", s",2.102785997092724
work,2.098022066988051
all of,2.0959519743919373
a n,2.094697503373027
 ni,2.0931821917183697
days,2.0864245605189353
has been,2.0793590247631073
to do,2.0675746416673064
"ay,",2.049090754939243
return the,2.0414557680487633
ami,2.0170778362080455
to get,1.9949929416179657
ng i,1.9927156909834594
do ,1.9821549877524376
 sin,1.979440415976569
nd i ,1.9788419413380325
 one ,1.9747727802023292
a g,1.9726453088223934
h a ,1.97195702791214
would be,1.951272580306977
 frid,1.9454699754714966
ar ,1.9451785385608673
act,1.944126045331359
t's,1.9390822984278202
n my ,1.9343339800834656
ban,1.9171298332512379
will,1.9118279218673706
ng a ,1.9083749949932098
and is,1.8970600366592407
brok,1.8719696369953454
tough,1.8700231444090605
ask,1.8655415885150433
 some,1.8616354521363974
to last,1.8362082566600293
things,1.8162109553813934
ow.,1.8106514113023877
y re,1.7841130495071411
ing o,1.760440287180245
uch ,1.7571455023717135
 got ,1.7489190101623535
semester,1.7414709627628326
looking for,1.7329775905236602
find,1.7038279473781586
last,1.7017672378569841
ful,1.6844754205085337
pai,1.6776920277625322
of th,1.6737230122089386
will gladly,1.6521810218691826
very ,1.6384999752044678
wan,1.6379800289869308
orw,1.6327300071716309
t it,1.6170668732374907
nts,1.6105854189954698
 with,1.6089500188827515
let,1.5927639603614807
ose,1.5761759728193283
 onl,1.555400013923645
 new,1.5360039859078825
to live,1.5350247495807707
 appr,1.5273497928865254
at all,1.5130968131124973
have,1.503900416661054
mont,1.4988517751917243
if y,1.4982433309778571
it would,1.4979975724127144
write,1.494439959526062
omet,1.490103484597057
ich,1.4847300290130079
get paid,1.4634519319515675
 sto,1.4630198071245104
this but,1.4561100006103516
the ,1.4478191738016903
the pizza,1.44523704983294
other,1.4375646174885333
stay,1.4357789615169168
and not,1.4224300384521484
next friday,1.419909164076671
", th",1.4098906740546227
pictures,1.4082750231027603
ng th,1.4013911951333284
i'm,1.399940013885498
want to,1.3994453474879265
d fo,1.3928661020472646
for me,1.3917200565338135
moved,1.3915392346680164
ls ,1.389085164759308
ling,1.3682433827780187
cat,1.367173783481121
e som,1.3656723983585835
have no,1.358746396843344
pizza for,1.3455243473872542
try,1.34483003616333
y d,1.3338079671375453
er. ,1.3206700086593628
us ,1.316528256982565
ida,1.3086139932274818
h a,1.306057298090309
or th,1.2973662815056741
years,1.2785099744796753
some pizza,1.2589200623333454
t be,1.2565399408340454
 a n,1.2528540901839733
of money,1.2518123872578144
sed,1.2491524815559387
ugh ,1.2408729791641235
 when,1.2294299900531769
great,1.2187112104147673
was,1.2133685348089784
i a,1.191263399552554
ob ,1.1873981677927077
ward ,1.1858507147990167
 was,1.1820847019553185
 nigh,1.158229947090149
 it',1.140419949311763
ster,1.1262500658631325
m a ,1.124041753122583
of m,1.1233252733945847
something,1.1113200187683105
r f,1.1066419389098883
like,1.0763802011497319
over,1.0656220191158354
got,1.0650426419451833
 wor,1.0603073476813734
these,1.0558099746704102
hen ,1.0548610091209412
. w,1.0494793697725981
ving ,1.0473390854895115
the c,1.0454668272286654
my bank,1.0418256514240056
of food,1.0350696947425604
fro,1.032378003001213
papa johns,1.0261097643524408
mone,1.0249529853463173
a. ,0.9760589972138405
rst,0.9667531680315733
yth,0.9640696737915277
to ask,0.9637768976390362
leas,0.9579614419490099
cco,0.9541469812393188
appr,0.9491789937019348
a to,0.9481279850006104
with ,0.9446618817746639
down to,0.9409459829330444
d of,0.940280188806355
nothing,0.9282800192013383
goi,0.9162826552055776
a r,0.9039908377453685
to give,0.9000059962272644
ng. ,0.88558679074049
 it's,0.8766641640104353
edi,0.864616284146905
 ever,0.8627302721142769
having to,0.8503936175256968
y it,0.8468409776687622
ons,0.84433165891096
could,0.8442412246949971
tur,0.8419362092390656
gladly,0.8405191018246114
is my,0.8395569920539856
 go ,0.8373264139518142
t u,0.8279509842395782
s of ,0.8238980979658663
i'l,0.8176299929618835
next,0.8169055711477995
. an,0.8099130345508456
ble ,0.8094959021545947
go,0.803396999835968
 hung,0.8007460236549377
how,0.7994250059127808
in exchange,0.7989749908447266
pizza if,0.7870874309446663
anything but,0.782468965742737
anyone can,0.7812569737434387
 tod,0.7761105913668871
months,0.7740529775619507
bout ,0.7618079781532288
and could,0.7564569711685181
p m,0.7561609745025635
 litt,0.7554670013487339
roug,0.7552313455380499
will ,0.7472056047990918
friends,0.7445619702339172
already,0.7309640049934387
s m,0.7263958835974336
i'd ,0.723829984664917
 red,0.7193698957562447
 my s,0.7173092446755618
onl,0.7148640155792236
he b,0.7127940058708191
first time,0.7105950117111206
sho,0.7076396783813834
 fee,0.7066370248794556
plea,0.7037649899721146
asking,0.6961669921875
 now ,0.6941956647206098
e is ,0.6829476105049253
ward,0.6828352510929108
 by,0.679190993309021
ever,0.6780520081520081
tar,0.6734072975814342
reci,0.6731939911842346
to go,0.6677650213241577
nice,0.6479542220477015
e ne,0.6435679418500513
f my ,0.6429071947932243
za.,0.6310455165803432
way,0.6259200125932693
s and,0.6253296895883977
lease,0.6215907130390406
 he ,0.6157184687908739
just,0.6132739782333374
 thro,0.611962491646409
or a,0.6053108484484255
finally,0.6045734994113445
got ,0.6005853237584233
i've,0.5948330163955688
lli,0.5900890231132507
student,0.5688329935073853
city,0.5667617842555046
ed to,0.5603141742758453
ation,0.5491679906845093
paid,0.5410709977149963
the title,0.5347124487161636
ft ,0.5280421935021877
to h,0.5239350199699402
i don,0.520815517520532
got,0.5205168300308287
cheese,0.5192393558099866
raop,0.5141980051994324
 i'd,0.5059395884163678
awesome,0.5041092941537499
bit,0.48308340134099126
nd my,0.47213330306112766
 str,0.4709210880100727
kind,0.45552000403404236
maybe,0.45279398560523987
n't ,0.4452269971370697
avin,0.44463101029396057
hil,0.4440894331783056
yesterday,0.4403029978275299
g. ,0.43231599777936935
for it,0.431746706366539
 off ,0.4294147100299597
s so,0.42714460100978613
 ther,0.42294611036777496
a l,0.42187198996543884
try,0.4204680062830448
 us ,0.41380539536476135
no food,0.41306498646736145
anyon,0.412647008895874
my own,0.41148701310157776
monday,0.4085975978523493
lso,0.4049882097169757
her,0.40350316651165485
still,0.3977681342512369
tim,0.38950709626078606
someone,0.38747189473360777
time,0.3866639882326126
tom,0.38659128709696233
i jus,0.38571101427078247
have nothing,0.3837205914314836
ment,0.383658517152071
living,0.373088002204895
their,0.36681801080703735
food,0.36149701476097107
onigh,0.3601830005645752
 to p,0.35389215452596545
ngr,0.34980029985308647
whatever,0.3497940003871918
first,0.3473902549594641
 ev,0.3452043083962053
can get,0.34511600621044636
't h,0.3440850004553795
extremely,0.33945579873397946
it f,0.33918245416134596
whi,0.33149799704551697
rat,0.319976594299078
eca,0.31536000967025757
f m,0.3117330074310303
bee,0.31114790588617325
from ,0.2947010099887848
had,0.2915524044074118
t so,0.29067846201360226
est ,0.29039805894717574
hav,0.28845952032133937
her ,0.28734299540519714
happy,0.28667300939559937
 i'l,0.2846813816577196
ank y,0.2801479995250702
 acc,0.27790676476433873
rst ,0.2744919955730438
 time,0.27408749610185623
want ,0.27402300015091896
he s,0.2701737005263567
ore ,0.2700897939503193
 she,0.26856300234794617
 it w,0.2685253103263676
rwa,0.26385319977998734
 i'm ,0.2614558935165405
that,0.25840969663113356
eed ,0.2577288066968322
'll,0.2526734936982393
 in t,0.2510249433107674
cook,0.2466610074043274
account,0.24658534629270434
 she ,0.2403112668544054
anyo,0.2352437973022461
e my ,0.2298681028187275
 bee,0.2296759933233261
 i am,0.2292267084121704
the m,0.22801099717617035
while,0.22490589693188667
oney ,0.22396700084209442
pictures of,0.2217160016298294
e we,0.21934265503659844
edd,0.21583343064412475
 toda,0.21331070456653833
know,0.21081499755382538
righ,0.20524899661540985
los,0.20150453271344304
friday and,0.19935530424118042
 muc,0.1990816369652748
ple ,0.19187479838728905
 brok,0.19159976416267455
figured,0.1885170042514801
school,0.1851779967546463
uld,0.18437522742897272
wn ,0.18203600123524666
been,0.17972800135612488
from,0.17956300266087055
soon,0.1795320063829422
into,0.17797469347715378
i l,0.173600597307086
ough,0.17045900225639343
 of m,0.16599300503730774
eek ,0.16483399271965027
tonight,0.16326099634170532
f you,0.15733399987220764
the end,0.15394599735736847
daughter,0.1525219138711691
avi,0.149766409303993
le to,0.14584100246429443
 gre,0.1436299979686737
g w,0.14191232016310096
bac,0.14080999791622162
that is,0.13593360036611557
nd th,0.1333649605512619
 cl,0.1331556378863752
o pa,0.13259807880967855
ome p,0.127377221127972
pizza and,0.12549349665641785
end,0.1248923831153661
this is,0.12353659328073263
bless,0.12260899692773819
was ,0.12220100313425064
own,0.1207683002576232
me up,0.11829599738121033
have the,0.11531800031661987
hoping,0.11529320199042559
with some,0.11479800194501877
 kin,0.11347481049597263
dinner,0.11147980019450188
full,0.10961399972438812
soon as,0.10852770134806633
 fin,0.10833940748125315
sel,0.10815130174160004
the l,0.10596899688243866
t pai,0.10556003940291703
ng to,0.10364812193438411
meo,0.10219440050423145
roo,0.10064683109521866
eaten,0.10061290021985769
 year,0.09996379911899567
pay it,0.09728830121457577
reading,0.09658022061921656
my s,0.09617649763822556
redditors,0.09579829685389996
probably,0.09455896308645606
e do,0.09221015637740493
only,0.08979679644107819
cal,0.08561632875353098
n r,0.08298429846763611
at this,0.08256649971008301
decided to,0.0818793997168541
get some,0.0807638019323349
hung,0.07969483826309443
kids,0.079157629981637
everything,0.07708909921348095
ran out,0.07605990022420883
ance,0.07574599981307983
irs,0.07473839819431305
t and,0.07426120340824127
ever ,0.07317295158281922
dent,0.07264529913663864
my first,0.07227429747581482
would,0.07014712039381266
r. ,0.06749057024717331
paid ,0.06638443050906062
papa,0.0661778012290597
of t,0.06611450016498566
day.,0.06398945860564709
ding,0.062267991714179516
don't,0.05998840183019638
could really,0.05979999899864197
out there,0.05897479970008135
much ,0.05611089989542961
more ,0.055973198264837265
e u,0.05481079965829849
ease,0.051536399871110916
 paid,0.05083709955215454
post,0.05065450072288513
off,0.050330858677625656
with pizza,0.0499184001237154
to ge,0.04983325069770217
for food,0.049065001308918
day. ,0.048715738113969564
pay i,0.04747990146279335
it's,0.04700370132923126
eed,0.0457494892179966
ff ,0.04514100030064583
out o,0.04505304992198944
the house,0.044297900050878525
 ve,0.044060301035642624
r r,0.043550420086830854
would appreciate,0.04307229816913605
is w,0.042870490811765194
 goi,0.042093999683856964
come,0.0417151004076004
me out,0.04164950177073479
wife and,0.04132169857621193
time and,0.040377700701355934
at a,0.040278300642967224
frie,0.03947609988972545
to th,0.03935249987989664
lt,0.038982901722192764
and get,0.03849390149116516
 ov,0.03808153094723821
d for,0.037926300428807735
 hom,0.037522900849580765
leave,0.03733979910612106
appre,0.037213198840618134
my account,0.03643060103058815
eck,0.03546909987926483
several,0.03421119973063469
able ,0.03403099998831749
know,0.03344039898365736
goo,0.0320901982486248
n p,0.03144399914890528
ng s,0.031213959213346243
 to e,0.031085999682545662
to surprise,0.03091410920023918
 just,0.030420299619436264
check,0.03007650002837181
should,0.029804900288581848
 two,0.029606100171804428
ase ,0.029129499569535255
trying,0.028588700108230114
ethi,0.028491299599409103
tely ,0.02653937926515937
being,0.026177330408245325
eddi,0.025349199771881104
month,0.024163570255041122
to be,0.0239058006554842
thing,0.023290200158953667
last of,0.023227600380778313
took,0.022683000192046165
 pre,0.02247150056064129
to pay,0.02176089957356453
though,0.021714700385928154
every,0.02169157937169075
tting,0.021308300085365772
haven,0.021231839433312416
ut th,0.020860380493104458
ed.,0.020277999341487885
 las,0.019320979714393616
only,0.018842000514268875
preci,0.01872269995510578
zza w,0.018480199854820967
don have,0.0183802992105484
wouldn,0.018144400790333748
 only,0.018073899671435356
mind,0.0179555993527174
pizza hut,0.017713899724185467
t me,0.017670100554823875
like to,0.01706700026988983
help me,0.016846999526023865
my kids,0.016641700640320778
like,0.01663981005549431
im ,0.01643110066652298
 i do,0.01581418002024293
gry,0.014944200403988361
ho ,0.014358299784362316
tuesday,0.014071499928832054
 food,0.0139141995459795
l. ,0.013737600296735764
job ,0.01294969953596592
i ju,0.01282539963722229
spend,0.012793700210750103
but the,0.012647399678826332
my rent,0.012338640168309212
subreddit,0.012275099754333496
brother,0.012244599871337414
 give,0.011992200277745724
coul,0.011952199973165989
t's ,0.011746699921786785
re t,0.01113427011296153
better,0.009760670363903046
 want,0.009358909912407398
university,0.009228469803929329
ntil ,0.00901270005851984
 few ,0.00894435029476881
it fo,0.008713900111615658
o e,0.008582309819757938
at the,0.00799798034131527
 even,0.00796458963304758
working,0.007664869772270322
doing,0.00759432977065444
elp,0.007537260185927153
stud,0.007454589940607548
pizza in,0.0073074898682534695
r d,0.007275340147316456
generous,0.006933129858225584
most,0.006748340092599392
 it f,0.006698070093989372
let,0.006621799897402525
friend,0.006618469953536987
roommate,0.006304239854216576
onig,0.005683530122041702
piz,0.005600180011242628
bec,0.0055612497963011265
ythin,0.005559899844229221
parents,0.005398849956691265
celebrate,0.005263790022581816
out and,0.004994040122255683
with the,0.004791770130395889
 to m,0.004740090109407902
forw,0.004600409884005785
able to,0.004445480182766914
flat,0.0044112601317465305
right,0.004272010177373886
broke down,0.004268160089850426
abo,0.003643349977210164
to g,0.003252130001783371
lunch,0.0032163599971681833
food in,0.0031156300101429224
has_imgur,0.003102530026808381
boyfriend,0.0029635699465870857
love to,0.002839169930666685
"ay, ",0.0028354499954730272
more,0.0028232699260115623
the first,0.0025519400369375944
grocery,0.0
acco,0.0
ek ,0.0
group,0.0
gt,0.0
. if ,0.0
goes,0.0
also,0.0
go back,0.0
every,0.0
go for,0.0
go long,0.0
about,0.0
energy,0.0
good pizza,0.0
good to,0.0
ends,0.0
ended up,0.0
ended,0.0
goodness,0.0
got back,0.0
. h,0.0
after,0.0
afte,0.0
embarrassed,0.0
eternally,0.0
etc,0.0
go out,0.0
gf,0.0
gf and,0.0
gift,0.0
gift card,0.0
end of,0.0
girls,0.0
give it,0.0
give me,0.0
give this,0.0
give us,0.0
give you,0.0
get her,0.0
get it,0.0
get job,0.0
exchange for,0.0
get my,0.0
get out,0.0
get pizza,0.0
fact that,0.0
fact,0.0
gave,0.0
gave me,0.0
facebook,0.0
face,0.0
get me,0.0
evening,0.0
even though,0.0
even if,0.0
go through,0.0
expenses,0.0
exhausted,0.0
given,0.0
enjoy,0.0
gives,0.0
girlfriend and,0.0
except,0.0
exams,0.0
giving,0.0
glad,0.0
glad to,0.0
gladly pay,0.0
gluten,0.0
girl,0.0
exactly,0.0
ex,0.0
exchange,0.0
have to,0.0
have verification,0.0
have very,0.0
haven been,0.0
hasn,0.0
ents,0.0
hasn been,0.0
hate,0.0
'll ,0.0
edit forgot,0.0
family is,0.0
family and,0.0
fall,0.0
've ,0.0
eat today,0.0
happy to,0.0
hard to,0.0
has gone,0.0
has no,0.0
eat something,0.0
family of,0.0
have just,0.0
have little,0.0
have money,0.0
have much,0.0
first,0.0
have about,0.0
have an,0.0
have anything,0.0
have enough,0.0
few ,0.0
forwa,0.0
have few,0.0
have food,0.0
have good,0.0
 they,0.0
 who ,0.0
 unti,0.0
 we',0.0
 two ,0.0
 unt,0.0
frid,0.0
few,0.0
greatly appreciated,0.0
email,0.0
groceries,0.0
got home,0.0
got job,0.0
else to,0.0
got laid,0.0
got new,0.0
gotten,0.0
grad,0.0
has to,0.0
graphic,0.0
else in,0.0
either way,0.0
either,0.0
eggs,0.0
general,0.0
going through,0.0
going to,0.0
eating ramen,0.0
gone,0.0
graduated,0.0
haha,0.0
half of,0.0
hand,0.0
eat and,0.0
hanging,0.0
happen,0.0
happened,0.0
happens,0.0
happily,0.0
guess,0.0
greatly appreciate,0.0
had an,0.0
had been,0.0
had pizza,0.0
had some,0.0
had the,0.0
grateful for,0.0
grateful to,0.0
gratitude,0.0
greasy,0.0
eone,0.0
guy,0.0
feel free,0.0
for one,0.0
for our,0.0
broke,0.0
d of ,0.0
d ha,0.0
forward in,0.0
forward on,0.0
forward once,0.0
future,0.0
could,0.0
for work,0.0
for you,0.0
for your,0.0
financially,0.0
financial aid,0.0
financial,0.0
finals,0.0
forever,0.0
final,0.0
forward to,0.0
feed me,0.0
feed,0.0
for rent,0.0
favour,0.0
for some,0.0
for someone,0.0
for something,0.0
for taking,0.0
for that,0.0
favorite,0.0
feel like,0.0
favor to,0.0
caus,0.0
fault,0.0
feet,0.0
fees,0.0
feels like,0.0
cause,0.0
feels,0.0
feeling generous,0.0
feeling,0.0
favor when,0.0
first paycheck,0.0
for everything,0.0
for free,0.0
for gas,0.0
for her,0.0
for him,0.0
for all,0.0
for another,0.0
for any,0.0
forgot,0.0
for anything,0.0
for at,0.0
for being,0.0
for couple,0.0
for days,0.0
ddit,0.0
food to,0.0
food we,0.0
foot,0.0
for about,0.0
first check,0.0
fill,0.0
forgot to,0.0
form,0.0
forward as,0.0
for job,0.0
fired,0.0
for little,0.0
for lunch,0.0
for months,0.0
for myself,0.0
for dinner,0.0
finish,0.0
fine,0.0
finding,0.0
find job,0.0
for new,0.0
for now,0.0
florida,0.0
fixed,0.0
fix,0.0
five,0.0
finished,0.0
back,0.0
beca,0.0
becau,0.0
ause,0.0
aving,0.0
figure out,0.0
figure,0.0
ay it,0.0
get the,0.0
for reading,0.0
eciat,0.0
ecaus,0.0
ecau,0.0
get to,0.0
get us,0.0
gets,0.0
eally,0.0
anyth,0.0
from work,0.0
front,0.0
get through,0.0
generosity,0.0
get any,0.0
get back,0.0
get by,0.0
fun,0.0
funds,0.0
game,0.0
games,0.0
extra,0.0
experience,0.0
e's ,0.0
gas,0.0
fiance,0.0
few weeks,0.0
few months,0.0
gas and,0.0
gas to,0.0
anyt,0.0
felt,0.0
fellow,0.0
fell,0.0
expensive,0.0
friday when,0.0
fridge,0.0
fantastic,0.0
e pa,0.0
fridge and,0.0
fridge is,0.0
been ,0.0
found,0.0
found out,0.0
found this,0.0
frozen,0.0
free pizza,0.0
freezer,0.0
for them,0.0
for this,0.0
for tonight,0.0
for two,0.0
for us,0.0
for week,0.0
for while,0.0
for pizza,0.0
four,0.0
eddit,0.0
fuck,0.0
fucking,0.0
full time,0.0
bout,0.0
friend and,0.0
friend of,0.0
food stamps,0.0
food is,0.0
food for,0.0
fast,0.0
food at,0.0
food and,0.0
friend who,0.0
friends and,0.0
friends are,0.0
folks,0.0
from my,0.0
from pizza,0.0
friday,0.0
friday but,0.0
food but,0.0
s be,0.0
rough,0.0
rwar,0.0
rward,0.0
awhile,0.0
baby,0.0
back and,0.0
back from,0.0
back home,0.0
have left,0.0
back on,0.0
as possible,0.0
as soon,0.0
as the,0.0
as to,0.0
as we,0.0
someo,0.0
as am,0.0
as can,0.0
as get,0.0
back in,0.0
basically,0.0
ate,0.0
august,0.0
available,0.0
away from,0.0
awesome if,0.0
ass,0.0
assistance,0.0
at home,0.0
at least,0.0
since,0.0
rom ,0.0
asap,0.0
asked,0.0
asking for,0.0
reddi,0.0
riend,0.0
rig,0.0
right,0.0
rok,0.0
sinc,0.0
at my,0.0
apparently,0.0
applied,0.0
applying,0.0
appreciate it,0.0
anyone who,0.0
anyone willing,0.0
anyone would,0.0
anything for,0.0
anything to,0.0
as have,0.0
anything you,0.0
anymore,0.0
anyone help,0.0
anyone is,0.0
anyone out,0.0
anyone that,0.0
any other,0.0
any pizza,0.0
anybody,0.0
and was,0.0
anything would,0.0
as it,0.0
as much,0.0
as my,0.0
as of,0.0
are not,0.0
are out,0.0
are very,0.0
aren,0.0
around the,0.0
art,0.0
apartment and,0.0
appreciate the,0.0
appreciated and,0.0
are all,0.0
are both,0.0
are getting,0.0
are going,0.0
are in,0.0
anyway,0.0
anyways,0.0
anywhere,0.0
artist,0.0
beginning,0.0
behind,0.0
been going,0.0
been in,0.0
been living,0.0
been looking,0.0
been on,0.0
been out,0.0
been pretty,0.0
barely,0.0
because it,0.0
because my,0.0
because of,0.0
because the,0.0
because we,0.0
become,0.0
bed,0.0
been eating,0.0
be sure,0.0
be the,0.0
been really,0.0
blue,0.0
books,0.0
boss,0.0
both,0.0
both of,0.0
bought,0.0
box,0.0
boy,0.0
bill,0.0
bills,0.0
before my,0.0
bit of,0.0
black,0.0
being able,0.0
believe,0.0
benefits,0.0
besides,0.0
best friend,0.0
between,0.0
before and,0.0
before but,0.0
bills are,0.0
be greatly,0.0
be happy,0.0
be here,0.0
be honest,0.0
be in,0.0
be kind,0.0
be more,0.0
be much,0.0
be amazing,0.0
be appreciated,0.0
be very,0.0
be forever,0.0
be getting,0.0
be grateful,0.0
be great,0.0
bacon,0.0
bag,0.0
bag of,0.0
balance,0.0
bank account,0.0
bar,0.0
be back,0.0
be willing,0.0
beans,0.0
beautiful,0.0
because have,0.0
because he,0.0
orwa,0.0
orwar,0.0
be so,0.0
back to,0.0
ppr,0.0
redd,0.0
pprec,0.0
prec,0.0
pizz,0.0
pizza,0.0
been unemployed,0.0
been working,0.0
be paid,0.0
be really,0.0
reall,0.0
recia,0.0
ppre,0.0
amount,0.0
amount of,0.0
amp,0.0
an awesome,0.0
also have,0.0
although,0.0
am broke,0.0
am currently,0.0
am going,0.0
and we,0.0
am just,0.0
am not,0.0
almost,0.0
alone,0.0
along,0.0
along with,0.0
alot,0.0
you ,0.0
lovely,0.0
loves,0.0
am in,0.0
and finally,0.0
and food,0.0
and from,0.0
and getting,0.0
and god,0.0
and going,0.0
and got,0.0
and can,0.0
and cheese,0.0
and didn,0.0
amazing,0.0
and even,0.0
and everything,0.0
and feel,0.0
an empty,0.0
an hour,0.0
and after,0.0
and also,0.0
am really,0.0
am trying,0.0
am very,0.0
and don,0.0
actually,0.0
add,0.0
address,0.0
advance,0.0
afford,0.0
15th,0.0
accident,0.0
account and,0.0
account is,0.0
low,0.0
across,0.0
act,0.0
act of,0.0
week ,0.0
wha,0.0
what,0.0
what ,0.0
who ,0.0
want,0.0
we h,0.0
accounts,0.0
12,0.0
about the,0.0
about this,0.0
about to,0.0
about week,0.0
absolutely,0.0
access,0.0
99,0.0
about it,0.0
about months,0.0
acts of,0.0
about now,0.0
200,0.0
22,0.0
23,0.0
24,0.0
25,0.0
30,0.0
40,0.0
18,0.0
acts,0.0
about my,0.0
and im,0.0
and in,0.0
and it,0.0
the p,0.0
til ,0.0
t wa,0.0
thank,0.0
any food,0.0
any help,0.0
and hope,0.0
any money,0.0
any more,0.0
any of,0.0
and since,0.0
and so,0.0
tly ,0.0
to be,0.0
to e,0.0
and our,0.0
and out,0.0
any kind,0.0
and when,0.0
and while,0.0
and with,0.0
and won,0.0
and you,0.0
and there,0.0
and think,0.0
and this,0.0
and thought,0.0
and to,0.0
and if,0.0
and want,0.0
and still,0.0
and such,0.0
and thank,0.0
and that,0.0
and then,0.0
appreciate pizza,0.0
appreciate some,0.0
time ,0.0
and hungry,0.0
and ve,0.0
and as,0.0
and broke,0.0
tty ,0.0
two ,0.0
toni,0.0
tonig,0.0
ttle,0.0
tty,0.0
toda,0.0
today,0.0
and pay,0.0
and hoping,0.0
until,0.0
ur ,0.0
and had,0.0
and half,0.0
and has,0.0
and haven,0.0
and he,0.0
and her,0.0
and his,0.0
and hopefully,0.0
and ramen,0.0
and really,0.0
and see,0.0
and she,0.0
and need,0.0
and no,0.0
and now,0.0
and one,0.0
and only,0.0
and other,0.0
and an,0.0
and know,0.0
and live,0.0
and ll,0.0
and love,0.0
and make,0.0
and me,0.0
uld ,0.0
uld l,0.0
ungr,0.0
ungry,0.0
and its,0.0
day of,0.0
day to,0.0
days ago,0.0
days and,0.0
deal,0.0
debit,0.0
debit card,0.0
cut,0.0
cute,0.0
oda,0.0
dad,0.0
damn,0.0
date,0.0
day and,0.0
craving,0.0
craving pizza,0.0
crazy,0.0
credit,0.0
credit card,0.0
crust,0.0
cutting,0.0
different,0.0
difficult,0.0
dinner and,0.0
dire,0.0
direct,0.0
disability,0.0
design,0.0
desperate,0.0
details,0.0
did,0.0
deserve,0.0
didn get,0.0
didn have,0.0
died,0.0
delicious,0.0
delicious pizza,0.0
deliver,0.0
delivery,0.0
deposit,0.0
depressed,0.0
depression,0.0
did not,0.0
k you,0.0
kind,0.0
could be,0.0
could get,0.0
could help,0.0
could make,0.0
could send,0.0
could use,0.0
couldn,0.0
crying,0.0
cooking,0.0
cost,0.0
costs,0.0
couch,0.0
comments,0.0
community,0.0
company,0.0
completely,0.0
completely broke,0.0
computer,0.0
contract,0.0
current,0.0
iend,0.0
if yo,0.0
crappy,0.0
just ,0.0
k i,0.0
k y,0.0
k yo,0.0
coming up,0.0
it w,0.0
course,0.0
ittle,0.0
irst,0.0
debt,0.0
decided,0.0
definitely,0.0
ince,0.0
country,0.0
couple,0.0
couple of,0.0
couple weeks,0.0
it's ,0.0
draw you,0.0
drawing,0.0
done this,0.0
dont,0.0
dont get,0.0
dont have,0.0
door,0.0
dorm,0.0
double,0.0
diet,0.0
g fo,0.0
g for,0.0
donate,0.0
hec,0.0
heck,0.0
h i,0.0
hank ,0.0
has ,0.0
goin,0.0
each,0.0
fter,0.0
ethin,0.0
even ,0.0
f my,0.0
enjoying,0.0
enough for,0.0
enough money,0.0
enough to,0.0
entire,0.0
er,0.0
dream,0.0
draw,0.0
driver,0.0
driving,0.0
drunk,0.0
dry,0.0
due,0.0
due to,0.0
down and,0.0
down on,0.0
dr,0.0
drained,0.0
drive,0.0
dogs,0.0
do have,0.0
do it,0.0
do not,0.0
do so,0.0
do something,0.0
do that,0.0
do the,0.0
i'll,0.0
i'll ,0.0
earlier,0.0
i've ,0.0
definitely pay,0.0
degree,0.0
i was,0.0
i wil,0.0
hom,0.0
home,0.0
disabled,0.0
distance,0.0
do anything,0.0
i'm ,0.0
early,0.0
easier,0.0
easy,0.0
don get,0.0
don know,0.0
don need,0.0
don really,0.0
don think,0.0
don want,0.0
doing this,0.0
dog,0.0
dollars,0.0
domino,0.0
dominoes,0.0
don even,0.0
don feel,0.0
do this,0.0
do with,0.0
doctor,0.0
does,0.0
doesn have,0.0
dollar,0.0
but not,0.0
but now,0.0
but pizza,0.0
but really,0.0
but still,0.0
but if,0.0
but im,0.0
new ,0.0
next,0.0
consideration,0.0
nyon,0.0
nyone,0.0
nyt,0.0
nyth,0.0
nythi,0.0
nth,0.0
nyo,0.0
by the,0.0
ca,0.0
california,0.0
next ,0.0
can go,0.0
can have,0.0
can make,0.0
can offer,0.0
called,0.0
calling,0.0
campus,0.0
can afford,0.0
can anyone,0.0
can be,0.0
but no,0.0
can do,0.0
but that,0.0
but there,0.0
but they,0.0
but this,0.0
but until,0.0
but ve,0.0
but we,0.0
but just,0.0
but my,0.0
can buy,0.0
bread,0.0
bread and,0.0
break,0.0
breakfast,0.0
brighten,0.0
bring,0.0
o ge,0.0
o get,0.0
boyfriend and,0.0
boys,0.0
ngry,0.0
onth,0.0
omeon,0.0
ometh,0.0
oney,0.0
of my,0.0
omeo,0.0
but can,0.0
but do,0.0
but don,0.0
but he,0.0
only ,0.0
night,0.0
nk y,0.0
nk yo,0.0
but will,0.0
butter,0.0
buy food,0.0
buy me,0.0
buy pizza,0.0
buying,0.0
by my,0.0
btw,0.0
bunch,0.0
bunch of,0.0
bus,0.0
business,0.0
busy,0.0
but am,0.0
broke college,0.0
broke until,0.0
broken,0.0
brought,0.0
budget,0.0
littl,0.0
llin,0.0
lling,0.0
lit,0.0
come in,0.0
come to,0.0
comes,0.0
comes in,0.0
comfort,0.0
can give,0.0
coming in,0.0
coming to,0.0
cereal,0.0
certainly,0.0
chance,0.0
change,0.0
charity,0.0
cheap,0.0
check,0.0
checking,0.0
comfort food,0.0
considering,0.0
code,0.0
cold,0.0
college,0.0
college and,0.0
college students,0.0
class,0.0
classes,0.0
cleaning,0.0
close,0.0
lp ,0.0
closed,0.0
co,0.0
cheesy,0.0
chicken,0.0
child,0.0
children,0.0
choice,0.0
christmas,0.0
circumstances,0.0
know ,0.0
close to,0.0
much,0.0
checks,0.0
cheer,0.0
cheer me,0.0
cheers,0.0
cheese and,0.0
cheese pizza,0.0
cannot,0.0
cant,0.0
car,0.0
cat,0.0
can only,0.0
can pay,0.0
can provide,0.0
can really,0.0
can take,0.0
canada,0.0
cancer,0.0
canned,0.0
can eat,0.0
can even,0.0
car and,0.0
cats,0.0
cause,0.0
celebrate with,0.0
central,0.0
cents,0.0
cents in,0.0
methi,0.0
car broke,0.0
card,0.0
card and,0.0
muc,0.0
care of,0.0
case,0.0
cash and,0.0
meon,0.0
meone,0.0
meth,0.0
n't h,0.0
nd i',0.0
call,0.0
money,0.0
cards,0.0
problems,0.0
process,0.0
project,0.0
promise,0.0
promise to,0.0
proof,0.0
reason,0.0
reasons,0.0
receive,0.0
received,0.0
receiving,0.0
 in m,0.0
recently and,0.0
recently moved,0.0
really know,0.0
really like,0.0
really love,0.0
really make,0.0
really need,0.0
really really,0.0
really use,0.0
really want,0.0
realized,0.0
really bad,0.0
recent,0.0
planning,0.0
play,0.0
random,0.0
random act,0.0
random acts,0.0
random_acts_of_pizza,0.0
re both,0.0
re in,0.0
quickly,0.0
quit,0.0
quite,0.0
problem is,0.0
ramen for,0.0
ramen noodles,0.0
ran,0.0
proof of,0.0
prove,0.0
provide,0.0
provide proof,0.0
purchase,0.0
put,0.0
putting,0.0
questions,0.0
problem,0.0
ramen and,0.0
requested,0.0
requesting,0.0
requests,0.0
rest of,0.0
restaurant,0.0
reddit and,0.0
reddit com,0.0
redditor,0.0
regular,0.0
relationship,0.0
remember,0.0
really don,0.0
self,0.0
sell,0.0
send me,0.0
send pizza,0.0
send you,0.0
sending,0.0
sent,0.0
school and,0.0
second,0.0
see if,0.0
seeing,0.0
seem,0.0
rent and,0.0
really hard,0.0
really have,0.0
really help,0.0
really hungry,0.0
really just,0.0
re not,0.0
read,0.0
read this,0.0
reading this,0.0
ready,0.0
real,0.0
realize,0.0
repay the,0.0
roommates,0.0
rough,0.0
run,0.0
run out,0.0
running,0.0
running out,0.0
sad,0.0
reward,0.0
ride,0.0
roof,0.0
rent is,0.0
repay,0.0
roommate and,0.0
pics,0.0
picture,0.0
picture of,0.0
people who,0.0
pepperoni,0.0
pepperoni pizza,0.0
personal,0.0
phone,0.0
photo,0.0
pic,0.0
paying it,0.0
plan on,0.0
payments,0.0
paypal,0.0
peanut,0.0
peanut butter,0.0
people in,0.0
pay you,0.0
paycheck,0.0
paycheck to,0.0
paychecks,0.0
payday,0.0
payed,0.0
paying,0.0
payment,0.0
lost my,0.0
lots,0.0
lots of,0.0
love pizza,0.0
love some,0.0
love the,0.0
long way,0.0
longer,0.0
look,0.0
looking,0.0
looking to,0.0
picky,0.0
lose,0.0
local,0.0
located,0.0
located in,0.0
location,0.0
lol,0.0
long,0.0
long story,0.0
long time,0.0
pick,0.0
pick me,0.0
pick up,0.0
looks,0.0
prefer,0.0
pregnant,0.0
pregnant and,0.0
pretty hungry,0.0
pretty much,0.0
position,0.0
possible,0.0
possibly,0.0
posting,0.0
posting here,0.0
posts,0.0
paying for,0.0
please and,0.0
please help,0.0
plenty,0.0
plus,0.0
pm me,0.0
poor,0.0
poor college,0.0
pizza with,0.0
pizzas,0.0
place to,0.0
places,0.0
plan,0.0
playing,0.0
pizza this,0.0
pizza today,0.0
pizza tonight,0.0
pizza we,0.0
pizza when,0.0
pizza will,0.0
pizza or,0.0
pizza pie,0.0
pizza place,0.0
pizza please,0.0
pizza right,0.0
pizza so,0.0
power,0.0
pizza thanks,0.0
pizza is,0.0
pizza it,0.0
pizza just,0.0
pizza my,0.0
pizza on,0.0
pie,0.0
pizza because,0.0
pizza but,0.0
pizza can,0.0
pizza from,0.0
potatoes,0.0
pizza sounds,0.0
so ve,0.0
so was,0.0
so yeah,0.0
sob,0.0
sob story,0.0
some food,0.0
some good,0.0
some help,0.0
starting to,0.0
starts,0.0
starve,0.0
seems,0.0
starving and,0.0
staying,0.0
spirits,0.0
spot,0.0
spring,0.0
st,0.0
stamps,0.0
start,0.0
started new,0.0
starting,0.0
south,0.0
spare,0.0
starving,0.0
light,0.0
like pizza,0.0
like that,0.0
like the,0.0
like this,0.0
something like,0.0
something to,0.0
sometime,0.0
sometimes,0.0
son,0.0
son and,0.0
somehow,0.0
someone can,0.0
someone could,0.0
someone else,0.0
someone out,0.0
someone to,0.0
someone who,0.0
someone would,0.0
some kind,0.0
some money,0.0
some of,0.0
some time,0.0
somebody,0.0
song,0.0
store,0.0
stories,0.0
story here,0.0
story just,0.0
story short,0.0
straight,0.0
stranger,0.0
strangers,0.0
steam,0.0
still have,0.0
stolen,0.0
special,0.0
stomach is,0.0
stop,0.0
stopped,0.0
system,0.0
take care,0.0
taken,0.0
takes,0.0
taking,0.0
taking the,0.0
talk,0.0
talking,0.0
sure how,0.0
stomach,0.0
spending,0.0
spent,0.0
spent all,0.0
spent the,0.0
sorry,0.0
sorry for,0.0
sort,0.0
sort of,0.0
soul,0.0
sounds,0.0
soup,0.0
stuck at,0.0
stuck,0.0
student and,0.0
student loans,0.0
student who,0.0
student with,0.0
students,0.0
street,0.0
stress,0.0
stressed,0.0
stressful,0.0
stretch,0.0
struggling,0.0
struggling to,0.0
stuck in,0.0
short,0.0
short on,0.0
shot,0.0
should be,0.0
should have,0.0
show,0.0
she has,0.0
she is,0.0
she was,0.0
shelter,0.0
shift,0.0
lift,0.0
shitty,0.0
shop,0.0
serious,0.0
seriously,0.0
service,0.0
set,0.0
share,0.0
she,0.0
she had,0.0
so it,0.0
so just,0.0
so kind,0.0
shit,0.0
seen,0.0
saved,0.0
saving,0.0
savings,0.0
saw,0.0
say that,0.0
saying,0.0
says,0.0
says it,0.0
sadly,0.0
said,0.0
same,0.0
shopping,0.0
sandwiches,0.0
saturday,0.0
sauce,0.0
save,0.0
shut,0.0
sick of,0.0
side,0.0
simple,0.0
simply,0.0
since the,0.0
since ve,0.0
since we,0.0
sandwich,0.0
situation,0.0
ll get,0.0
ll have,0.0
ll pay,0.0
so now,0.0
so pizza,0.0
so that,0.0
so the,0.0
so this,0.0
live in,0.0
live with,0.0
so my,0.0
living in,0.0
living off,0.0
living on,0.0
living with,0.0
link,0.0
listening,0.0
literally,0.0
little bit,0.0
little help,0.0
little money,0.0
live,0.0
life and,0.0
lives,0.0
so no,0.0
so not,0.0
lie,0.0
so don,0.0
so far,0.0
so grateful,0.0
so have,0.0
so he,0.0
so here,0.0
so hungry,0.0
so if,0.0
six,0.0
sitting,0.0
sleeping,0.0
slice,0.0
small,0.0
smile,0.0
so am,0.0
so could,0.0
single,0.0
single mom,0.0
sister,0.0
sister and,0.0
sit,0.0
site,0.0
sleep,0.0
my birthday,0.0
moving,0.0
much and,0.0
much appreciated,0.0
much as,0.0
much for,0.0
much in,0.0
much money,0.0
much to,0.0
most of,0.0
mostly,0.0
lost,0.0
move,0.0
moved into,0.0
moved out,0.0
movie,0.0
my name,0.0
my new,0.0
my next,0.0
my only,0.0
my parents,0.0
my paycheck,0.0
my phone,0.0
my last,0.0
mother,0.0
moment,0.0
monday and,0.0
money and,0.0
money at,0.0
money for,0.0
milk,0.0
mine,0.0
minimum,0.0
minimum wage,0.0
minutes,0.0
miss,0.0
my bills,0.0
my boss,0.0
my boyfriend,0.0
my brother,0.0
my car,0.0
my check,0.0
my children,0.0
my dad,0.0
my daughter,0.0
music,0.0
must,0.0
my apartment,0.0
my best,0.0
missed,0.0
myself and,0.0
name,0.0
name and,0.0
name is,0.0
near,0.0
nearby,0.0
nearly,0.0
my stomach,0.0
my story,0.0
my two,0.0
my wallet,0.0
my life,0.0
my work,0.0
my year,0.0
my pizza,0.0
my request,0.0
my roommate,0.0
my roommates,0.0
my sister,0.0
my situation,0.0
my spirits,0.0
nights,0.0
no idea,0.0
no longer,0.0
my way,0.0
my little,0.0
my mind,0.0
my money,0.0
my mother,0.0
my friend,0.0
my friends,0.0
my gf,0.0
my head,0.0
my house,0.0
my husband,0.0
my job,0.0
my day,0.0
myself,0.0
my feet,0.0
my fiance,0.0
my financial,0.0
my food,0.0
my fridge,0.0
necessary,0.0
need it,0.0
need of,0.0
need pizza,0.0
need some,0.0
need to,0.0
needed,0.0
my debit,0.0
aid,0.0
15,0.0
may be,0.0
me about,0.0
me but,0.0
me feel,0.0
me for,0.0
me get,0.0
me have,0.0
makes,0.0
makes me,0.0
mom is,0.0
man,0.0
managed,0.0
managed to,0.0
many,0.0
matter,0.0
mail,0.0
main,0.0
major,0.0
make it,0.0
make me,0.0
make my,0.0
make sure,0.0
making,0.0
20,0.0
week,0.0
low on,0.0
all day,0.0
afford to,0.0
50,0.0
10,0.0
100,0.0
11,0.0
y it ,0.0
00,0.0
ago and,0.0
19,0.0
wo ,0.0
xt ,0.0
all have,0.0
all my,0.0
all that,0.0
all the,0.0
all we,0.0
after,0.0
after my,0.0
after the,0.0
afternoon,0.0
zza.,0.0
me to,0.0
me with,0.0
meal,0.0
me if,0.0
me in,0.0
me know,0.0
me my,0.0
me or,0.0
me over,0.0
me pizza,0.0
months ago,0.0
make this,0.0
mood,0.0
more,0.0
more than,0.0
morning and,0.0
money is,0.0
money on,0.0
money or,0.0
money so,0.0
money to,0.0
money until,0.0
month and,0.0
mom and,0.0
months and,0.0
luck,0.0
luckily,0.0
lucky,0.0
lurker,0.0
mac,0.0
made,0.0
message,0.0
message me,0.0
met,0.0
michigan,0.0
middle,0.0
might,0.0
me through,0.0
miles,0.0
meals,0.0
mean,0.0
meaning,0.0
means,0.0
meat,0.0
medical,0.0
meet,0.0
mention,0.0
me some,0.0
me that,0.0
me the,0.0
might be,0.0
once,0.0
once get,0.0
one and,0.0
one of,0.0
ones,0.0
on it,0.0
on me,0.0
on monday,0.0
on reddit,0.0
on some,0.0
on this,0.0
no one,0.0
out today,0.0
out tonight,0.0
out would,0.0
outside,0.0
over the,0.0
overdraft,0.0
owe,0.0
out it,0.0
out my,0.0
out on,0.0
out thanks,0.0
out that,0.0
on thursday,0.0
offer,0.0
of time,0.0
of town,0.0
of us,0.0
of weeks,0.0
of what,0.0
of work,0.0
of you,0.0
of your,0.0
or any,0.0
or anything,0.0
on tuesday,0.0
or so,0.0
or something,0.0
or two,0.0
order,0.0
order pizza,0.0
online,0.0
only thing,0.0
ontario,0.0
open,0.0
option,0.0
options,0.0
on top,0.0
or not,0.0
pass,0.0
pass it,0.0
passed,0.0
past,0.0
past couple,0.0
pantry,0.0
papa john,0.0
paper,0.0
parents are,0.0
part,0.0
page,0.0
out the,0.0
paid next,0.0
paid on,0.0
paid till,0.0
paid until,0.0
pain,0.0
love you,0.0
pay check,0.0
pay day,0.0
pay my,0.0
pay rent,0.0
pay the,0.0
losing,0.0
paid for,0.0
out to,0.0
our house,0.0
our last,0.0
our money,0.0
our spirits,0.0
out for,0.0
out here,0.0
out in,0.0
order to,0.0
other than,0.0
others,0.0
otherwise,0.0
party,0.0
our family,0.0
our first,0.0
our food,0.0
past few,0.0
past month,0.0
past week,0.0
pasta,0.0
ll send,0.0
loan,0.0
loans,0.0
part of,0.0
part time,0.0
our bills,0.0
now but,0.0
now have,0.0
now if,0.0
now it,0.0
not really,0.0
not starving,0.0
not sure,0.0
not the,0.0
not to,0.0
note,0.0
nothing but,0.0
off work,0.0
not even,0.0
not going,0.0
not have,0.0
not having,0.0
not in,0.0
not much,0.0
not only,0.0
nobody,0.0
non,0.0
none,0.0
noodles,0.0
noodles and,0.0
not be,0.0
no pizza,0.0
no sob,0.0
no way,0.0
next month,0.0
next paycheck,0.0
next week,0.0
nice pizza,0.0
nice to,0.0
night and,0.0
new one,0.0
new place,0.0
new to,0.0
now am,0.0
next couple,0.0
next few,0.0
needed to,0.0
needless,0.0
needless to,0.0
needs,0.0
never,0.0
never done,0.0
new apartment,0.0
nothing in,0.0
nothing to,0.0
notice,0.0
news,0.0
obviously,0.0
of all,0.0
of being,0.0
old daughter,0.0
older,0.0
on cash,0.0
on food,0.0
on friday,0.0
on her,0.0
on here,0.0
on his,0.0
normal,0.0
office,0.0
oh,0.0
oh and,0.0
ohio,0.0
ok,0.0
okay,0.0
old and,0.0
off and,0.0
off for,0.0
off my,0.0
off of,0.0
off the,0.0
offers,0.0
normally,0.0
north,0.0
of that,0.0
of their,0.0
of them,0.0
of these,0.0
of things,0.0
of those,0.0
of mine,0.0
of people,0.0
of pizza,0.0
of ramen,0.0
oatmeal,0.0
of some,0.0
of bread,0.0
of course,0.0
of days,0.0
of her,0.0
of his,0.0
of it,0.0
of me,0.0
now my,0.0
now that,0.0
now we,0.0
ny,0.0
of rice,0.0
you guys,0.0
you have,0.0
years and,0.0
years old,0.0
yes,0.0
yesterday and,0.0
yet,0.0
you and,0.0
wrong,0.0
www reddit,0.0
ya,0.0
sure if,0.0
year ago,0.0
year and,0.0
would like,0.0
would make,0.0
would mean,0.0
writing,0.0
job in,0.0
job that,0.0
jobs,0.0
jobs and,0.0
john,0.0
johns,0.0
yeah,0.0
know how,0.0
know if,0.0
know it,0.0
know that,0.0
know the,0.0
kids and,0.0
kind as,0.0
kind enough,0.0
kind of,0.0
kind soul,0.0
kinda,0.0
you for,0.0
just to,0.0
just want,0.0
keep,0.0
keep me,0.0
kick,0.0
kicked,0.0
kid,0.0
you are,0.0
you back,0.0
you can,0.0
you could,0.0
you don,0.0
kindness,0.0
 back,0.0
 beca,0.0
just like,0.0
just looking,0.0
just moved,0.0
just need,0.0
 abo,0.0
 abou,0.0
just about,0.0
just been,0.0
just don,0.0
july,0.0
just found,0.0
just got,0.0
just had,0.0
just hungry,0.0
it up,0.0
it was,0.0
it pretty,0.0
it really,0.0
it seems,0.0
it shot,0.0
it so,0.0
it thanks,0.0
just finished,0.0
june,0.0
it will,0.0
ive,0.0
ive been,0.0
job at,0.0
job but,0.0
job for,0.0
you to,0.0
you want,0.0
you would,0.0
young,0.0
your time,0.0
 afte,0.0
youtube com,0.0
you in,0.0
you know,0.0
you like,0.0
you need,0.0
you picture,0.0
you re,0.0
you so,0.0
you the,0.0
it all,0.0
it and,0.0
it back,0.0
youtube,0.0
when he,0.0
when my,0.0
when the,0.0
when we,0.0
where,0.0
whether,0.0
what else,0.0
what to,0.0
what we,0.0
what you,0.0
whatever you,0.0
knew,0.0
without any,0.0
woke,0.0
woke up,0.0
won be,0.0
won get,0.0
wonderful,0.0
wondering,0.0
wondering if,0.0
with no,0.0
with our,0.0
with this,0.0
within,0.0
when,0.0
we would,0.0
website,0.0
wednesday,0.0
we don,0.0
we get,0.0
we got,0.0
we had,0.0
we haven,0.0
we just,0.0
we live,0.0
who would,0.0
when have,0.0
wife,0.0
wife is,0.0
will be,0.0
will definitely,0.0
which has,0.0
which is,0.0
while and,0.0
while we,0.0
who are,0.0
who has,0.0
who is,0.0
when can,0.0
why,0.0
would definitely,0.0
work for,0.0
work in,0.0
work on,0.0
worked,0.0
working on,0.0
works,0.0
world,0.0
wont,0.0
wont be,0.0
word,0.0
will return,0.0
work and,0.0
work at,0.0
work but,0.0
know what,0.0
knows,0.0
lack,0.0
lack of,0.0
would greatly,0.0
would have,0.0
would help,0.0
would just,0.0
kitchen,0.0
words,0.0
will send,0.0
wise,0.0
wish,0.0
with an,0.0
with her,0.0
with his,0.0
with me,0.0
will do,0.0
will get,0.0
will give,0.0
will have,0.0
will help,0.0
would anyone,0.0
will pay,0.0
would do,0.0
would give,0.0
would gladly,0.0
would go,0.0
just paid,0.0
just recently,0.0
just started,0.0
worry,0.0
worse,0.0
worst,0.0
worth,0.0
will not,0.0
 last,0.0
 ove,0.0
 over,0.0
 next,0.0
 mov,0.0
 much,0.0
 need,0.0
 nex,0.0
how much,0.0
how this,0.0
how to,0.0
it the,0.0
huge,0.0
hungry and,0.0
 more,0.0
home from,0.0
home to,0.0
 righ,0.0
him and,0.0
his,0.0
hit,0.0
hold,0.0
holiday,0.0
home alone,0.0
however,0.0
hut,0.0
id,0.0
1st,0.0
hot,0.0
hot pizza,0.0
hotel,0.0
hour,0.0
house and,0.0
how,0.0
how it,0.0
hope,0.0
in an,0.0
hope you,0.0
hoping someone,0.0
hoping that,0.0
hoping to,0.0
hospital,0.0
 like,0.0
 live,0.0
homeless,0.0
honest,0.0
honestly,0.0
hook,0.0
in advance,0.0
hope to,0.0
help and,0.0
help but,0.0
help out,0.0
he is,0.0
he was,0.0
head,0.0
health,0.0
hear,0.0
heard,0.0
heard about,0.0
heart,0.0
home and,0.0
haven had,0.0
havent,0.0
he has,0.0
have my,0.0
have never,0.0
have not,0.0
have pizza,0.0
have some,0.0
have something,0.0
have had,0.0
have it,0.0
have job,0.0
 sho,0.0
home for,0.0
here the,0.0
here to,0.0
hey all,0.0
hey guys,0.0
hey raop,0.0
hey there,0.0
hi there,0.0
high,0.0
her and,0.0
her to,0.0
here and,0.0
hell,0.0
here for,0.0
here http,0.0
here in,0.0
here so,0.0
help with,0.0
help would,0.0
helped,0.0
helpful,0.0
helping me,0.0
helps,0.0
heart to,0.0
heat,0.0
here but,0.0
is going,0.0
is in,0.0
is just,0.0
is no,0.0
is not,0.0
is on,0.0
into my,0.0
into the,0.0
is all,0.0
is an,0.0
is at,0.0
husband is,0.0
is currently,0.0
is due,0.0
internet,0.0
interview,0.0
interviews,0.0
 i d,0.0
 i ge,0.0
in and,0.0
in any,0.0
in between,0.0
 her ,0.0
 home,0.0
is coming,0.0
it to,0.0
it if,0.0
it just,0.0
it ll,0.0
it more,0.0
it my,0.0
it not,0.0
it on,0.0
it out,0.0
it be,0.0
it been,0.0
it but,0.0
is feeling,0.0
it doesn,0.0
it for,0.0
it hard,0.0
it has,0.0
is out,0.0
is pizza,0.0
is pretty,0.0
is really,0.0
is that,0.0
is the,0.0
is very,0.0
is willing,0.0
it can,0.0
in for,0.0
in it,0.0
in need,0.0
in new,0.0
in order,0.0
if there,0.0
if they,0.0
if this,0.0
if we,0.0
ill,0.0
im,0.0
 hun,0.0
immediately,0.0
idea,0.0
if any,0.0
if can,0.0
if could,0.0
if it,0.0
if not,0.0
if that,0.0
if the,0.0
hurt,0.0
hurts,0.0
husband and,0.0
im in,0.0
 goin,0.0
isn,0.0
issues,0.0
instead of,0.0
insurance,0.0
interested,0.0
 i'd ,0.0
 i'll,0.0
in your,0.0
including,0.0
income,0.0
incredibly,0.0
in few,0.0
information,0.0
inside,0.0
instead,0.0
in our,0.0
in return,0.0
in their,0.0
in this,0.0
in town,0.0
in weeks,0.0
in while,0.0
in with,0.0
in college,0.0
info,0.0
they were,0.0
them,0.0
them and,0.0
them to,0.0
them with,0.0
there are,0.0
there is,0.0
there no,0.0
there was,0.0
throwaway,0.0
thursday,0.0
we will,0.0
till the,0.0
time in,0.0
time job,0.0
thought,0.0
thought it,0.0
three,0.0
three days,0.0
through the,0.0
through this,0.0
throw,0.0
this was,0.0
this website,0.0
thursday and,0.0
the kids,0.0
the mail,0.0
the moment,0.0
the money,0.0
the month,0.0
the most,0.0
the new,0.0
this before,0.0
this evening,0.0
this friday,0.0
this has,0.0
they ve,0.0
this month,0.0
thing that,0.0
things are,0.0
think,0.0
think it,0.0
thinking,0.0
this and,0.0
there who,0.0
they are,0.0
they don,0.0
they have,0.0
they re,0.0
this last,0.0
to buy,0.0
times,0.0
tip,0.0
tips,0.0
tired,0.0
tired of,0.0
title,0.0
title says,0.0
tl,0.0
to read,0.0
to repay,0.0
this weekend,0.0
to save,0.0
to school,0.0
to see,0.0
to send,0.0
to share,0.0
to our,0.0
to paycheck,0.0
to pizza,0.0
to post,0.0
to prove,0.0
to provide,0.0
to put,0.0
to return,0.0
this works,0.0
this would,0.0
this year,0.0
this pizza,0.0
this point,0.0
this post,0.0
this site,0.0
this sub,0.0
this subreddit,0.0
this time,0.0
to donate,0.0
to drive,0.0
to anyone,0.0
to help,0.0
to celebrate,0.0
to check,0.0
to cheer,0.0
to college,0.0
to come,0.0
to cook,0.0
to cover,0.0
tl dr,0.0
to afford,0.0
to and,0.0
to another,0.0
to feed,0.0
that someone,0.0
that the,0.0
thanks to,0.0
thanksgiving,0.0
that am,0.0
that can,0.0
that could,0.0
that doesn,0.0
that has,0.0
that have,0.0
texas,0.0
the person,0.0
thank,0.0
thanks for,0.0
thanks guys,0.0
thanks in,0.0
thanks reddit,0.0
thanks so,0.0
tank,0.0
taste,0.0
tasty,0.0
tell,0.0
tell me,0.0
tell you,0.0
than happy,0.0
sure to,0.0
sure what,0.0
surgery,0.0
surprise my,0.0
survive,0.0
sweet,0.0
sucks,0.0
summer,0.0
sunday,0.0
super,0.0
support,0.0
that she,0.0
supposed,0.0
supposed to,0.0
study,0.0
studying,0.0
studying for,0.0
stuff,0.0
sub,0.0
subreddit and,0.0
such,0.0
that if,0.0
that just,0.0
that my,0.0
suppose,0.0
that we,0.0
that will,0.0
that would,0.0
thats,0.0
the two,0.0
the way,0.0
the week,0.0
the weekend,0.0
the whole,0.0
the world,0.0
the worst,0.0
telling,0.0
the rest,0.0
the same,0.0
the store,0.0
the summer,0.0
the time,0.0
the next,0.0
the night,0.0
the one,0.0
the only,0.0
the other,0.0
the past,0.0
the people,0.0
the process,0.0
test,0.0
the future,0.0
the good,0.0
the help,0.0
the hospital,0.0
the idea,0.0
the internet,0.0
the job,0.0
the fact,0.0
the family,0.0
the favor,0.0
the favour,0.0
that was,0.0
the fridge,0.0
the area,0.0
the bank,0.0
the best,0.0
the bills,0.0
the bus,0.0
the car,0.0
the community,0.0
the day,0.0
that there,0.0
that they,0.0
that ve,0.0
the food,0.0
walk,0.0
walking,0.0
wallet,0.0
wanna,0.0
verification,0.0
verification code,0.0
verify,0.0
very little,0.0
very much,0.0
via,0.0
video,0.0
to make,0.0
usual,0.0
usually,0.0
utilities,0.0
ve got,0.0
ve had,0.0
ve never,0.0
ve spent,0.0
us to,0.0
use pizza,0.0
use some,0.0
use the,0.0
used,0.0
visit,0.0
until the,0.0
until then,0.0
until thursday,0.0
until tomorrow,0.0
up all,0.0
up for,0.0
up in,0.0
uni,0.0
until friday,0.0
until get,0.0
until monday,0.0
waiting on,0.0
until next,0.0
unable,0.0
unable to,0.0
under,0.0
understand,0.0
unemployed and,0.0
unemployed for,0.0
unemployment,0.0
unexpected,0.0
wage,0.0
wait,0.0
waiting for,0.0
until my,0.0
wanted,0.0
wanted to,0.0
wanting,0.0
wanting to,0.0
wants,0.0
weekend and,0.0
weeks ago,0.0
weeks and,0.0
weight,0.0
well as,0.0
went,0.0
used to,0.0
week and,0.0
week but,0.0
week my,0.0
week of,0.0
week or,0.0
week so,0.0
week would,0.0
weekend,0.0
we ll,0.0
we re,0.0
we ve,0.0
we were,0.0
went to,0.0
username,0.0
using,0.0
way of,0.0
way to,0.0
we all,0.0
we are,0.0
we aren,0.0
we both,0.0
we can,0.0
we could,0.0
was supposed,0.0
was the,0.0
want some,0.0
wasn,0.0
watch,0.0
watching,0.0
water,0.0
wants to,0.0
warm,0.0
was going,0.0
was hoping,0.0
was in,0.0
was just,0.0
was my,0.0
want pizza,0.0
was wondering,0.0
last night,0.0
last two,0.0
last year,0.0
lately,0.0
later,0.0
least,0.0
lady,0.0
laid,0.0
laid off,0.0
landlord,0.0
large,0.0
until payday,0.0
tomorrow but,0.0
tonight and,0.0
tonight but,0.0
tonight we,0.0
tonight would,0.0
too much,0.0
to you,0.0
today but,0.0
today is,0.0
today would,0.0
together,0.0
told me,0.0
last few,0.0
to mention,0.0
to move,0.0
to new,0.0
to not,0.0
to order,0.0
to her,0.0
to hold,0.0
to just,0.0
to keep,0.0
to know,0.0
to leave,0.0
leftovers,0.0
last month,0.0
less than,0.0
let me,0.0
to show,0.0
to sleep,0.0
to some,0.0
leaves,0.0
leaving,0.0
left for,0.0
left in,0.0
left me,0.0
left over,0.0
left to,0.0
less,0.0
turn,0.0
turned,0.0
training,0.0
treat,0.0
tried,0.0
tried to,0.0
trip,0.0
trouble,0.0
true,0.0
top of,0.0
total,0.0
tomorrow and,0.0
towards,0.0
town,0.0
town and,0.0
trade,0.0
up my,0.0
up on,0.0
up the,0.0
up with,0.0
update,0.0
upon,0.0
us and,0.0
us pizza,0.0
totally,0.0
to this,0.0
to treat,0.0
to try,0.0
to turn,0.0
to us,0.0
to use,0.0
to wait,0.0
to work,0.0
to someone,0.0
to spend,0.0
to start,0.0
to take,0.0
tuesday and,0.0
to them,0.0
turns,0.0
turns out,0.0
tv,0.0
two days,0.0
two months,0.0
two weeks,0.0
type,0.0
uk,0.0
try and,0.0
try to,0.0
trying to,0.0
to tell,0.0
