n,side,score_contrib,efficiency
1,0.8131727983645263,0.6612499999999945,0.37145557655954947
2,0.9495042736742616,0.4507791828628435,0.5448898470423271
3,1.1420312680063258,0.4347451390347121,0.5649861906342976
4,1.2908057151967518,0.4165448485961495,0.5896723986092061
5,1.4436924722087356,0.4168495908624342,0.5892413124163518
6,1.5484384781396319,0.3996102867638965,0.6146613541635972
7,1.6731036590277792,0.3998965505503062,0.6142213521521759
8,1.7559208448035473,0.3854072516519504,0.6373128656692131
9,1.867280186865246,0.3874150329177231,0.6340099870418926
10,1.9406958562255083,0.3766300406370859,0.6521651846584378
11,2.0330019119511835,0.3757360703633789,0.6537168490702878
12,2.114873024398103,0.37272399244389826,0.6589997021374231
13,2.2000456256589223,0.3723231349985353,0.6597092066303275
14,2.277711484424717,0.3705692575914462,0.6628315624357657
15,2.3849617945755552,0.3792028507723369,0.6477403835433364
16,2.4466401262869595,0.37412799422234183,0.656526653426599
17,2.5081238211620325,0.37004030013414324,0.6637790530138437
18,2.5764087672556304,0.36877122977731536,0.6660633481313661
19,2.646448810827521,0.3686153320173895,0.6663450449977828
20,2.7424691778732253,0.37605685957923224,0.6531592064956038
21,2.8116665639686715,0.3764508984256855,0.6524755314098113
22,2.873269691679777,0.37525812368752737,0.6545494540833148
23,2.912265318963178,0.3687517081754653,0.6660986093198593
24,2.961778879467067,0.36550558878571643,0.6720143481691101
25,3.050181839347794,0.37214437012348367,0.6600261073907892
26,3.118320194603938,0.3739969552336439,0.6567566836113755
27,3.1294423793956767,0.36271887429472865,0.6771773332104479
28,3.2017098484033957,0.3661052126201177,0.6709136923840204
29,3.2628675814293544,0.3671139604807809,0.6690701701409663
30,3.290365219568828,0.3608834426049407,0.6806214167849365
31,3.3882454918928824,0.3703292746236271,0.6632610944668998
32,3.420527742751882,0.3656253137167277,0.6717942953761149
33,3.491250342412032,0.36935845313309484,0.6650044094469157
34,3.542227866160422,0.3690405369353946,0.6655772887166591
35,3.5832837975802714,0.3668549364000369,0.6695425783562533
36,3.5940951450166914,0.3588199975397931,0.6845354263533215
37,3.697638009972118,0.36952775277812333,0.6646997367677588
38,3.7320023511535565,0.3665221460267282,0.6701505015800276
39,3.7547865888676064,0.3614980084087189,0.6794643242468161
40,3.8060374754772335,0.36214803161842785,0.6782447467747094
41,3.8836332767795474,0.367868473866084,0.6676978796759178
42,3.9252036517417697,0.36683865970587914,0.6695722860751242
43,3.9889496667655546,0.37003998706951235,0.6637796145902988
44,4.01458752276282,0.3662934767709754,0.6705688623376079
45,4.044569559199653,0.36352317598232164,0.6756790659529914
46,4.094485735933675,0.3644524661253114,0.6739562023310487
47,4.0990450292395835,0.35749298195178164,0.6870764249943506
48,4.131033242649606,0.35552990941408574,0.6908701448066373
49,4.219972511473519,0.36343199995085956,0.675848576991601
50,4.2470762680394065,0.36075313653087066,0.6808672610916613
51,4.317902979432285,0.365574238035102,0.6718881541549311
52,4.334703179884746,0.36133945495582565,0.6797624688674757
53,4.379306678267789,0.3618552260815256,0.6787935679687018
54,4.4171612839096195,0.3613206260753718,0.6797978921600851
55,4.4188544784077965,0.355023180024448,0.6918562331143717
56,4.441589335161932,0.3522806396825753,0.6972424037305088
57,4.517582373929338,0.3580447457059129,0.6860176079828553
58,4.591547380670467,0.3634880577403763,0.6757443463945637
59,4.614506191633646,0.36090961682415695,0.6805720561324746
60,4.629849274884471,0.35725840513580437,0.6875275611965821
61,4.6749656139773395,0.3582836638011561,0.685560143585892
62,4.682619310886105,0.35366005823683005,0.6945228738143682
63,4.717445350615579,0.3532427085086435,0.6953434397471501
64,4.736027702842302,0.350468100032652,0.7008483795732505
65,4.86278729750476,0.3637953892426716,0.6751734828506983
66,4.866847900684474,0.35888194679389196,0.6844172636554047
67,4.869110632631787,0.35385430377325255,0.6941416209463285
68,4.9037023177407875,0.35362200619141726,0.6945976090273129
69,4.945954102194598,0.35452843450747207,0.6928217206082047
70,4.946301671902917,0.3495128604209942,0.7027638402322035
71,5.00085845756547,0.3522335959521703,0.6973355262606846
72,5.009617604319244,0.34855928529868446,0.7046864345889428
73,5.078768450532922,0.3533409448510765,0.6951501193939589
74,5.119210268120208,0.3541393752598293,0.6935828579349215
75,5.1510181987911645,0.3537731797903703,0.6943007950618136
76,5.169314556590903,0.3516028024339817,0.698586582074014
77,5.199590883273634,0.3511135760184713,0.69955996229288
78,5.236686819196636,0.35157549797881765,0.6986408364976529
79,5.247528441703937,0.348563984132807,0.7046769350284164
80,5.252660488051395,0.34488052753420406,0.7122031555569336
81,5.365678746455407,0.3554383754341144,0.6910480605815456
82,5.368943113338666,0.35153109944227673,0.6987290751506695
83,5.408763674685566,0.3524665601035916,0.6968746196172757
84,5.427794165101961,0.3507255892704154,0.7003338436495404
85,5.46168251646635,0.35094089306675536,0.6999041857264485
86,5.487037092673338,0.35008809367875676,0.7016091219182885
87,5.5482072688867845,0.3538230333164155,0.6942029683532316
88,5.555097914069986,0.35067173676028074,0.7004413936213779
89,5.55664813279045,0.3469251513667819,0.7080057442716694
90,5.557626587708831,0.34319125876009005,0.715708788409747
91,5.626713366028081,0.3479110253125171,0.7059994715009767
92,5.6621813953488225,0.3484815016721124,0.7048437257685763
93,5.677449826600326,0.3465960917587535,0.7086779275369502
94,5.7544532349585,0.3522737450353653,0.6972560500509096
95,5.7588118041646865,0.34909382521880555,0.7036074036716257
96,5.766638926756737,0.3463971303290217,0.709084973558227
97,5.80866198643607,0.3478407636357467,0.7061420790152548
98,5.847863794460821,0.34895419345475215,0.703888947624438
99,5.848806313152322,0.3455407604926309,0.710842332029996
100,5.87818780326055,0.3455309185040109,0.7108625794283264
101,5.948890320167267,0.3503890697166318,0.7010064560479667
102,5.9504819152277,0.3471395590534502,0.7075684507687595
103,5.953498309872031,0.34411788471504007,0.7137815583267321
104,5.9535053539223775,0.340809865376754,0.7207097709113255
105,6.00013678976739,0.34287277615162015,0.7163735854356176
106,6.015482899831555,0.34137768413364006,0.7195110032553989
107,6.085370633135806,0.3460909882488942,0.7097122096208895
108,6.0913758164577,0.34356351238264543,0.7149333126110146
109,6.092539305231313,0.34054160720906834,0.721277502661235
110,6.093967120766784,0.3376039569907874,0.7275536761753735
111,6.179279125928323,0.3439954100552568,0.7140356900708202
112,6.229180690065255,0.3464526077632308,0.7089714278261766
113,6.2742273808226106,0.3483710550996828,0.705067187426685
114,6.277001859688227,0.3456206346186795,0.7106780539043804
115,6.2857973927594735,0.34357607706801563,0.7149071672745573
116,6.312517416884598,0.343516173607512,0.7150318350967703
117,6.325245502184942,0.3419549629308619,0.7182963449185608
118,6.3325525722979865,0.3398408650925241,0.7227647561841243
119,6.352178534894323,0.3390770767997663,0.724392820411885
120,6.365691044365741,0.33768352060265167,0.7273822529498684
121,6.520050973270122,0.35133111317388976,0.6991268088415188
122,6.536171905922666,0.350176583473547,0.7014318249482693
123,6.549212937686976,0.3487169927086705,0.7043677398457125
124,6.558051866839963,0.34683906684002525,0.7081814693997294
125,6.57222284282722,0.3455529047662392,0.7108173498531615
126,6.584870397213483,0.3441310964134798,0.7137541552039143
127,6.589603255021897,0.3419123705401196,0.7183858238647107
128,6.63336627490801,0.3437620948209919,0.7145203141955048
129,6.636210434669559,0.3413898366916057,0.719485390603134
130,6.636508535984037,0.33879419652453063,0.7249976608799891
131,6.637395593597516,0.3362978646252498,0.7303793031029496
132,6.638066763213242,0.333817654188457,0.7358059015696403
133,6.729201834975573,0.34046734838976406,0.721434819408323
134,6.813779781851787,0.34647458892218047,0.7089264490192334
135,6.847823280919927,0.3473532124941404,0.707133232585674
136,6.854382746770463,0.3454600208766515,0.711008467424663
137,6.857449614707538,0.34324536655658805,0.7155959670019489
138,6.860271552204111,0.3410385925360942,0.7202264065583839
139,6.884480102428374,0.34097889410598703,0.7203525034709392
140,6.900272528471604,0.3400982926227136,0.7222176803824267
141,6.96168739902592,0.3437240527784134,0.7145993945275215
142,6.96205158651348,0.3413391710794005,0.7195921851666537
143,6.98676050194852,0.34136239378732824,0.7195432316807181
144,7.020526283849914,0.3422763145988019,0.7176219607480248
145,7.051090693591055,0.3428819308223889,0.7163544588391639
146,7.081132473494362,0.3434413500491533,0.7151876149009029
147,7.087931772600278,0.34176038648324164,0.7187052967943794
148,7.091821043018555,0.3398238223391945,0.7228010040886125
149,7.096719506983671,0.3380095822872655,0.7266805820648295
150,7.1105431558277505,0.3370654931392591,0.7287159468991379
151,7.167940556356459,0.3402607405262235,0.7218728778998528
152,7.172876320300695,0.3384878599100687,0.7256537946892957
153,7.172994718721811,0.33628662244974505,0.7304037199300322
154,7.173582404826838,0.3341576916807871,0.7350571485113077
155,7.1743675820265205,0.3320745174324714,0.7396683187229168
156,7.174815293069277,0.3299870159593639,0.7443474685993323
157,7.326288399676344,0.3418758071033896,0.7184626548485733
158,7.34331818980159,0.34129317744728416,0.719689159441047
159,7.362326467592434,0.3409047233673716,0.7205092307720988
160,7.369198736348456,0.339406812598748,0.7236890683463733
161,7.383747240409381,0.3386318218028146,0.7253452988922806
162,7.40336469196432,0.3383321528532343,0.7259877547214678
163,7.417331704542762,0.33752643935714866,0.727720768979806
164,7.437858735407554,0.3373276985846247,0.7281495146428973
165,7.441025540461874,0.33556885511397533,0.7319660220450851
166,7.455198681785355,0.3348192011138198,0.733604880433668
167,7.455426366839144,0.33283462461892405,0.7379791098393867
168,7.4736710003171005,0.33247475131536197,0.7387779042716468
169,7.608053269124871,0.3424998493836783,0.7171536000439047
170,7.619208572117493,0.3414843486201688,0.7192862600950635
171,7.641191432317683,0.34144916084985477,0.7193603855655939
172,7.653288666372948,0.34053969424902686,0.721281554391664
173,7.6636584348532235,0.33948936766530036,0.7235130858123358
174,7.680676921216152,0.33903906878219786,0.724474028560384
175,7.698656463293368,0.3386817790846214,0.7252383067783206
176,7.71519570111297,0.3382059358322276,0.7262586902727993
177,7.715555867684227,0.33632656693421753,0.7303169720994479
178,7.7156130596663655,0.3344420499241246,0.7344321686095555
179,7.715886678191748,0.33259724709886535,0.7385058118866132
180,7.718830947562939,0.3310019510947521,0.7420651122678361
181,7.7279796638831035,0.32995397616238015,0.7444220035073034
182,7.749697376051779,0.32998796384826284,0.7443453304646739
183,7.882742994581429,0.33954992960995956,0.7233840404035691
184,7.9030881785407825,0.33945001498799493,0.7235969631896669
185,7.914256957250014,0.3385700712723257,0.7254775919116425
186,7.964041562027189,0.3409997742026692,0.7203083948495981
187,7.980786356091279,0.34060401530252793,0.7211453446367432
188,7.990162059205659,0.3395887751721788,0.7233012924984429
189,8.002328010376552,0.33882144754315946,0.7249393501534818
190,8.016482441809181,0.33823153020965735,0.7262037334241018
191,8.020030086061176,0.33675854754621176,0.7293801502285375
192,8.023574816803615,0.33530079604606855,0.7325511984953728
193,8.028219938370531,0.33394982061580386,0.7355146936359099
194,8.038567417004398,0.33308539235940593,0.7374235125116674
195,8.057023729420038,0.3329006737253209,0.7378326912088717
196,8.082490184818479,0.3332992223861584,0.7369504142299511
197,8.13642021250674,0.3360473800735443,0.7309237166087853
198,8.173349469611466,0.3373921290525153,0.7280104627508022
199,8.20659581953129,0.3384332409303941,0.7257709063233477
200,8.218653316055564,0.33773131164755554,0.7272793239151175
