id,label
1,0.9999395370483398
2,0.00030153247935231774
3,0.9426123976707459
4,0.5661398112773895
5,3.640710183390183e-05
6,0.9999960422515869
7,0.9990679860115051
8,0.0004565756389638409
9,2.735086482061888e-05
10,0.9876312375068664
11,3.3521155546623047e-05
12,0.00020711052129627206
13,1.1139536553628204e-06
14,0.9999966859817505
15,0.00039894160581752656
16,0.9997366666793823
17,0.998988926410675
18,0.999234139919281
19,0.9995766282081604
20,0.9996854305267334
21,0.9996945977210998
22,0.9661633491516113
23,8.809849668978132e-06
24,0.11480064503848553
25,0.9995746612548828
26,0.0018789765308611095
27,0.004708814073819667
28,0.0003290072214440443
29,0.9989300489425659
30,5.889695858058985e-05
31,0.9783299326896667
32,0.9987507343292237
33,0.00011110209343314636
34,0.016893726773560047
35,0.00010093198616232258
36,0.999839437007904
37,0.9785185098648072
38,0.9981974959373474
39,0.002227628603577614
40,0.00014939094362489413
41,0.9979904890060425
42,5.902171926663868e-06
43,0.9999960660934448
44,0.9999918699264526
45,5.429333600659447e-06
46,0.9998808860778808
47,0.0009455012972466647
48,0.02024292526766658
49,0.9997571110725403
50,0.9999890565872193
51,0.9840406179428101
52,6.298950052041619e-06
53,0.999269676208496
54,0.9997312426567078
55,0.14993055686354637
56,0.003508141590282321
57,0.9889995098114014
58,0.00013911736532463693
59,0.9944659829139709
60,0.9999445676803589
61,0.00017417224444216117
62,0.999919319152832
63,0.994738233089447
64,0.0005938918024185113
65,0.004863915790338069
66,0.002160586218815297
67,0.9948801517486572
68,0.0001330855957348831
69,0.9999804735183716
70,0.0005385811004089191
71,0.0006338632927509024
72,0.015169250778853893
73,0.0012492945126723499
74,0.0001408029580488801
75,0.00034083545906469224
76,0.9982179641723633
77,5.557800093924925e-07
78,1.347127481494681e-05
79,0.9997061848640442
80,0.9964194059371948
81,0.00019005795184057206
82,0.9998778700828552
83,6.0534542171808425e-05
84,0.0005436341598397121
85,0.999014949798584
86,0.9997942686080933
87,0.9999616384506226
88,0.0014746572822332382
89,0.9977244853973388
90,0.012516946718096732
91,0.0018333427840843796
92,6.744144593540113e-05
93,0.2229676216840744
94,0.9997186899185181
95,0.0005263975603156723
96,0.9986990571022034
97,0.999853789806366
98,0.2225194439291954
99,2.3685476389800896e-05
100,1.039487538037065e-05
101,0.0002402152691502124
102,0.9999897480010986
103,0.0002501218405086547
104,0.00038163146091392265
105,0.7849485754966736
106,7.158242488003452e-06
107,0.9411500930786133
108,0.9982740879058838
109,0.9846603751182557
110,0.008429178409278393
111,1.216195008169052e-06
112,0.9994051933288575
113,6.634459957410854e-07
114,0.0001832018926506862
115,0.9987310647964478
116,0.999724805355072
117,0.0002997354429680854
118,0.9985568046569824
119,0.9998921275138855
120,0.9999991416931152
121,0.0006388649577274919
122,0.00019309251802042128
123,0.02084037708118558
124,0.013931760797277093
125,0.9999918460845947
126,0.999954104423523
127,0.9952886700630188
128,0.00032881173538044093
129,0.9986696243286133
130,0.0018909123027697206
131,1.4169291716825684e-06
132,0.9994200825691223
133,0.9980804681777954
134,3.5090753840449906e-06
135,0.0029934013611637054
136,0.9999974250793457
137,0.14579461067914962
138,0.9999237418174743
139,1.5783317439854728e-05
140,0.9999415397644043
141,0.998616075515747
142,8.750342858547811e-05
143,5.601853990810923e-05
144,0.00047838503815000877
145,0.000179422666769824
146,0.00012703553038591054
147,0.004634670889936387
148,0.9999925136566162
149,0.9981128811836243
150,0.9727763414382935
151,0.00015419343071698677
152,0.02777576819062233
153,0.00023409165078192018
154,0.007373477052897215
155,0.010865921364165842
156,0.9995017886161804
157,0.9999717473983765
158,3.142093743235819e-06
159,0.0008669554779771715
160,0.999332857131958
161,0.285624323785305
162,0.003933292150031775
163,0.9999447584152221
164,0.0009429067315068096
165,0.23538384810090066
166,0.9998295903205872
167,0.9981024622917175
168,0.45902576446533205
169,0.9664382576942444
170,0.9933388113975525
171,0.003173443127889186
172,1.0964292403059517e-05
173,0.9999488830566406
174,0.9998761415481567
175,0.0012097140657715499
176,0.9881699681282043
177,1.4797428775636945e-05
178,1.64693003910088e-06
179,0.9998167991638184
180,0.0003765641784411855
181,0.9999735593795777
182,0.9984812259674072
183,0.004714936739765108
184,0.9984916090965271
185,5.638806069327984e-05
186,3.1183154419522906e-06
187,0.9755691766738892
188,4.726454681076575e-05
189,0.9977020502090455
190,0.9946355223655701
191,1.7535554070491345e-05
192,0.0001608973674592562
193,0.9723653674125672
194,0.1257937155663967
195,0.9999298810958862
196,0.00010746850639407058
197,1.787159180821618e-05
198,0.0002709440392209217
199,0.9948323726654053
200,0.9938135862350463
201,0.003772401111200452
202,0.07851503677666187
203,2.2513430485560094e-05
204,0.00103574667009525
205,0.008570225769653916
206,0.9938983917236328
207,0.9967093467712402
208,0.02665764857083559
209,0.9997644782066345
210,0.6985294342041015
211,0.994881534576416
212,2.9663319651263008e-06
213,2.817476315613021e-05
214,0.9984847664833069
215,0.9993260979652405
216,1.096411224352778e-05
217,1.7773848685465055e-05
218,0.9989727020263672
219,0.9408015847206116
220,0.9768748879432678
221,0.9928362727165222
222,0.9810717344284058
223,0.0007459870015736669
224,0.9998860597610474
225,0.00017473745392635465
226,0.9988520383834839
227,1.4524673218829776e-06
228,0.9999950408935547
229,0.9997361063957214
230,0.0005906704580411315
231,0.9996847867965698
232,0.9992109775543213
233,0.9944483160972595
234,1.0964287821479956e-05
235,0.9992218971252441
236,0.0009720424597617239
237,0.7702855885028839
238,0.9999988317489624
239,0.998810887336731
240,0.9833001255989074
241,8.934598099585855e-05
242,0.9999680995941163
243,2.4866957483027362e-05
244,0.9999728679656983
245,0.9999996900558472
246,0.997938358783722
247,4.043317471769115e-06
248,3.8267185846052595e-05
249,8.111168085633835e-06
250,0.9998093724250794
251,1.3237327380011266e-06
252,0.012511265836656094
253,0.999279797077179
254,5.324380344973178e-06
255,1.2427087796140768e-06
256,1.8728893701336345e-05
257,0.002251831372268498
258,0.9960264205932617
259,0.14701301455497742
260,0.9719175696372986
261,9.082622200367041e-05
262,0.9998625993728638
263,0.9757117867469788
264,0.9965969085693359
265,0.0001204648899147287
266,0.002803665871033445
267,1.5816565701243233e-05
268,0.9995734930038452
269,0.002325278875650838
270,1.0810071444211644e-05
271,5.959369773336221e-05
272,2.9926040861028012e-05
273,0.5794685542583465
274,0.9998685598373414
275,0.999976110458374
276,0.9999315023422242
277,0.0014830263913609087
278,0.9960395336151123
279,0.9964862108230591
280,0.0010679714614525437
281,4.245415029799915e-05
282,0.9991238713264465
283,0.9994133591651917
284,0.9904969573020935
285,0.9999266266822815
286,0.9999843597412109
287,0.9997144222259522
288,0.9729462027549743
289,7.035632124825497e-05
290,0.986108374595642
291,0.9999995470046997
292,0.30868506133556367
293,0.009363368386402726
294,0.9873778581619262
295,0.9996864438056946
296,0.9998417973518372
297,0.9999953031539917
298,0.001909116911701858
299,0.9999650001525879
300,0.9950485944747924
301,9.580004712006484e-06
302,0.9997272253036499
303,0.9990195870399475
304,0.0012458921846700832
305,0.00023806526660337114
306,0.0053757260320708156
307,8.371103976969607e-05
308,0.9993894934654236
309,0.1357335016131401
310,3.146112894683029e-05
311,0.9995934963226318
312,0.9975688457489014
313,4.527141245489474e-05
314,7.783979726809776e-05
315,0.9791660070419311
316,0.9986822962760925
317,3.58659013727447e-05
318,0.936824107170105
319,0.0074560440378263594
320,0.9973122239112854
321,0.9574910759925842
322,0.9999003529548645
323,0.0001046383404172957
324,0.0022562232334166765
325,0.0004016785169369541
326,0.9999143362045289
327,0.9948619484901429
328,0.999463927745819
329,0.9949757933616639
330,0.996645987033844
331,0.23870420306921006
332,2.8981719515286387e-05
333,1.1503728455863892e-05
334,0.9645357728004456
335,0.9984367609024047
336,0.0016100194858154281
337,0.9999791860580445
338,4.382541783343186e-06
339,0.04109821431338787
340,0.9996783256530761
341,0.9997380495071411
342,0.9794830083847046
343,0.9999810695648194
344,0.15542279481887816
345,0.9999547481536866
346,0.024256406584754586
347,3.3260926954881145e-07
348,5.8588001593307126e-05
349,1.2151283681305358e-05
350,0.9997663140296936
351,0.9989973902702332
352,0.0036679944256320595
353,0.005352288670837879
354,0.9998572111129761
355,0.9997323393821717
356,0.9984493136405945
357,0.006856301985681057
358,0.0016452667361591012
359,0.9997227668762207
360,0.9993385314941406
361,2.8285349230827706e-06
362,0.9993221998214722
363,0.9956301927566529
364,0.9952277421951294
365,7.995787450454373e-06
366,0.9997573733329773
367,0.000340924205374904
368,0.9999247550964355
369,0.0015626258682459593
370,0.9991593837738038
371,0.999989914894104
372,0.000410838276729919
373,0.9999963283538819
374,0.987120795249939
375,0.9996099352836609
376,0.04279173295944929
377,0.9493941903114319
378,1.3878659473220977e-06
379,0.012121123913675546
380,7.505297190846249e-07
381,0.9998581409454346
382,0.00022078152214817238
383,3.375718875986422e-07
384,0.0023699298209976403
385,0.9998801350593567
386,0.008766302792355418
387,8.698513775016182e-05
388,0.9897400736808777
389,6.666090230282862e-05
390,0.9998459458351135
391,3.2636989089951385e-05
392,0.20181316658854484
393,0.9999716281890869
394,0.9825158476829529
395,0.9985111594200134
396,0.0005628966609947383
397,0.0022233734314795585
398,0.0069158085156232115
399,0.0005191232485231012
400,0.9929901480674743
401,0.9998238325119019
402,0.04464733824133873
403,0.0004442748671863228
404,0.00038459152419818566
405,0.001170236646430567
406,0.9979957342147827
407,0.9938586592674256
408,0.9999866485595703
409,0.999997615814209
410,0.9994978427886962
411,0.040865474566817286
412,0.9981904983520508
413,0.022422525845468045
414,0.0022706160787492992
415,0.021590433083474636
416,0.9999867439270019
417,0.9998783707618714
418,0.9956702470779419
419,7.025975091892178e-05
420,0.9999845266342163
421,7.241700103577387e-07
422,0.9976276159286499
423,0.7392068386077881
424,0.9999724626541138
425,0.03659878186881542
426,0.0007976565248100087
427,0.0021824991796165704
428,0.9997626423835755
429,0.9999475479125977
430,0.9990885138511658
431,1.0502436089154798e-05
432,0.9999514102935791
433,0.13608457259833812
434,0.9222058653831482
435,0.983354675769806
436,1.2945419985044283e-05
437,0.9532544255256653
438,0.9774973869323731
439,0.9998121380805969
440,0.9990833401679993
441,0.9994545817375183
442,0.9201674938201905
443,0.9856300592422486
444,0.9999878883361817
445,2.0529205994535004e-05
446,0.9999426960945129
447,0.9972612142562867
448,0.9868340849876404
449,0.9996916770935058
450,0.00024169704993255438
451,0.9741317629814148
452,0.9999554395675659
453,0.0011886059830430896
454,0.9091708660125732
455,0.9999303817749023
456,8.694950538483681e-05
457,0.9997868418693543
458,0.9959344744682312
459,0.9999468326568604
460,0.9304804921150207
461,5.8022342273034155e-05
462,0.8843380093574524
463,3.156624770781491e-05
464,0.9857852458953857
465,0.00048507706669624894
466,3.202647039870499e-05
467,4.434818367826665e-06
468,0.9999697923660278
469,0.9994371891021728
470,0.9706284642219544
471,0.5589948624372483
472,0.01599150598049164
473,0.9996925234794617
474,0.999933910369873
475,2.373773995714146e-05
476,9.738939916132949e-05
477,0.021775951236486436
478,0.99581857919693
479,0.00019256219748058355
480,3.6025905956194038e-06
481,0.9814181685447693
482,8.956894016591832e-05
483,0.003073540725745261
484,5.67963914363645e-05
485,0.0473750127479434
486,9.8326302577334e-06
487,0.00017724485805956647
488,0.9999839544296265
489,0.9997224926948547
490,0.5308309882879257
491,0.9983065724372864
492,0.9999994754791259
493,0.9986199378967285
494,0.0010373138880822807
495,1.9934633928642143e-05
496,0.9976558089256287
497,0.9999744415283203
498,0.9998948574066162
499,2.044268912868574e-05
500,0.49974974393844607
501,0.9996975064277649
502,0.9994469404220581
503,0.003570335474796593
504,1.9981015884695808e-05
505,0.9999620914459229
506,0.9994523048400878
507,0.9999665021896362
508,3.187454012731905e-05
509,0.8680239796638489
510,0.9750620484352112
511,0.998126482963562
512,0.9946154356002808
513,1.9553367792468634e-06
514,0.9954909443855285
515,4.565713243209757e-06
516,1.2713793012153474e-05
517,0.9718453645706177
518,0.0014675640326458962
519,0.9995030045509339
520,0.9996574997901917
521,0.0009142284965491853
522,5.1729840924963356e-05
523,9.6922778766384e-06
524,0.709250009059906
525,0.2761878490447998
526,8.255453917627164e-06
527,0.9952566742897033
528,0.9999968528747558
529,0.10483839958906174
530,0.9744951009750367
531,0.006969614932313561
532,1.6580126657572692e-05
533,0.00020944263378623872
534,0.00169722632272169
535,0.9531997323036194
536,0.9998732089996338
537,0.0002204549946327461
538,1.5818732379102585e-06
539,1.4944686745366198e-05
540,0.999293577671051
541,0.001756659208331257
542,0.012182454345747828
543,0.9999984502792358
544,0.9994481086730957
545,0.000518057501903968
546,0.0001585190897458233
547,2.0426190417310865e-06
548,0.9571865916252136
549,0.0003063327239942737
550,0.9964347124099732
551,0.9999494791030884
552,7.729326243861578e-05
553,3.054859707845026e-05
554,0.9998206615447998
555,0.0001984387097763829
556,0.9569141030311584
557,0.0008195601927582175
558,4.134547161811497e-05
559,0.9183679938316345
560,0.004591619735583663
561,0.999967360496521
562,0.0010520798037759959
563,0.0031589308637194335
564,0.9930679202079773
565,0.9996361851692199
566,0.9976346969604493
567,0.0007231507363030687
568,0.9998636484146118
569,0.9995617032051086
570,1.8011587872024393e-05
571,0.9987306237220764
572,2.0904818995859386e-07
573,0.9979590892791748
574,0.9999127745628357
575,0.9999521732330322
576,0.012607945781201123
577,3.9885589649202303e-05
578,2.154292646991962e-05
579,0.002126055513508618
580,0.0005246161599643528
581,0.9996381878852845
582,0.005889211827889085
583,0.00014999587401689495
584,0.00026252087627653964
585,0.9990661382675171
586,0.9912750244140625
587,0.9997461676597595
588,1.580370817464427e-05
589,0.9998992800712585
590,0.03266607392579317
591,0.9999267578125
592,6.0688475787173954e-05
593,0.9993170738220215
594,0.0006514114502351731
595,0.00020592286200553643
596,0.0016214094182942062
597,0.9999149203300476
598,0.0002523944116546772
599,0.00012317494474700652
600,0.9999703168869019
601,0.996656310558319
602,0.000660930824233219
603,0.0059824720025062565
604,2.3427226096828235e-05
605,1.4489174827758688e-05
606,2.8760425630025564e-05
607,0.010569879366084934
608,0.9979673504829407
609,7.625979887961875e-05
610,1.4088349502117126e-06
611,0.9998211622238159
612,0.9983344793319702
613,0.5916120827198028
614,1.3706080744668725e-05
615,0.9999488353729248
616,4.904520494619646e-07
617,0.9998952507972717
618,0.00014395311736734585
619,0.9997352480888366
620,3.8221929389692375e-05
621,3.644469234131975e-05
622,0.02740306770429015
623,0.9998998641967773
624,0.9995161771774292
625,0.9980299592018127
626,0.0004927486617816613
627,8.281547998194583e-05
628,1.5407785031129607e-05
629,0.10146155022084713
630,1.6119916608658968e-06
631,0.9999967575073242
632,0.0023613899131305514
633,0.9316121339797974
634,0.9999962091445923
635,4.599733506438497e-06
636,0.9998337626457214
637,5.315873067957e-06
638,0.9677794933319092
639,0.9996498107910157
640,0.00032014535245252775
641,0.6784557610750198
642,0.00013954237583675423
643,8.819092613521207e-06
644,0.055796752125024794
645,0.07265422195196151
646,0.00017369509441778064
647,0.9999947786331177
648,0.9973389029502868
649,0.0001144858015322825
650,0.9844864010810852
651,0.00022200503444764764
652,3.512002276693238e-05
653,1.033305779856164e-05
654,8.453888221993111e-06
655,0.9999921083450317
656,0.9996224999427795
657,0.07411193512380124
658,0.9998193502426147
659,4.0558624689879255e-07
660,0.00105139116931241
661,0.1212825559079647
662,0.9999980926513672
663,0.9999139666557312
664,1.6784262015789864e-05
665,0.9923630952835083
666,0.9999721765518188
667,3.004095071901247e-06
668,0.001047264673979953
669,0.00023471688473364338
670,3.992554720753105e-05
671,3.2983877417791517e-06
672,0.9999162793159485
673,0.02394014010205865
674,0.9999951124191284
675,0.9970991134643554
676,0.9998817086219788
677,9.717688189994078e-05
678,0.053553589060902594
679,0.9994438767433167
680,0.00023832712176954373
681,0.9997577548027039
682,0.9987557768821717
683,0.0004820934511371888
684,0.9998264789581299
685,0.00031735251541249455
686,9.576209276929148e-06
687,2.1558671869570388e-05
688,0.9930835008621216
689,0.9999642610549927
690,0.9767311334609985
691,0.01319814445450902
692,1.5905005170679942e-06
693,0.00011359231430105866
694,0.9772595763206482
695,0.00020451289310585707
696,4.495027035034127e-08
697,0.0010805452533531935
698,0.004609944822732359
699,3.284414297013427e-05
700,0.003656357806175947
701,0.9999277949333191
702,0.9993687629699707
703,0.07406548634171486
704,0.00015041710776131367
705,0.9997430324554444
706,0.22507851645350457
707,0.9999582767486572
708,0.9788708686828613
709,0.38664708733558656
710,0.9849678874015808
711,0.9990776062011719
712,0.9998966693878174
713,0.00044117514917161314
714,0.0003803271465585567
715,0.00020863796162302607
716,0.0004807122124475427
717,0.9963729381561279
718,0.9980260252952575
719,0.9994113326072693
720,0.0012205669248942287
721,0.0003148873831378296
722,0.9826966047286987
723,0.9996773838996887
724,0.9998835921287537
725,7.215213554445654e-05
726,0.9743313550949096
727,0.007827706076204777
728,0.9929153323173523
729,4.616477372110239e-06
730,0.9999831914901733
731,0.0002978067990625277
732,0.9999653577804566
733,0.0014431596384383738
734,0.9999747753143311
735,0.9998180031776428
736,0.9998314261436463
737,0.0001144081812526565
738,0.9930026412010193
739,0.9999745130538941
740,0.0002018770515860524
741,0.9928281545639038
742,1.0973105690936791e-05
743,0.9541719675064086
744,7.228807880892419e-05
745,0.0020516732023679652
746,0.0025194961461238565
747,0.9998508334159851
748,0.996303129196167
749,0.9652758359909057
750,0.026633015740662812
751,0.0010459652519784867
752,0.9999687433242798
753,0.9986239790916442
754,0.00024836313314153814
755,0.0001250730812898837
756,0.998429787158966
757,0.9991498589515686
758,0.9999969959259033
759,0.999918258190155
760,0.007842046627774834
761,0.9774889469146728
762,1.7584219051514083e-06
763,0.9999321460723877
764,4.476243219642129e-06
765,0.00013226812989159954
766,0.9997699141502381
767,0.00017898530350066722
768,0.9997833013534546
769,0.001259586913511157
770,0.3629328191280365
771,0.8992449164390564
772,0.9948636054992676
773,0.9980888128280639
774,3.1193359518510987e-06
775,0.9997483372688294
776,0.9999213933944702
777,0.0010106767469551415
778,0.9999385833740234
779,7.895050794104464e-06
780,0.0008549871447030455
781,2.6222759697702713e-05
782,0.00028034544084221125
783,0.9999959707260132
784,0.9999916076660156
785,0.9974090933799744
786,0.2359222173690796
787,0.9566608548164368
788,0.9991190910339356
789,0.99882572889328
790,3.142980349366553e-05
791,0.0001018477327306755
792,0.02211739616468549
793,0.0008696258591953665
794,4.282390017351645e-06
795,0.9577010869979858
796,0.9954472661018372
797,0.0005437273881398142
798,0.9993772625923156
799,0.005326811247505248
800,0.9848024845123291
801,0.01617019223049283
802,0.9999566316604614
803,0.00013788813230348752
804,0.017302057472988963
805,0.0013781204703263938
806,0.9998903870582581
807,3.793125415540999e-05
808,0.9994762420654297
809,0.8672402381896973
810,0.9985501766204834
811,0.001859854336362332
812,0.00014995234450907447
813,0.9997047662734986
814,2.2609808183915447e-05
815,0.9999356746673584
816,0.7481262683868408
817,0.0006432201131246984
818,4.84419607005293e-07
819,0.9981072068214416
820,0.9998990893363953
821,0.08874647542834282
822,0.9999896287918091
823,0.9987874388694763
824,8.531437970304978e-06
825,5.9459457224875224e-05
826,0.9998977780342102
827,3.021344300577766e-05
828,0.9999458074569703
829,0.9998675346374511
830,0.9995618462562561
831,3.372243199919467e-05
832,0.9976836562156677
833,0.9295761823654175
834,0.9998993039131164
835,0.9502938985824585
836,0.9999868392944335
837,0.9999023914337158
838,2.3657723090764194e-06
839,1.0758045618786127e-05
840,0.9997473955154419
841,1.679541001067264e-05
842,0.07573620900511742
843,0.9929845333099365
844,0.0016453854826977477
845,0.9370208740234375
846,0.4601020306348801
847,0.9797348141670227
848,0.9999911069869996
849,6.353297715122608e-06
850,0.0005760336440289393
851,0.9973943114280701
852,0.999945068359375
853,0.9997486114501953
854,0.9999402046203614
855,7.619352140864067e-06
856,0.00013374809677770826
857,5.5938586592674254e-05
858,1.880570480352617e-05
859,0.9874168872833252
860,0.0018063601921312511
861,0.0011975074565270915
862,0.00042118019482586535
863,4.46995076345047e-05
864,0.9998528838157654
865,0.9721754908561706
866,0.004942448157817125
867,3.7163850174692924e-05
868,0.00013734908534388524
869,8.457059129796107e-06
870,0.9970045685768127
871,0.05505128744989633
872,0.9999952793121338
873,0.998068654537201
874,0.9999160408973694
875,1.0827396408785716e-06
876,0.001244815581594594
877,0.9998898506164551
878,0.9999959707260132
879,1.30628123997667e-06
880,0.9650923013687134
881,0.9991529822349549
882,0.963184654712677
883,3.2494409936134615e-07
884,0.9979023337364197
885,0.0002749561739619821
886,0.9999285340309143
887,0.0001539108772703912
888,0.0006665505876298994
889,0.9967354536056519
890,0.9985562086105346
891,0.9996010899543762
892,0.0005249805137282238
893,0.9918972134590149
894,0.9625369787216187
895,0.9911455869674682
896,0.41632543951272966
897,0.9479257345199585
898,0.9998563528060913
899,0.9999022126197815
900,0.9999549865722657
901,0.9925540924072266
902,2.9445633026625727e-05
903,0.9998211145401001
904,7.744426347926492e-05
905,0.995908236503601
906,0.9717417597770691
907,0.9870856642723084
908,0.04578057564795017
909,0.0002391941729001701
910,2.170297075281269e-05
911,2.9945633968964103e-05
912,0.9983607769012451
913,0.9834643483161927
914,0.00952170577365905
915,0.9999274492263794
916,0.991332185268402
917,0.9958238959312439
918,0.9065351605415344
919,3.9888606897875435e-05
920,0.9994626402854919
921,0.0001985476934351027
922,0.9997436881065369
923,0.9872891426086425
924,0.9872600913047791
925,0.9996034502983093
926,0.0028044485370628536
927,0.9810808539390564
928,0.9996314644813538
929,0.9997586727142334
930,0.9995929837226868
931,0.9997542262077331
932,0.017340588895604015
933,0.0006080616876715794
934,2.9191534304118248e-05
935,7.248636866279412e-05
936,1.0009070865635295e-05
937,0.13709684945642947
938,0.9987493753433228
939,0.00016880213661352172
940,0.9965729713439941
941,9.635323053203137e-07
942,0.9945514798164368
943,0.9999880313873291
944,0.9999382615089416
945,0.0003183583314239513
946,2.1226516901151625e-05
947,0.12381463944911957
948,0.9992680191993714
949,1.871156619017711e-05
950,1.4861149315947841e-05
951,0.0010279660113155843
952,0.9984333038330078
953,0.999875831604004
954,0.0007063004275551065
955,0.048207538574934004
956,0.011033351114019752
957,9.651571008362226e-06
958,0.001274985441705212
959,0.9612027406692505
960,0.9990270495414734
961,0.00012662020162679255
962,0.9999620914459229
963,0.9999759912490844
964,0.9999034762382507
965,1.387161264574388e-05
966,0.9793118953704834
967,9.707490357868665e-06
968,1.768264073689352e-05
969,1.4774862211197615e-05
970,0.003295575373340398
971,0.0007296256953850389
972,0.0001567108054587152
973,9.121445458504241e-07
974,0.9644609808921814
975,0.9997849583625793
976,0.5341214418411255
977,8.747932656660851e-06
978,0.9924151778221131
979,5.7293255395052254e-06
980,1.4282206211646554e-05
981,0.999953317642212
982,3.174493549522595e-05
983,0.9996383786201477
984,0.999897575378418
985,5.9452036680340825e-06
986,0.9999945878982544
987,1.0919469787040725e-05
988,0.0003006867518706713
989,0.9996562242507935
990,0.742592042684555
991,8.443922865808418e-06
992,0.9851939678192139
993,0.999823796749115
994,0.99502534866333
995,6.551330216097995e-06
996,0.9999563932418823
997,0.00015234236634569242
998,0.9857364416122436
999,4.434606898939819e-05
1000,0.9997274279594421
1001,0.0010240702627925201
1002,0.99994375705719
1003,0.0009138803870882839
1004,0.00033504308594274336
1005,0.04276134604588151
1006,1.1500360642457963e-05
1007,0.004052056826185435
1008,0.00010329247488698457
1009,0.0020454412093386053
1010,0.9741236448287964
1011,0.0006342896987916902
1012,0.9999700069427491
1013,0.00016803440885269084
1014,0.9988585829734802
1015,0.00020355435626697726
1016,0.36478906571865083
1017,7.227127098303754e-05
1018,0.00021824138311785646
1019,0.8282798647880554
1020,0.0005159394495422021
1021,0.9999975681304931
1022,0.2047329932451248
1023,4.571372926420736e-06
1024,0.04066440155729652
1025,9.526276917313226e-05
1026,0.9996079206466675
1027,5.407949018376712e-07
1028,0.9997070789337158
1029,0.8877383232116699
1030,0.9982418537139892
1031,0.9999607563018799
1032,0.5766716778278351
1033,0.0007612437737407162
1034,1.204429063363932e-05
1035,0.1280954111367464
1036,7.549245347036049e-05
1037,0.9991925716400146
1038,0.9998326063156128
1039,0.0008907866460504011
1040,3.803940751367918e-06
1041,0.004551074746996164
1042,0.9999544143676757
1043,5.660717374667002e-06
1044,0.9992869377136231
1045,0.674926221370697
1046,0.0019882008724380284
1047,5.070173767762754e-06
1048,3.947776458517183e-05
1049,0.007605685014277696
1050,0.000152103749132948
1051,0.026447093486785887
1052,0.9732858657836914
1053,0.05395202822983265
1054,0.0001410324803146068
1055,0.9994786977767944
1056,7.058581388719176e-07
1057,0.99996018409729
1058,0.9690993905067444
1059,0.00020029656370752492
1060,1.483436328442167e-07
1061,0.9696597456932068
1062,0.9999901533126831
1063,1.0756416713775252e-05
1064,1.9639271795313106e-05
1065,0.9998263716697693
1066,0.9999831199645997
1067,0.9999906301498414
1068,0.9983684301376343
1069,0.004779588873498141
1070,0.812921941280365
1071,0.9898292541503906
1072,4.096323282283265e-05
1073,0.9987617492675781
1074,8.972318983069272e-06
1075,3.4570569187053477e-05
1076,7.778582021273905e-05
1077,0.9760053157806396
1078,0.042578833363950255
1079,0.00020634085303754545
1080,9.562224067849457e-06
1081,1.7418795050616608e-05
1082,0.0014060701709240676
1083,0.9998223185539246
1084,0.00019211641774745657
1085,0.9949615955352783
1086,0.9993844151496887
1087,0.9953978419303894
1088,0.9991194009780884
1089,0.00013148850412108003
1090,0.9999901294708252
1091,0.00014618853128922638
1092,5.155512667442963e-07
1093,0.9998204350471497
1094,0.00010751480731414631
1095,8.428985202044715e-05
1096,0.9981355905532837
1097,0.1488540768623352
1098,0.00029997712117619814
1099,0.9996688842773438
1100,0.9990094304084778
1101,0.002597461559344083
1102,0.99999840259552
1103,0.9999949932098389
1104,0.9996617317199707
1105,0.9998143315315247
1106,0.9999221801757813
1107,0.00018311554449610413
1108,0.9995326995849609
1109,0.9991753816604614
1110,0.0001395151255564997
1111,0.7149144411087036
1112,0.9999958992004394
1113,0.9998877644538879
1114,3.183018216077471e-05
1115,5.543087581827422e-06
1116,3.183533663104754e-05
1117,0.0005928553975536488
1118,0.9998740673065185
1119,0.9957276463508606
1120,0.002429848397150636
1121,9.470041050008149e-06
1122,0.9998523950576782
1123,0.9967015743255615
1124,0.999989652633667
1125,0.9886629462242127
1126,0.9998595118522644
1127,0.999650490283966
1128,0.02636433597654104
1129,0.0002760433082585223
1130,0.0532543770968914
1131,0.00029074937410769055
1132,0.7716222405433655
1133,0.9074738502502442
1134,0.9965987920761108
1135,0.0006444524769904092
1136,0.9999168753623963
1137,3.5161595224053596e-05
1138,0.0004749441854073666
1139,5.7129965171043295e-05
1140,0.00016131854354171083
1141,0.9994609117507934
1142,0.6598293244838714
1143,0.0011537637386936695
1144,0.9935782432556153
1145,0.00013453096908051522
1146,0.0008156592899467796
1147,7.802081727277254e-05
1148,0.997745418548584
1149,0.9938772797584534
1150,0.0005395894258981571
1151,0.6205334961414337
1152,0.9997954368591309
1153,2.959295539284312e-07
1154,0.000137451518457965
1155,0.9998037457466126
1156,0.0004895151039818301
1157,0.09614796638488769
1158,5.678807553977095e-07
1159,0.996645700931549
1160,0.9981619119644165
1161,0.00025901950139086696
1162,0.9971618413925171
1163,0.00019864113855874165
1164,0.9641117334365845
1165,4.425509678185335e-06
1166,0.0001614795626665
1167,0.9998619318008423
1168,0.0002719379190239124
1169,0.9993936777114868
1170,0.9689976096153259
1171,7.27162625935307e-06
1172,0.9997642636299133
1173,0.9998541355133057
1174,0.0011686454148730264
1175,1.3630690227728337e-05
1176,0.9997542977333069
1177,3.262304435338592e-05
1178,0.9999910116195678
1179,0.9710153937339783
1180,0.9990723371505738
1181,0.0011222376837395132
1182,0.005890102940611541
1183,0.0004853010759688914
1184,0.9999766826629639
1185,0.07314957603812218
1186,0.9992434024810791
1187,0.0005704814524506219
1188,5.487201838150213e-06
1189,3.191728392266668e-05
1190,0.9999488830566406
1191,0.9993876099586487
1192,0.9091708183288574
1193,0.9997697353363038
1194,0.0013627291424199938
1195,0.9964421987533569
1196,0.37159926891326905
1197,0.9939686298370362
1198,0.0003451599332038313
1199,0.001548950103460811
1200,0.8617774963378906
1201,0.000794514047447592
1202,0.9960883378982544
1203,0.010407832358032465
1204,0.998854112625122
1205,0.9996975660324097
1206,0.9982056260108948
1207,2.1801853017677784e-05
1208,0.9998664140701294
1209,0.9990814447402954
1210,0.0005865771207027137
1211,0.9997710227966309
1212,0.7814904093742371
1213,5.9692627473850735e-05
1214,0.9936035633087158
1215,0.1286725267767906
1216,3.587645533116301e-05
1217,0.9999449014663696
1218,5.657323015384464e-07
1219,3.5355180557417042e-06
1220,5.576524586103915e-06
1221,0.9999038100242614
1222,0.9995357394218445
1223,4.914081855531549e-05
1224,0.9990877151489258
1225,0.9940483570098877
1226,0.9998800873756408
1227,0.9998737692832946
1228,0.0021469984843861313
1229,0.9420530676841736
1230,0.9994141340255738
1231,6.042895037694507e-07
1232,0.9999169826507568
1233,0.9991898894309997
1234,2.9279195643994173e-06
1235,0.9913172721862793
1236,0.0001808135501050856
1237,0.5816454291343689
1238,0.9999176859855652
1239,0.9736403107643128
1240,0.031015481892973186
1241,0.9994169712066651
1242,0.9998570919036865
1243,3.7302947930584196e-05
1244,0.99937903881073
1245,0.32524887323379514
1246,0.9997076630592346
1247,0.9999779224395752
1248,0.12452712059020996
1249,2.317635571671417e-05
1250,0.000684753802488558
1251,0.9684403300285339
1252,5.701597110601142e-05
1253,2.2912110580364242e-05
1254,0.00015447149344254284
1255,0.9995211362838745
1256,0.00018507164713810198
1257,2.4879502052499448e-05
1258,0.9999441623687744
1259,0.9999700784683228
1260,0.016101589240133763
1261,0.0009123681418714113
1262,1.3870762131773518e-06
1263,0.04267460275441408
1264,0.0016169872949831187
1265,4.017957571988973e-07
1266,0.999951696395874
1267,0.7604408383369445
1268,0.0006312842888291925
1269,0.000533905960037373
1270,0.9959114789962769
1271,3.779316248255782e-05
1272,0.999382758140564
1273,6.437986606044888e-07
1274,0.9999773025512695
1275,0.9999231100082397
1276,7.091817460604943e-05
1277,0.999998927116394
1278,3.735308346222155e-05
1279,0.0011796293954830616
1280,0.999914538860321
1281,0.9984362721443176
1282,0.9990358948707581
1283,0.006314252549782395
1284,0.0002500286340364255
1285,5.168213579054281e-06
1286,7.614483160978125e-06
1287,0.9993746161460877
1288,0.007577437115833164
1289,0.0005163588255527429
1290,0.0004849015094805509
1291,0.0015944181301165371
1292,0.0021432843088405205
1293,0.9910926222801208
1294,0.0002800878981361166
1295,0.9999455451965332
1296,0.9999848127365112
1297,0.9981417775154113
1298,0.9969206690788269
1299,0.9945908188819885
1300,0.9999507188796997
1301,9.983772106352262e-05
1302,0.005110400472767651
1303,0.9999813795089721
1304,0.9981639742851257
1305,0.9999331593513489
1306,0.00021184839424677194
1307,0.00022291504428721963
1308,0.9996645092964173
1309,0.0001693869344308041
1310,0.9998364448547363
1311,0.00014948231546441093
1312,0.9982039213180542
1313,0.9999207854270935
1314,0.9996873497962951
1315,9.539182101434563e-05
1316,2.8970859784749336e-05
1317,8.76634232554352e-05
1318,0.9421257853507996
1319,0.9865988373756409
1320,0.999947452545166
1321,0.9999146580696106
1322,0.9981091141700744
1323,0.00013020058104302735
1324,0.999998950958252
1325,0.9992734551429748
1326,0.9980812549591065
1327,0.0038801660353783517
1328,6.301691155385925e-05
1329,0.9997244954109192
1330,0.0005181738073588349
1331,0.000518069947429467
1332,1.965119240594504e-05
1333,0.822315001487732
1334,0.001036594097968191
1335,0.00035053051542490723
1336,0.0021988503402099015
1337,0.9992818593978882
1338,0.999277126789093
1339,0.9999864816665649
1340,7.598154616061947e-06
1341,0.0003716046630870551
1342,0.7428308427333832
1343,0.993896484375
1344,1.9883880320037406e-07
1345,0.03615389671176672
1346,2.080935502135617e-06
1347,0.9999495267868042
1348,0.999765133857727
1349,0.999859094619751
1350,1.9397862070036352e-05
1351,0.9702932238578796
1352,0.22467034459114074
1353,0.00026854815150727517
1354,0.9996038317680359
1355,2.231440421383013e-05
1356,0.9971773505210877
1357,0.0008985722495708614
1358,8.158688033290673e-05
1359,0.9992079257965087
1360,1.2151322880527005e-05
1361,0.9996089100837707
1362,0.9999720096588135
1363,0.9999714851379394
1364,0.998827862739563
1365,0.00328622804954648
1366,0.0013285723514854908
1367,0.9971458077430725
1368,2.0793557879983383e-07
1369,0.0019487221608869732
1370,0.0039530180743895475
1371,0.9999864578247071
1372,0.9906427145004273
1373,2.1427286640118835e-06
1374,0.0002563987160101533
1375,0.9972639918327332
1376,0.8883301734924316
1377,0.999919331073761
1378,0.7202980637550354
1379,4.316004597058054e-05
1380,0.9991429090499878
1381,6.743839257978834e-05
1382,0.9979956865310669
1383,6.056457496015355e-05
1384,0.9999810934066773
1385,0.00011372281405783725
1386,0.004277661698870361
1387,0.002727785217575729
1388,0.14766017571091652
1389,0.9998965740203858
1390,0.0004978795972419902
1391,0.0007278647914063186
1392,0.9796602010726929
1393,0.0007588277600007132
1394,0.3364932298660278
1395,2.4714203937037384e-05
1396,0.002250608871690929
1397,0.9998776197433472
1398,0.9982724905014038
1399,0.998553478717804
1400,0.0003674929816043004
1401,4.620869572136144e-06
1402,0.9976650714874268
1403,0.0001615091594430851
1404,0.9994870662689209
1405,0.00010813281915034167
1406,0.9999892234802246
1407,0.9148194074630738
1408,0.00013882141429348848
1409,0.9993898630142212
1410,0.9919220924377441
1411,9.464481172472005e-06
1412,0.04862359492108226
1413,0.9976649761199952
1414,0.9999751091003418
1415,0.0053520421497523785
1416,0.008740735612809658
1417,0.9937392234802246
1418,9.374861770083953e-06
1419,8.548396976948425e-06
1420,0.0017182836949359626
1421,0.9997920513153076
1422,0.9261993765830994
1423,1.094082230110871e-05
1424,0.00017647308341111055
1425,5.73651966988109e-05
1426,0.9999807834625244
1427,0.9999725103378296
1428,0.9999951362609864
1429,0.9949807405471802
1430,8.366764996026177e-05
1431,0.9999749422073364
1432,0.9249325752258301
1433,0.0012984100671019406
1434,3.933336120098829e-05
1435,0.9649709463119507
1436,0.999365770816803
1437,0.0024900246993638576
1438,0.9888704180717468
1439,0.9994879961013794
1440,0.002438069472555071
1441,0.9927306175231934
1442,6.037864040990826e-05
1443,0.9991206169128418
1444,1.321980385000643e-05
1445,0.9536039590835571
1446,0.9990121245384216
1447,0.012200742773711682
1448,7.081722947077651e-06
1449,0.9977935194969177
1450,0.9999735832214356
1451,0.7626142024993896
1452,0.0016756928933318704
1453,0.0016512144182343036
1454,0.9997542262077331
1455,0.999905264377594
1456,0.9998700618743896
1457,0.0034501821035519244
1458,0.9999453544616699
1459,0.9994334936141968
1460,0.9999896287918091
1461,0.9958141446113586
1462,0.0024424986680969597
1463,5.478565799421631e-06
1464,0.11697430610656738
1465,0.9985505700111389
1466,7.02562854826283e-07
1467,0.00036001972621306776
1468,0.00011416586567065678
1469,0.9998024225234985
1470,0.999402892589569
1471,0.9783370614051818
1472,0.998183274269104
1473,0.0006556645821547136
1474,4.555012674245518e-05
1475,0.00022821962702437303
1476,5.539523990591988e-05
1477,0.9995152592658997
1478,0.00021902674779994413
1479,8.487911577503837e-06
1480,4.179949445415332e-06
1481,0.9996024370193481
1482,0.002068075560964644
1483,0.9940093040466309
1484,0.9998910546302795
1485,0.9987592935562134
1486,1.676345991654671e-05
1487,0.9998767733573913
1488,0.9157936096191406
1489,0.9999775648117065
1490,0.016074195597320796
1491,0.9999258756637573
1492,0.09166224934160709
1493,0.9976678252220154
1494,0.9975991249084473
1495,0.9956390738487244
1496,0.00019350405636942014
1497,0.9925687789916993
1498,0.0008751326735364273
1499,1.61740922521858e-05
1500,0.9994069457054138
1501,0.01858091037720442
1502,6.5792517261797915e-06
1503,0.992552924156189
1504,0.9997805595397949
1505,0.21185496747493743
1506,0.56367626786232
1507,4.3011533392700583e-07
1508,0.9999695062637329
1509,0.016462102555669843
1510,0.0018353737832512707
1511,0.003852183185517788
1512,0.9995811223983765
1513,0.9996504426002503
1514,0.9996357202529907
1515,0.9999675035476685
1516,3.6120902336733706e-06
1517,0.9995360970497131
1518,0.00012287803110666573
1519,0.9920618414878846
1520,0.9999759912490844
1521,0.9953750967979431
1522,0.9999997615814209
1523,0.9960128545761109
1524,0.9999792814254761
1525,0.0002562247565947473
1526,9.792175696929917e-05
1527,0.0007567404536530375
1528,1.804451585485367e-05
1529,0.9999300956726074
1530,5.95344139583176e-05
1531,0.998586916923523
1532,0.0009332067682407796
1533,0.9997803926467895
1534,0.03627133844420314
1535,2.5610296052036575e-05
1536,0.004004831472411752
1537,0.9994056105613709
1538,0.9999941825866699
1539,1.970070883317021e-06
1540,0.9262223720550538
1541,0.9954141139984131
1542,0.013058331049978732
1543,0.3844964444637299
1544,0.9737028241157532
1545,0.6967376291751861
1546,0.00011055758768634405
1547,0.9999958992004394
1548,1.55579966303776e-05
1549,3.865800874791603e-06
1550,5.883830795028189e-06
1551,7.042243541945936e-05
1552,0.06852233782410622
1553,0.9998250484466553
1554,0.986817228794098
1555,9.897134623315651e-05
1556,0.9991164445877075
1557,4.671629430959001e-05
1558,0.0015833935816772283
1559,4.4049091593478805e-05
1560,3.818466734628601e-06
1561,0.9999666213989258
1562,1.4732038289366756e-05
1563,0.9999996900558472
1564,0.9999351739883423
1565,0.9914880871772767
1566,8.048905365285464e-05
1567,0.998896324634552
1568,1.3242482296504932e-06
1569,0.04498360380530357
1570,8.343787922058255e-05
1571,1.0705727754611872e-05
1572,0.999869966506958
1573,0.997908616065979
1574,0.012423388799652458
1575,6.35826560028363e-05
1576,7.643032949999906e-05
1577,2.180334267904982e-05
1578,2.401833153271582e-05
1579,0.9971795916557312
1580,0.9909928321838379
1581,0.992731773853302
1582,5.597981817118125e-05
1583,0.9891704201698304
1584,0.9981959462165833
1585,3.1720552669867175e-05
1586,0.00014330148242152062
1587,0.000515821686713025
1588,3.505407185002696e-05
1589,0.999926495552063
1590,0.0037970382953062655
1591,0.999814760684967
1592,0.9999923944473267
1593,0.014214957412332297
1594,0.03757875617593527
1595,0.012337376549839973
1596,0.8190792202949524
1597,0.14312877133488655
1598,7.475407692254521e-05
1599,0.9832404732704163
1600,0.00022937989560887218
1601,0.9944508075714111
1602,0.9998754024505615
1603,0.9994376301765442
1604,6.411977346942877e-06
1605,6.051536965969717e-05
1606,0.6312951147556305
1607,0.9968072772026062
1608,0.19914785772562027
1609,7.751764969725628e-05
1610,0.9004650950431824
1611,0.009801001567393542
1612,0.9999845027923584
1613,0.9931341648101807
1614,0.999855387210846
1615,3.060126522314022e-06
1616,0.9361493110656738
1617,5.417908516847092e-06
1618,0.9992882490158081
1619,0.9978296041488648
1620,3.123348669760162e-05
1621,1.923974687088048e-05
1622,0.9991473913192749
1623,3.8243728522502354e-05
1624,0.9976885676383972
1625,0.9994819402694702
1626,0.99994375705719
1627,0.3142095446586609
1628,0.9892033219337464
1629,0.9997885823249817
1630,0.9999995231628418
1631,0.0009093288274016232
1632,0.9961560368537903
1633,0.0009771515848115086
1634,4.87190197873133e-06
1635,4.716172372809524e-06
1636,0.9963156580924988
1637,4.346539230937196e-06
1638,1.0378792649134993e-05
1639,0.9995234131813049
1640,0.0023605051974300295
1641,6.77880147122778e-05
1642,0.9927774906158447
1643,0.9992375493049621
1644,0.9977840662002564
1645,0.9997421622276306
1646,0.0009224996902048588
1647,0.0005087967205327004
1648,0.0007842760503990575
1649,0.9941239476203918
1650,0.9998071908950805
1651,0.9994156241416932
1652,6.525514418171951e-05
1653,0.00010290830687154084
1654,0.9957049369812012
1655,0.0004883090150542557
1656,0.9999501705169678
1657,0.00024028978805290535
1658,0.9999324679374695
1659,0.9994775533676148
1660,0.9994831919670105
1661,0.00013304443273227663
1662,0.9994829058647156
1663,0.9996125340461731
1664,0.0002720699638302904
1665,0.8803844928741456
1666,0.9974563717842102
1667,0.00013227824529167266
1668,0.0519213542342186
1669,0.9999888181686402
1670,0.0003114652317890432
1671,1.2722026781375461e-06
1672,0.9987699151039123
1673,0.36250793635845185
1674,0.14865809231996535
1675,0.00010047536925412714
1676,0.0006033278594259172
1677,0.0024501525680534542
1678,0.9999835014343261
1679,0.9889621138572693
1680,0.002133385027991608
1681,0.02564901628065854
1682,0.29722519069910047
1683,0.9973645806312561
1684,0.0020144800655543804
1685,1.4249820105760591e-05
1686,0.022266690991818903
1687,0.9980090618133545
1688,0.9999955654144287
1689,0.9920964241027832
1690,0.07198684532195329
1691,0.00046275966451503336
1692,0.929689359664917
1693,0.9996848821640014
1694,0.9992988586425782
1695,0.99807767868042
1696,0.0014149504015222192
1697,0.9998936295509339
1698,0.9978530764579773
1699,0.3712911531329155
1700,0.00026309505628887566
1701,0.013454429805278778
1702,7.451218843925744e-05
1703,0.999602484703064
1704,0.9998983263969421
1705,0.007419838034547865
1706,3.733343237399822e-05
1707,0.9997764468193054
1708,0.9999910116195678
1709,0.9991647481918335
1710,0.997665011882782
1711,0.9997298121452332
1712,0.9910942554473877
1713,0.9999860525131226
1714,0.9860077857971191
1715,0.0008053208817727864
1716,4.300853397580795e-05
1717,0.9999524831771851
1718,0.9998745322227478
1719,0.6425756394863129
1720,0.999617075920105
1721,0.0005464944755658507
1722,0.9846829056739808
1723,0.9999434232711792
1724,0.998151695728302
1725,0.0009788026800379157
1726,0.9994086503982544
1727,0.9988152623176575
1728,8.686813157510186e-06
1729,0.9990053415298462
1730,3.384316787560238e-05
1731,0.3368681788444519
1732,0.9997883081436157
1733,0.0010103912674821914
1734,0.0003058400237932801
1735,0.0002629858317959588
1736,1.2639611739473368e-07
1737,0.9860868453979492
1738,0.9999490737915039
1739,0.9964996933937073
1740,0.9994143366813659
1741,0.9999679088592529
1742,8.766032551648096e-05
1743,3.399433944650809e-06
1744,0.987473464012146
1745,0.9952481031417847
1746,0.00235723516670987
1747,0.08813642635941506
1748,0.5571904063224793
1749,0.6812164843082428
1750,0.002432820887770504
1751,5.747777540818788e-05
1752,0.9886579751968384
1753,0.0011821262363810093
1754,0.9953191399574279
1755,0.9999590873718261
1756,0.00016345916228601708
1757,0.9999967336654663
1758,0.9811809182167053
1759,0.997956371307373
1760,0.0016679323860444128
1761,0.006017605878878385
1762,4.098367853657692e-05
1763,0.00018765866043395362
1764,0.4671026080846786
1765,0.999887228012085
1766,0.033090831339359285
1767,0.9992641091346741
1768,0.0002238986882730387
1769,0.9689005136489868
1770,0.999959135055542
1771,0.9986292362213135
1772,0.995245099067688
1773,0.00019605987035902216
1774,0.5967891037464141
1775,0.9993863940238953
1776,0.9996983766555786
1777,0.999386727809906
1778,8.837195707656065e-07
1779,1.3674850379175041e-05
1780,9.296948428527685e-06
1781,0.002649805205874145
1782,0.9999806165695191
1783,0.0025431605870835485
1784,0.16813960820436477
1785,0.9998739242553711
1786,2.1620336974592645e-05
1787,0.0014363168273121118
1788,0.9975346684455871
1789,0.06831915900111199
1790,0.9954492449760437
1791,1.5314876236516284e-05
1792,0.0020246609346941113
1793,0.9955129384994507
1794,4.946672459027468e-06
1795,0.26080711781978605
1796,0.9804587364196777
1797,1.751013309103655e-06
1798,0.9998937845230103
1799,3.0997580324765295e-05
1800,0.9995943546295166
1801,1.2874149007302548e-06
1802,2.2149311644170665e-05
1803,7.310685159609421e-05
1804,0.9997219204902649
1805,0.9996630191802979
1806,0.00651028766296804
1807,7.524591808305559e-07
1808,0.9989120125770569
1809,7.627842696820153e-05
1810,0.35251963436603545
1811,0.00015109512969502248
1812,0.9999606609344482
1813,0.0014648219046648591
1814,0.0020747729926370085
1815,0.0018120638560503721
1816,1.6746194114602984e-05
1817,0.9953460097312927
1818,0.0029467156622558833
1819,0.9999526977539063
1820,0.005691819766070694
1821,0.999769103527069
1822,0.9999902486801148
1823,0.9968630790710449
1824,0.0034445201861672105
1825,0.7108120799064637
1826,0.9945353746414185
1827,2.9308271862760196e-07
1828,0.0015024825086584314
1829,0.9991419553756714
1830,0.11859656795859337
1831,0.999035096168518
1832,0.9996416211128235
1833,0.00014422865388041828
1834,0.9999717473983765
1835,0.9998721241950989
1836,0.0003500894526951015
1837,0.969057583808899
1838,0.9996041178703308
1839,0.000655185071809683
1840,0.00024269187415484338
1841,6.022240995662287e-05
1842,0.9999229192733765
1843,6.3323304857476614e-06
1844,0.9999958276748657
1845,4.8227422485069835e-05
1846,0.00014857890710118227
1847,0.8225082635879517
1848,0.9989227414131164
1849,0.012597649893723428
1850,0.9999617815017701
1851,0.9977216958999634
1852,0.9966271996498108
1853,9.550202339596581e-05
1854,0.001064963237149641
1855,1.525296096360762e-06
1856,0.00010834944332600571
1857,0.09630589373409748
1858,0.0001882050055428408
1859,0.999128806591034
1860,0.0007108546997187659
1861,1.2177406779301236e-05
1862,0.9969943046569825
1863,0.9765216946601868
1864,0.004355247993953526
1865,0.9990105509757996
1866,1.4884735355735756e-05
1867,0.9999375820159913
1868,0.0006082744803279638
1869,0.42918758690357206
1870,0.03398131914436817
1871,8.671217219671234e-05
1872,0.9994877696037292
1873,0.999168050289154
1874,0.9944743990898133
1875,0.0006152623624075204
1876,0.9944859743118286
1877,0.00014868754551571327
1878,0.9998738884925842
1879,0.00014429397706408053
1880,0.5182777896523476
1881,0.9999021649360657
1882,0.9923543453216552
1883,0.00866463608108461
1884,0.9984318614006042
1885,0.9999996662139893
1886,0.9997941017150879
1887,2.9818909570167307e-05
1888,0.0005542555125430226
1889,0.35446897745132444
1890,0.999764335155487
1891,0.9997044324874877
1892,0.00039875688671600076
1893,0.9765115976333618
1894,0.9999588966369629
1895,0.9987511396408081
1896,0.9839085459709167
1897,0.32944809794425967
1898,0.9931058764457703
1899,0.9917139530181884
1900,0.005140406102873385
1901,0.3650630682706833
1902,0.9916930317878723
1903,0.9998445987701416
1904,0.0002745132711424958
1905,0.9993799686431885
1906,0.4922064781188965
1907,0.9971746921539306
1908,1.4027114502823679e-05
1909,0.4293816342949867
1910,0.9996947407722473
1911,0.000970972707727924
1912,2.1481856401805997e-05
1913,0.951966392993927
1914,0.999496591091156
1915,0.9999433040618897
1916,0.003138036816380918
1917,0.00016243173304246737
1918,0.999866247177124
1919,0.9995746731758117
1920,0.20643975660204889
1921,0.9963276147842407
1922,4.367272958916146e-05
1923,0.20022596120834352
1924,0.9997058391571045
1925,0.9929752945899963
1926,0.9999550342559814
1927,0.0004366431065136567
1928,0.9996947884559632
1929,0.9842261791229248
1930,0.0031387505354359747
1931,0.32347752451896666
1932,0.0010504442674573512
1933,0.00013675344816874713
1934,0.999985146522522
1935,0.9974149465560913
1936,2.0711333036160795e-05
1937,0.9999901056289673
1938,0.00022356872650561855
1939,0.0010112815158208831
1940,0.00025226229045074435
1941,0.9987515568733215
1942,0.9999780893325806
1943,0.9920773386955262
1944,0.9796322107315063
1945,0.9991323113441467
1946,0.9987900495529175
1947,0.9998096942901611
1948,1.5120597436180105e-05
1949,0.010578365763649344
1950,0.018246036674827337
1951,0.0009606727748177945
1952,0.9962894916534424
1953,0.8968549370765686
1954,0.9631065130233765
1955,0.9999080777168274
1956,0.999773383140564
1957,0.9976607322692871
1958,0.9997703909873963
1959,7.788069178786828e-05
1960,0.9803847312927246
1961,2.778757493615558e-05
1962,0.9998927235603332
1963,0.0011214642319828272
1964,0.9997534036636353
1965,0.0003074764739722013
1966,0.9878150343894958
1967,0.9998613834381104
1968,0.1042154636234045
1969,0.9632638692855835
1970,1.05994973154111e-07
1971,0.9999879837036133
1972,0.9995126247406005
1973,0.9946429252624511
1974,0.9872708797454834
1975,0.9884630918502808
1976,0.01073837373405695
1977,0.9854535579681396
1978,0.0004942722065607086
1979,2.8931158431078076e-05
1980,0.9999971151351928
1981,0.00038982049736659976
1982,0.00011570516944630072
1983,0.9996730089187622
1984,3.59043559001293e-05
1985,0.9920989394187927
1986,0.9989344835281372
1987,0.07310135178267956
1988,3.158397257720935e-05
1989,0.9999345660209655
1990,0.9999791860580445
1991,0.0003724884241819382
1992,1.2797834688171861e-05
1993,0.9999611377716064
1994,0.9979406714439392
1995,0.6176463186740875
1996,0.0005579913646215573
1997,0.002410000000963919
1998,1.7810223926062464e-05
1999,0.00021217252797214314
2000,0.9704360008239746
2001,0.9999839782714843
2002,0.0007584153878269717
2003,5.7200389619538324e-06
2004,0.9999840021133423
2005,0.9971956372261047
2006,6.325446292976267e-07
2007,2.4967820252186356e-06
2008,0.002898014464881271
2009,0.9999869346618653
2010,0.0006634969118749723
2011,0.9982704281806946
2012,0.9994184732437134
2013,0.9999952554702759
2014,3.101204902122845e-06
2015,0.00042000123648904263
2016,4.5465597213478756e-05
2017,0.9997975945472717
2018,0.9993893265724182
2019,2.1303630546753995e-06
2020,2.6997302120435053e-05
2021,0.00030672143839183263
2022,0.9942201018333435
2023,0.0022102435876149686
2024,0.9590462446212769
2025,1.5944352389851703e-05
2026,7.440810719572255e-07
2027,5.4209008794714464e-05
2028,0.0003674979307106696
2029,0.9995591282844544
2030,0.007755892816931009
2031,0.9958418488502503
2032,0.1005993964150548
2033,2.45506246756122e-05
2034,0.9993717432022095
2035,0.017670446960255503
2036,0.00011682392323564272
2037,0.0041298872325569395
2038,0.0032861174317076803
2039,0.00014269808598328383
2040,0.9998818397521972
2041,0.9999508380889892
2042,0.0002612891970784403
2043,0.9998633861541748
2044,0.9999446630477905
2045,0.3895118862390518
2046,3.356596735102357e-05
2047,1.1982289333900552e-05
2048,0.0009574657364282757
2049,0.9999272108078003
2050,0.9959899425506592
2051,0.9905040621757507
2052,0.005752499401569367
2053,0.9970850229263306
2054,0.0017603435553610325
2055,0.9999892950057984
2056,8.472777699353173e-05
2057,2.0668313663918524e-05
2058,0.0006939206883544103
2059,6.955199914955301e-05
2060,0.010433806292712688
2061,0.944894802570343
2062,2.338634921272842e-07
2063,0.8975903034210205
2064,0.08800354078412057
2065,3.1154723819781795e-05
2066,0.9982486844062806
2067,0.0024483192362822594
2068,7.0152747184693e-07
2069,0.9998729348182678
2070,0.016731564700603486
2071,0.9998959541320801
2072,0.9998731851577759
2073,5.504266082425602e-05
2074,0.14645471572875976
2075,0.0015747294120956213
2076,0.9999231934547425
2077,1.562808870403387e-05
2078,0.992718231678009
2079,4.326859807406436e-05
2080,0.9999981164932251
2081,0.00500286027090624
2082,0.0006402480052202008
2083,7.097840898495633e-05
2084,1.975688746824744e-05
2085,2.1703956326746267e-05
2086,0.9993130445480347
2087,0.9999943256378174
2088,9.926288021233631e-05
2089,0.9902599692344666
2090,0.9999816179275512
2091,5.0668300355027894e-05
2092,0.9999291062355041
2093,0.9996950387954712
2094,0.00011178452405147254
2095,0.9985818982124328
2096,0.9994773507118225
2097,0.9996710300445557
2098,0.9998983025550843
2099,0.9999895811080932
2100,3.906446872861125e-05
2101,0.20449263602495193
2102,3.2134094453795113e-06
2103,0.00027760361699620263
2104,5.024135884923453e-06
2105,2.26206464049028e-06
2106,0.9998072504997253
2107,1.2223798080412962e-06
2108,0.6039426803588868
2109,0.00026807411340996624
2110,0.9998624324798584
2111,0.989552664756775
2112,0.9972527861595154
2113,0.9999868392944335
2114,0.0002857011597370729
2115,0.003370435698889196
2116,0.9942858576774597
2117,1.1060032375098671e-05
2118,1.9010669097951906e-05
2119,0.9925707817077637
2120,0.9979239583015442
2121,0.9999702453613282
2122,0.01590515663847327
2123,0.9995527625083923
2124,6.78620515827788e-05
2125,0.9992821335792541
2126,0.999949598312378
2127,0.9525171160697937
2128,0.0012534958776086568
2129,0.9973347663879395
2130,0.01109722163528204
2131,0.020421447604894637
2132,3.787088382978254e-06
2133,0.5502295613288879
2134,0.9999706983566284
2135,0.9993635535240173
2136,0.9998911023139954
2137,0.0001284227408177685
2138,0.00032007449117372745
2139,0.2685000762343407
2140,4.2093528122677524e-06
2141,0.9995649933815003
2142,0.9998806118965149
2143,3.4124463521578716e-08
2144,2.1899552393733757e-06
2145,0.9987695932388305
2146,0.06288004629313945
2147,0.9999212861061096
2148,7.083066998347931e-06
2149,2.0131747578489013e-05
2150,0.0031691625597886743
2151,1.3776999276160496e-05
2152,0.14844946190714836
2153,0.0013949186482932418
2154,0.9996562004089355
2155,0.9999575614929199
2156,0.9999433755874634
2157,1.1889153620359139e-05
2158,0.0003419349333853461
2159,0.9998237729072571
2160,1.2797490740013018e-05
2161,0.9998422265052795
2162,1.251209596375702e-05
2163,0.3230717688798904
2164,0.9999345779418946
2165,0.0011410312727093697
2166,0.9999881029129029
2167,1.1100517622253391e-05
2168,0.9999924659729004
2169,3.4455113927833735e-05
2170,0.9998565912246704
2171,0.0012636248582566622
2172,9.734571926856006e-06
2173,0.9999934911727906
2174,0.9974162697792053
2175,2.6501751563046128e-05
2176,6.725928255946201e-06
2177,0.14081355817615987
2178,1.115941072384885e-05
2179,9.122774481511442e-05
2180,0.00034034524869639424
2181,0.9387881994247437
2182,0.9987843275070191
2183,0.9998377680778503
2184,0.9991740584373474
2185,0.9998730897903443
2186,0.9088097095489502
2187,0.00031286046214518137
2188,0.9999711990356446
2189,0.00013093825291434768
2190,0.9994521737098694
2191,0.9996707320213318
2192,0.8524365782737732
2193,0.0023634152370505036
2194,1.401479769924663e-06
2195,0.0633681796491146
2196,0.9990172863006592
2197,2.9317767348402414e-05
2198,2.9021866066614165e-05
2199,1.170523196378781e-05
2200,0.9995741963386535
2201,0.3511796653270721
2202,0.998872184753418
2203,0.9884105920791626
2204,0.9998733282089234
2205,0.9996283173561096
2206,0.7144854843616486
2207,2.674586710327276e-06
2208,0.04728870345279575
2209,3.0390653319045668e-05
2210,0.00036317530466476453
2211,0.2852374404668808
2212,0.3902141898870468
2213,9.567483903083485e-06
2214,0.967025351524353
2215,0.0002409264852758497
2216,2.199734331043146e-06
2217,0.0003538893011864275
2218,0.0002768779857433401
2219,6.121520927990787e-05
2220,0.00024727267591515554
2221,0.0005041289055952803
2222,0.8847081303596497
2223,2.996345101564657e-05
2224,8.060339059738908e-05
2225,0.04307322595268488
2226,7.965308691382234e-06
2227,0.9981415748596192
2228,0.0018324434873647987
2229,7.273832807186409e-06
2230,2.0760406914632768e-05
2231,1.7436692843375567e-06
2232,1.0657928487489699e-05
2233,0.0023975404212251304
2234,0.7936922430992126
2235,0.9822761654853821
2236,3.4349652196397074e-05
2237,0.9996165990829468
2238,0.9991194486618042
2239,0.999292540550232
2240,0.015836299769580363
2241,0.9914096593856812
2242,0.0007846639331546612
2243,0.00010484839949640446
2244,0.0015226218500174582
2245,0.0010494693997316062
2246,0.36573566198349
2247,0.9961805224418641
2248,0.052105313166975975
2249,0.9994178295135498
2250,9.615586714062374e-05
2251,8.875624062056885e-05
2252,0.999920928478241
2253,0.999425721168518
2254,0.9991729974746704
2255,0.003685490193311125
2256,3.715048833328183e-05
2257,5.64868823857978e-05
2258,0.9977595686912537
2259,2.0709535647256416e-05
2260,0.9989763736724854
2261,0.9965171694755555
2262,0.00010477587202331051
2263,3.647483686108899e-05
2264,0.9600212574005127
2265,0.9993030667304993
2266,0.0008726970554562286
2267,0.0011900390149094165
2268,0.0006838391971541568
2269,6.133130336820614e-05
2270,0.0003007948675076477
2271,0.9906919121742248
2272,0.9734116554260254
2273,0.9990834593772888
2274,0.9977919697761536
2275,0.0020915837318170815
2276,3.859705011564074e-05
2277,0.0023907306720502676
2278,7.612942386003851e-06
2279,5.80418289246154e-05
2280,0.9999926090240479
2281,5.4357554836315104e-05
2282,0.9998549342155456
2283,0.0003037181551917456
2284,8.932055716286414e-05
2285,0.9996237635612488
2286,0.9997936010360717
2287,0.9968033075332642
2288,0.999878752231598
2289,0.006757830735296011
2290,0.9999664068222046
2291,0.9966445922851562
2292,0.1790443666279316
2293,0.9999231338500977
2294,0.914421820640564
2295,0.9999550342559814
2296,0.98159761428833
2297,0.9846801280975341
2298,0.998373556137085
2299,0.9997402787208557
2300,0.0020860398828517644
2301,5.992264595988672e-06
2302,0.999977707862854
2303,0.004037779150530696
2304,0.9975429773330688
2305,0.997705078125
2306,8.645046873425599e-05
2307,0.9999520063400269
2308,0.9999974250793457
2309,0.9998674869537354
2310,2.3059687600834876e-05
2311,0.9968183040618896
2312,2.1907970494794427e-05
2313,0.1117018185555935
2314,0.9987093329429626
2315,0.00013191374237067066
2316,3.10164916299982e-05
2317,0.9994193196296692
2318,0.0005211284034885467
2319,8.758169060456567e-05
2320,0.9985842108726501
2321,0.9961764574050903
2322,0.9977186918258667
2323,0.9999684810638427
2324,0.9970852255821228
2325,0.9990254998207092
2326,0.9996363520622253
2327,0.0012143317144364119
2328,0.9622761487960816
2329,0.9986946105957031
2330,1.0188709268277307e-05
2331,0.03134691640734673
2332,0.9870723128318787
2333,0.9999766826629639
2334,0.000575509833288379
2335,5.183482198845013e-06
2336,0.9533199071884155
2337,2.1694829968055274e-07
2338,2.968662704461167e-06
2339,0.00030581911560148003
2340,0.8813920617103577
2341,0.008610360324382782
2342,0.999896252155304
2343,0.0005966378084849566
2344,3.231389237043913e-05
2345,0.9550666689872742
2346,0.9958664059638977
2347,0.7419875741004944
2348,0.8600620269775391
2349,0.9999166607856751
2350,0.09493321590125561
2351,0.9995762348175049
2352,0.9999796390533447
2353,0.9836244344711303
2354,0.00023819150883355177
2355,0.038565144129097464
2356,0.9998951315879822
2357,0.9991165161132812
2358,0.996393370628357
2359,1.447754398213874e-05
2360,1.119409625971457e-06
2361,0.9958721756935119
2362,0.00024217545651481487
2363,0.999776816368103
2364,0.02686739219352603
2365,0.9599926948547364
2366,0.9996911287307739
2367,0.8696154117584228
2368,0.001151844346895814
2369,5.417636821221094e-05
2370,0.025440402328968048
2371,1.7643732735450613e-05
2372,2.0900535844248224e-07
2373,0.00018934120162157343
2374,0.9997296810150147
2375,0.01254585487768054
2376,0.007622116524726152
2377,7.348801682383055e-06
2378,0.9993563294410706
2379,0.00013842019070580135
2380,0.999889588356018
2381,6.088116169848945e-05
2382,0.03557803351432085
2383,3.974841401941376e-05
2384,0.9941668510437012
2385,7.21527276255074e-05
2386,0.8836832284927368
2387,8.318315922224428e-05
2388,0.1766314271837473
2389,0.9996774315834045
2390,0.02126414142549038
2391,0.999755859375
2392,0.3767959862947464
2393,0.9999040126800537
2394,0.9997800827026367
2395,6.492493830592138e-05
2396,0.0016328656580299138
2397,0.0007954920074553229
2398,0.0019630912865977734
2399,0.010212937882170082
2400,0.8197236299514771
2401,0.0011513905716128646
2402,0.993222427368164
2403,1.0618521037031314e-05
2404,0.9999477863311768
2405,0.9997666478157043
2406,0.0009977734938729555
2407,0.9975436449050903
2408,1.4758480290311128e-06
2409,5.038937024437473e-06
2410,5.540615620702738e-05
2411,0.0002703095626202412
2412,0.34395206421613694
2413,4.701136176663567e-05
2414,0.9998782753944397
2415,0.9999552488327026
2416,0.11010814979672431
2417,0.015151251526549458
2418,0.9977736830711365
2419,0.9973217129707337
2420,1.8003070216821017e-07
2421,0.9991989016532898
2422,0.9999995470046997
2423,0.0018976020626723766
2424,0.9999340772628784
2425,0.999954080581665
2426,0.9996071815490722
2427,0.9994519948959351
2428,0.006601215782575309
2429,0.9989349961280822
2430,3.545886038409662e-05
2431,0.9996376395225525
2432,0.9997628331184387
2433,1.3067218674223113e-05
2434,0.9993549227714539
2435,1.2285866377581555e-07
2436,6.84798498696182e-05
2437,0.9972598910331726
2438,0.9998702764511108
2439,0.003928744979202747
2440,0.0006508303238661028
2441,0.9999733686447143
2442,0.9999911546707153
2443,0.0003784524385991972
2444,0.8806146502494812
2445,0.9188178062438965
2446,0.9993703246116639
2447,0.9996949672698975
2448,0.9999897956848145
2449,0.006166323786601424
2450,0.947867476940155
2451,6.591952296730597e-05
2452,0.9981605648994446
2453,0.999822461605072
2454,0.0016179499216377735
2455,0.9973494291305542
2456,0.003452045936137438
2457,6.803925316489767e-05
2458,7.188733034126926e-05
2459,5.885694863536628e-05
2460,0.9987039566040039
2461,0.9995845675468444
2462,0.9515009880065918
2463,0.999983835220337
2464,0.8362820744514465
2465,7.803857698718275e-07
2466,0.9996416211128235
2467,0.9998542189598083
2468,1.8595270830701338e-05
2469,0.998091197013855
2470,7.603433246572422e-07
2471,0.9993840336799622
2472,3.355460503371432e-05
2473,6.012150643073255e-05
2474,0.9986546277999878
2475,0.03305953592061996
2476,0.9998748421669006
2477,0.9999052882194519
2478,0.9999976873397827
2479,0.7510380864143371
2480,0.9932033658027649
2481,0.9998528003692627
2482,0.9991277456283569
2483,0.99997980594635
2484,4.626108311640564e-05
2485,0.999587893486023
2486,0.004755057988222689
2487,0.000608381410711445
2488,0.29165302515029906
2489,0.11656682379543781
2490,2.857494046111242e-05
2491,0.00024259022320620715
2492,0.0036199046997353436
2493,9.944483026629314e-05
2494,0.9997017621994019
2495,0.9955497980117798
2496,0.9969695091247559
2497,0.9998993277549744
2498,0.0006018593470798805
2499,0.0020350907812826335
2500,0.9996130108833313
