request_id,requester_received_pizza
t3_1aw5zf,0.4663338414444288
t3_roiuw,0.20533213419388546
t3_mjnbq,0.2577960043367167
t3_t8wd1,0.3645296903149602
t3_1m4zxu,0.2414292517997281
t3_1jgnj6,0.29623766950870684
t3_s4o1h,0.25649108669577037
t3_1dg2a4,0.37382341839766575
t3_trm7n,0.19226126236654675
t3_s7k0h,0.26777579720774
t3_j2cxp,0.5238293196055086
t3_jka9v,0.2372921915432557
t3_lzjvv,0.3532804620029366
t3_1epr8n,0.34456889413023134
t3_1j1w1c,0.27786354828888327
t3_1mx8pz,0.2701612743834464
t3_l4llm,0.2995005007320815
t3_m95c2,0.223991315454431
t3_yhec5,0.20909045012929367
t3_kwqew,0.39976114628467774
t3_121c2k,0.16992492304180756
t3_m6v9p,0.38148353538648716
t3_1l8aoa,0.23524311238086348
t3_pkhyy,0.39965428604087727
t3_n5je7,0.36535366911121003
t3_vhvq1,0.22224128014891947
t3_1o8uuk,0.23187837246416176
t3_qdwgl,0.23714863820942977
t3_s0t6p,0.16987121000153677
t3_zqq84,0.24396850040993423
t3_17gtl5,0.430128304751424
t3_ui761,0.2417628773504678
t3_jc1u4,0.22382285313482986
t3_r16t9,0.0969330635966201
t3_lzkem,0.34480199411831486
t3_m812c,0.38393333959247705
t3_sotbx,0.2949248866538411
t3_qqqde,0.4689106014137177
t3_q22la,0.18161793113142696
t3_12nnks,0.4707200856656642
t3_1jx6ex,0.33870388705629256
t3_jz46l,0.41883885700071777
t3_10ukdp,0.13072344305068945
t3_meys2,0.2659456563901941
t3_1bo01c,0.4107432759547096
t3_1g2xtg,0.3915245223976488
t3_l0zas,0.3582640530590146
t3_jhqic,0.17909922432011594
t3_qht9n,0.2582839615579673
t3_1fttue,0.3399483044018112
t3_1cflvh,0.547748529236879
t3_17ihhv,0.4299401932352983
t3_1091hq,0.1430245428492342
t3_khd1w,0.21904591232615184
t3_j4ms5,0.20281940665062204
t3_t27zl,0.25512696363018805
t3_1a94mq,0.20678776963546763
t3_1i3qda,0.3859678946483479
t3_1fy1og,0.27103729253575576
t3_1j65wv,0.48194858824523024
t3_lmy9r,0.26500064295555
t3_rmof0,0.36017394318013907
t3_170xyf,0.16339399198437315
t3_x00as,0.1777784064978514
t3_kod7s,0.2615721928389316
t3_kaip7,0.3782393144803126
t3_tu076,0.19765923340598768
t3_woken,0.23887470803770391
t3_i9cf1,0.14203666685755126
t3_jrp9c,0.4593717276814833
t3_v477d,0.27993849241422314
t3_hlvzn,0.2803239879750999
t3_10h4k4,0.2555386448192886
t3_1484sj,0.3843193006105934
t3_lhgee,0.11863151634295892
t3_n4zpe,0.2839629677297073
t3_11fmfp,0.1592319854243684
t3_qwy2m,0.3720247520683327
t3_187oid,0.21963835078962143
t3_m0nxw,0.18955573095581033
t3_1g8kf3,0.28448242056284956
t3_ignyn,0.2929783624299367
t3_zwf27,0.3142135697297429
t3_lhi6m,0.38318233357100234
t3_yte0l,0.2408963723796083
t3_11hoxm,0.15674710597895836
t3_t0dvv,0.5897245477831113
t3_1lulit,0.27899719836954906
t3_i693s,0.12825085546462095
t3_19o5oe,0.22778445540318315
t3_1j64hc,0.3526137555598486
t3_uhfo4,0.32874249410794587
t3_16gep8,0.6231746076305533
t3_1laja1,0.3866785091390976
t3_14yhq1,0.16947977604579115
t3_1hpzqs,0.33238158971788445
t3_11vgte,0.20696034107969913
t3_mco6j,0.3311191176732188
t3_wko45,0.6847908328243296
t3_zrzdo,0.555192177901855
t3_flezd,0.3802924056622598
t3_1mgesx,0.300653538753922
t3_jg1tx,0.18090644569319783
t3_1nd4dt,0.3176920969843477
t3_189m64,0.2815240559643454
t3_1ii7cp,0.2592585605132014
t3_tj0s0,0.15992186156812999
t3_12p0tt,0.32944452640620175
t3_13qwpa,0.20697293781479886
t3_1mdson,0.2767261374234454
t3_ki3f0,0.20325111568311782
t3_myf58,0.3516589962141753
t3_jdy60,0.3802214511239449
t3_tzuki,0.20335514696935125
t3_r1cak,0.2349622343583892
t3_1lbper,0.28857496257643506
t3_rgg9c,0.2675567209301569
t3_147zyr,0.3085120311058701
t3_ihe06,0.14035702184680646
t3_13jcdx,0.15738918337321955
t3_zpn24,0.26332433410556966
t3_1mmlp7,0.20020635214887333
t3_1azv0d,0.23241828319864305
t3_1291w9,0.5840187201903573
t3_huju7,0.18751401231886144
t3_1en7mg,0.2309880639934397
t3_1db1jf,0.18438916607133532
t3_1djsvl,0.11421295585326735
t3_ts55w,0.4758337317259706
t3_i8iq7,0.1521300007133127
t3_n0a4q,0.15568415751537024
t3_1ihmtb,0.31830596138791156
t3_1mtdc3,0.4375195097485798
t3_johrr,0.19035352337767275
t3_lp00f,0.25126846735997105
t3_m1rph,0.21540742200786
t3_1nb10u,0.4829652085488214
t3_ywjco,0.271577346896559
t3_ys2bs,0.4901698939571323
t3_pq07v,0.30667797911082834
t3_1cfb3h,0.4371160251054867
t3_iyrge,0.5006529790175338
t3_yv9x1,0.16457248731806315
t3_1krjd9,0.3123462027918319
t3_v259r,0.23311886288351413
t3_lgixi,0.32749770636625564
t3_12rb3l,0.3402958464988261
t3_pkin0,0.2025743040487826
t3_z7mzq,0.2849943328149223
t3_1j93fd,0.2571978436903709
t3_jb396,0.3129343266497673
t3_v0h9r,0.25340617901953016
t3_xb4nc,0.5038315009746098
t3_1hpv57,0.3687476846801134
t3_lyldy,0.14398593130690227
t3_idwhf,0.23179248852998013
t3_kfxsm,0.47332034698559494
t3_1f3ehu,0.21994828389472165
t3_ux4gp,0.29923528545989997
t3_j680o,0.41706168238128366
t3_n36b7,0.32295321702366975
t3_1kbspq,0.6479793554613792
t3_lfdif,0.39533777503178047
t3_jibiu,0.24483084377350778
t3_wez2u,0.49244474720642906
t3_hicex,0.13106542449256786
t3_rcb83,0.2243538368198102
t3_k5jz6,0.25676676549332367
t3_1ld1zr,0.3036497970026242
t3_matz6,0.2599606586500599
t3_13lllw,0.3209934476732834
t3_mh8t5,0.20834454557089274
t3_x7wp5,0.34661036246144794
t3_1gooei,0.31032220289539003
t3_1elntj,0.36714901364987407
t3_j6xaf,0.274291883668151
t3_1295t4,0.3234651255835307
t3_18pvdc,0.3433021616921801
t3_kfn62,0.47083822831042943
t3_1lhw18,0.3653116301905492
t3_mh41r,0.12440309236260841
t3_lput5,0.2602845271541682
t3_uj1h7,0.3651127917692243
t3_nctcy,0.4336505482465388
t3_rqgfm,0.49022167233793745
t3_rblfk,0.16130997098525693
t3_pynup,0.4714408753876075
t3_ijcon,0.5311637389822231
t3_wzdfb,0.35428343923779926
t3_qfcrx,0.11146875437918748
t3_jkv3u,0.45136249710340404
t3_t4ez0,0.25198294956979567
t3_182za3,0.5301059978842126
t3_k3huv,0.3969260488321277
t3_jjvsg,0.4150485069461034
t3_13hmch,0.3992892729116361
t3_uoddl,0.2572675672364128
t3_kxvhy,0.46199732970795143
t3_1ippsx,0.3319650968283589
t3_17k605,0.2455063963160206
t3_jfe2h,0.2748305488254834
t3_q70zy,0.21676699627485543
t3_i3ms5,0.32088380290043067
t3_ny71q,0.4173146761263694
t3_iieek,0.2960655491639152
t3_irsb9,0.45081883983194926
t3_1dxr4r,0.3122247576033894
t3_lcoa8,0.5830855713615315
t3_nylck,0.38517461529062913
t3_16soun,0.32920606297563404
t3_kxh3z,0.1799914726250006
t3_kwj17,0.34496874635435837
t3_11z0f9,0.1950252357501875
t3_y1r33,0.17643583231149984
t3_llc55,0.2781964258943844
t3_j4mle,0.2032978449317699
t3_ma4bd,0.3365934218305374
t3_ja0xm,0.15901666142583243
t3_thomi,0.44778253273522783
t3_1a42uf,0.29441213654364873
t3_1f2c2c,0.2907659044823589
t3_13yr6a,0.21302038495835007
t3_1epzt6,0.2803378108924841
t3_lkn30,0.38254262699575353
t3_ma690,0.2172468589256427
t3_isvki,0.20821502379442164
t3_1ht64o,0.33933923288322043
t3_iqne8,0.14455489891334006
t3_1fmkkt,0.2600534297886598
t3_158xj0,0.2909873283747628
t3_106jdn,0.19752638896657843
t3_jruny,0.31847517310944584
t3_14sl4k,0.228556180844517
t3_1ih4cz,0.49505922002260005
t3_p5o8n,0.3777235911669453
t3_k9jlk,0.2744801559301503
t3_1l7zot,0.16115635729434424
t3_1jx6nd,0.4505892911680962
t3_ucleb,0.2344179943683784
t3_1na78p,0.43767456867161036
t3_10i6xc,0.3117624975036114
t3_1mg1x9,0.38294890389835734
t3_swk1k,0.2424775960048014
t3_198a81,0.18397447851853416
t3_p3j6h,0.2528988229669122
t3_144v2r,0.5472615735564031
t3_1lrg7w,0.20050731661597598
t3_1n2fv2,0.40189931929355927
t3_qsar9,0.3104789445565327
t3_1kla7d,0.36629330259211185
t3_144qbb,0.28339860515407767
t3_qe4zn,0.33635069423526676
t3_ic3dt,0.33669992295656465
t3_p7iuv,0.3317909927433783
t3_1ii4ol,0.2498818153142341
t3_xb0l7,0.4624255721614366
t3_xljod,0.17506925563695092
t3_xz1f7,0.14115547472058143
t3_hxha3,0.5443300778296445
t3_1fxzpb,0.18635814560748296
t3_jray4,0.23161588626754184
t3_o8zvp,0.3147058406257325
t3_1j6f12,0.16814251781913936
t3_kai9o,0.3098671885893409
t3_11zb19,0.17159105275222722
t3_mz7kn,0.18898185597952424
t3_icsm3,0.41104026523348736
t3_lj9bn,0.24734718385085508
t3_1jtr9y,0.24815382725560012
t3_wdbar,0.2836910467387163
t3_1moe8s,0.3446288843073317
t3_o450c,0.25835164662407706
t3_nwtb9,0.4853411822678795
t3_ienv4,0.28215745880535253
t3_vb27s,0.21205700756785545
t3_1j4lyi,0.15872201981808487
t3_1c796y,0.280428359755105
t3_121puf,0.16329792923733816
t3_1loan8,0.2594280741313743
t3_1imqzn,0.18589157039445
t3_m22z8,0.1377319306283472
t3_1izqab,0.3086273619292164
t3_1b9snd,0.47196027522736905
t3_icsqz,0.26695073680553905
t3_u3lgo,0.21585191272914528
t3_n955o,0.38608641292587487
t3_loudp,0.45270966360556686
t3_11um5c,0.2292932405729877
t3_kemps,0.45713490596108125
t3_16ni9v,0.3265310984805334
t3_ny0r1,0.3741466145602131
t3_1ei0nh,0.22803652542133285
t3_s71nl,0.15553599983043667
t3_ieg2u,0.3107683702051518
t3_1j2fdd,0.45393751126780263
t3_1jzxz7,0.2721858026564571
t3_1ih7n3,0.1452203483123229
t3_j66zi,0.46419807791686984
t3_jjv8e,0.3054686753203316
t3_pvpg4,0.4482882632736775
t3_r3l0v,0.18836039778785252
t3_v5k8z,0.16880668903896998
t3_1l7avh,0.20543182252039563
t3_j7tkt,0.2322319684260634
t3_oe3zg,0.36653410143493187
t3_u5j5m,0.21802149769019805
t3_jr1lq,0.2698535560385119
t3_1kk8i1,0.32184270848824986
t3_vk1v9,0.2452345997093595
t3_mbyo8,0.3544209970982971
t3_jod1x,0.24922270013010503
t3_zpqs4,0.14981044714467676
t3_vc4hg,0.4490754910513565
t3_u3n8x,0.33919702241715743
t3_1dbt8e,0.240297395712467
t3_p1xpj,0.5065968516354126
t3_1017ti,0.16889915558678706
t3_id8n9,0.6583490951846315
t3_m14x5,0.13981218234135123
t3_1apfqa,0.31280991173987305
t3_lx5xj,0.38452620511576807
t3_1866ui,0.24950219235532717
t3_n840z,0.31277736113612636
t3_1bezf4,0.2949053858550285
t3_nacny,0.23711474309369712
t3_1dyffq,0.19078657407433058
t3_ocy5a,0.34659016012149324
t3_10ogaj,0.196412398995252
t3_iaaw6,0.14648346831608602
t3_1j4f8b,0.3967523792329036
t3_x88qi,0.35703102051421204
t3_1fches,0.2504911653158105
t3_10ny1p,0.35302161200361404
t3_ilwc6,0.1925373701916936
t3_krx2p,0.4478428426276871
t3_119not,0.42213426599058634
t3_1gu3j5,0.32216791314954873
t3_1bbbuz,0.2504027686359383
t3_hxe8a,0.36571464400458437
t3_j5qdl,0.1743748936930199
t3_1mz84n,0.4034308435000208
t3_i4y7l,0.33917509623076614
t3_ibsys,0.35301374698097343
t3_ydmzc,0.5665629025780438
t3_19xmjp,0.3188315730117079
t3_1l3540,0.45359754024246524
t3_ktf2k,0.24828399660492292
t3_k0hn0,0.18848594825135667
t3_1ek27q,0.40607083230616725
t3_wyilc,0.5193997236544284
t3_1kaciz,0.4118922382265805
t3_lkdh6,0.30885613882179735
t3_j2o4w,0.14181606986286768
t3_1czbz2,0.16625126594305306
t3_vrm0z,0.43246646137463624
t3_1cpt0u,0.27298004762490213
t3_14xb3r,0.2765655547529595
t3_ig6ya,0.41666453536933357
t3_k6zox,0.2864712438076419
t3_icbf1,0.49158220577742373
t3_jak6v,0.30814554320131116
t3_ni1uh,0.1866279023684437
t3_i4d2s,0.13478069276479285
t3_il2qy,0.4138557621431332
t3_16wajn,0.22173284629754428
t3_ibx3y,0.21622512867843668
t3_k4b7c,0.21630667569301476
t3_1copha,0.5278287793988172
t3_ktlkm,0.2902278955324602
t3_qprm5,0.42226348402562097
t3_iyqth,0.21236665126931692
t3_yvy67,0.2648180479590243
t3_ycl16,0.4681593801110038
t3_1izuji,0.4806486853238644
t3_jhtmr,0.13749607189759566
t3_1np61k,0.4281875802148189
t3_1id2hk,0.4025658968231682
t3_1enxtb,0.4923634989032231
t3_yzjva,0.2584617218944255
t3_13d6ne,0.509852551896723
t3_s5apt,0.19879759662770088
t3_mqba5,0.399085860115116
t3_1kwu2y,0.343489022899997
t3_1jgf2f,0.33478825677148344
t3_1a35ag,0.17795930174834423
t3_lm2ge,0.1697570709983367
t3_ytyy6,0.3263977795803348
t3_leh9u,0.2782637870430385
t3_xoxju,0.31290015197850146
t3_1mgs2z,0.30984627069617193
t3_1lngx7,0.4090599890608764
t3_1jggjo,0.27422817207267647
t3_14avuh,0.35872731559564525
t3_ugq11,0.3370456048108005
t3_jocl9,0.40702796920191997
t3_1hs29l,0.23940102815219597
t3_152asi,0.5730612463714106
t3_l3a1p,0.3386704367705617
t3_sybz5,0.36488136499717194
t3_x1fef,0.194429035753376
t3_1c6tno,0.37315243077234983
t3_yhpux,0.1628444123682098
t3_nztz2,0.483068788472164
t3_lza8c,0.14790740867811078
t3_1lzcwr,0.3966491738542123
t3_lwhkp,0.2787565410149159
t3_1dna10,0.3320919162962556
t3_119rgh,0.24622561358539022
t3_iapny,0.366790900715589
t3_kfk0a,0.17657015866077436
t3_ibvsg,0.5727674475378464
t3_o4fyx,0.3641363176920327
t3_y3g5j,0.39742993283973566
t3_l6lv4,0.413057831905935
t3_1kmqat,0.33079380113700885
t3_162d1a,0.43476613892229266
t3_ujkj0,0.2912079532666646
t3_1erbgm,0.44778841853431517
t3_ooexu,0.4888731656090169
t3_19t19f,0.3810127720946521
t3_ja4e2,0.350463584545319
t3_kt4mf,0.1839613078345504
t3_wt7zz,0.41316442698809996
t3_1lfquz,0.2619353425983332
t3_18sldk,0.5594100199384207
t3_htd91,0.17626950011330875
t3_1h4w4n,0.5739366396791895
t3_p8wrm,0.1728830201948223
t3_154kz8,0.25409992071067466
t3_sefhh,0.44691912531329914
t3_1lix8p,0.21929843620412412
t3_jlxn4,0.4926733619673728
t3_11wso9,0.506697086645525
t3_101z2h,0.5686544959957466
t3_1j8a3x,0.28228826013101216
t3_wqh5d,0.2403484557256234
t3_i7pfu,0.1268454799410108
t3_wnhw8,0.1423382723207884
t3_l5prn,0.2916781716076211
t3_11xfys,0.2729408556458192
t3_od50u,0.2947831396582069
t3_im02c,0.178311936351906
t3_z5hnc,0.31847585286246155
t3_l3b0f,0.21276931613551042
t3_107e7j,0.5244999816937302
t3_kerxb,0.2710514544718484
t3_qx22x,0.18792185713365522
t3_1eje4d,0.5569408504292717
t3_1mo8zt,0.5267371706610109
t3_1f84jw,0.257125512055984
t3_1j41yg,0.33922834566277593
t3_1nbc0n,0.25745500806842475
t3_jp7f2,0.4915849692888443
t3_15pek8,0.38787378820170987
t3_id8ti,0.293183571499105
t3_1mq5l0,0.3113229910418943
t3_kgmij,0.21816866055061718
t3_1mzn97,0.3551689301727065
t3_1mkuh8,0.2526214244462555
t3_l0we8,0.5944375070736202
t3_17ci8s,0.3196467269863444
t3_p8lc5,0.16542619738730485
t3_1hdv69,0.2534256790513317
t3_1loly5,0.37849522194775803
t3_12f2yv,0.3216674951892907
t3_uiv13,0.38329433729480467
t3_jtbys,0.28652234087667455
t3_j5z5a,0.20186143051490296
t3_1996pd,0.3142440028299091
t3_i3p8s,0.22680869014129823
t3_j61o1,0.296790052956013
t3_17ytg3,0.2698791240085278
t3_qt4v3,0.38100943598222853
t3_x18at,0.4032435668609682
t3_li286,0.23707887942128195
t3_1gzq6z,0.3643656385618339
t3_18o5oe,0.18187516782484678
t3_1jg8a9,0.2739317599137645
t3_sdado,0.3392473091304981
t3_ibybv,0.2436476900688217
t3_jl3qt,0.1713260244655525
t3_m71dy,0.21428241385749625
t3_j5agd,0.34421741392850685
t3_kpnkh,0.1846207554109306
t3_stuny,0.1669723461047866
t3_1ddgqj,0.40593127750410674
t3_1embfn,0.19836879999588886
t3_jpw8a,0.3805251383508618
t3_q745h,0.16394347146562427
t3_1ml5ot,0.43531726036723917
t3_1czj8l,0.227497114411289
t3_1fhq21,0.34576487599972094
t3_1cfm07,0.16395707322322825
t3_mihxn,0.4796216521178026
t3_1lbmlb,0.44920379330246796
t3_1nbkb1,0.29072614837637295
t3_wzo6q,0.21592291714637846
t3_v0ale,0.17774473655477283
t3_lm8kd,0.6800195767240733
t3_leebc,0.2565267554323417
t3_idka5,0.20740985562958397
t3_wkmpp,0.15924174678159292
t3_kvqy9,0.2044833540011683
t3_16s4f9,0.2590744234121199
t3_qsrgg,0.19761560345184728
t3_1adibf,0.38547567285976164
t3_1kkqe9,0.47804210267011804
t3_1laxa0,0.4864424411238376
t3_j0r6n,0.2538442491985174
t3_l18ch,0.41082784815625417
t3_kzxb4,0.2926234425530421
t3_1c3y33,0.2656410591049283
t3_1k3bp9,0.2581740703352091
t3_z2w4j,0.47233513643280817
t3_s332h,0.40796748955370393
t3_my19f,0.3577568518844525
t3_1kbjq5,0.28766613684684833
t3_wst3o,0.6399246719654477
t3_v77cz,0.3547625790209733
t3_jb0kw,0.430269664916954
t3_sov1j,0.3389959686673561
t3_m3daq,0.27983025666904643
t3_hutzt,0.32002181849638395
t3_rehrg,0.20810782768709285
t3_iesyg,0.21022163272970318
t3_it7hc,0.13436079670226722
t3_lu03g,0.20462459894421736
t3_xyx9c,0.20445342999788188
t3_n47ak,0.44243780195268695
t3_16wb5q,0.3349092643963548
t3_1ejygu,0.18169272421244714
t3_tneil,0.23571772976660027
t3_soowc,0.17646093943143998
t3_mvmij,0.16801611081610868
t3_1iudib,0.38286452171138996
t3_jrysw,0.35160762098821247
t3_vbswl,0.32228915086594445
t3_kri7t,0.13182683676312268
t3_1mz7p9,0.2911167282674929
t3_11ti05,0.25840185733923177
t3_i8n4m,0.2950020716279087
t3_j0st7,0.5553791402117637
t3_1lhdz9,0.14528190644185235
t3_k78hk,0.15604785028049895
t3_mu4o6,0.1962406600944538
t3_kppwl,0.19805478265109372
t3_nj0sk,0.2094278147769904
t3_1niqoy,0.34976540453378324
t3_yj539,0.2613368848293819
t3_xu0dn,0.2797071919428237
t3_jt3mq,0.49454857576870037
t3_odnwf,0.224945803926004
t3_hux4g,0.21146101574361156
t3_1j8ixk,0.5751400448283187
t3_1dekja,0.31457185624253114
t3_l460b,0.33524460121731076
t3_1m52rm,0.20992447122358182
t3_1e7pw1,0.47834489671484554
t3_hue7e,0.24515206470923023
t3_1i06ov,0.3836564881690674
t3_11v41i,0.13149532096035693
t3_l65kv,0.2121545469734847
t3_sp1fg,0.336916459143928
t3_lqhfe,0.3045427894065779
t3_15r2ea,0.479302605111829
t3_okh6v,0.2737091331115673
t3_w50hm,0.30466876981003876
t3_z7xdo,0.39795100840226116
t3_1mwwu5,0.4180112639554887
t3_q8zng,0.27532467675431094
t3_1iayg1,0.20349883300060306
t3_14vtze,0.15361831769468257
t3_ryku2,0.435802595272372
t3_10aewu,0.2551288518202246
t3_n2h3z,0.2769579255464919
t3_vurl4,0.32435439127318805
t3_n03eb,0.20100250949382958
t3_rrcc9,0.5284214937554075
t3_zz6p5,0.20576459881861708
t3_kysd6,0.5941045048480683
t3_12r721,0.30309796032647096
t3_1f6b9w,0.27089353778721026
t3_xx4f6,0.13894206141751686
t3_jrd0h,0.34952774751843824
t3_ide15,0.3108578435549717
t3_mupj4,0.45418413592246304
t3_uubek,0.4557215572888068
t3_jotm5,0.39920268521791935
t3_jlluy,0.58518185863507
t3_i4fmt,0.4414102940871246
t3_iwjzw,0.2503134742346557
t3_zvogg,0.582588637672296
t3_18yxt1,0.20455441413083691
t3_oxp5l,0.2961266601569752
t3_uqp0c,0.34621621430316224
t3_17nyu7,0.43492088640310245
t3_hu8l7,0.5195488288654384
t3_1mjky0,0.2928247374122398
t3_1kmi1j,0.2947219290352816
t3_14oyob,0.1640926697131615
t3_kde1y,0.17695458874221973
t3_ijlic,0.23443401374603143
t3_mk98a,0.20300736618476656
t3_txxhe,0.37586021243838014
t3_n8wlx,0.4179688629662761
t3_j2nbu,0.2578462881586318
t3_hub23,0.14894532721016893
t3_vv6uo,0.2179702245700574
t3_1ahck6,0.2809472418710642
t3_o2vp7,0.444139831717734
t3_so8v3,0.4875628921517052
t3_16sb6h,0.459341661447649
t3_1ekg5c,0.47304634107865934
t3_p4bhk,0.40147397296584675
t3_10q049,0.16329110106215955
t3_mmptc,0.3821285083829401
t3_kmqvq,0.30932546243063685
t3_kr339,0.23892637411404122
t3_y87jg,0.2104315156213517
t3_1ivpg0,0.24976700855550565
t3_j4gtp,0.1475686678478016
t3_ifzpe,0.13413032948030576
t3_junbn,0.276907241277786
t3_1mqs3k,0.26870275298318436
t3_1mg5fg,0.23237773008151194
t3_x11f8,0.28249712902812163
t3_r4box,0.3503728669085864
t3_lm901,0.3794220591804155
t3_1iv1fe,0.5678218275083603
t3_1b3bt4,0.23073113671223597
t3_1fof55,0.3106739982390872
t3_xc9l0,0.18609210265775822
t3_k6557,0.20750271880071008
t3_iqm6n,0.3090002457105645
t3_lm0l0,0.34135388188398536
t3_114c6l,0.2728877161019901
t3_pedfi,0.6624952251488385
t3_19mdz6,0.2804429468798412
t3_1211sa,0.4478373296665079
t3_xeelk,0.1799345079428366
t3_14ym0h,0.5075696812393069
t3_ibv3g,0.39411695622467785
t3_wq5xv,0.3087962581127631
t3_10opse,0.389846355367165
t3_upm24,0.2788259881956809
t3_1cndjm,0.26357347559138333
t3_uebcn,0.4369288787644362
t3_1lel1x,0.36508424065256656
t3_16f9ay,0.1797119252414347
t3_n01xw,0.27728353607013895
t3_14t9hd,0.4511871190426079
t3_x0ymn,0.16986470122662045
t3_1f3xe8,0.20003043282906488
t3_1lhq2y,0.35791189191659045
t3_urqtw,0.4625271466788489
t3_16upcl,0.3387323337357016
t3_nrc9b,0.5456362912923832
t3_12m4dw,0.37310466578757834
t3_jbkeh,0.28737310433390495
t3_1i6486,0.3441342662653557
t3_1iv92l,0.29202173994147423
t3_1j8boj,0.29046175678505504
t3_1iw58q,0.3386389847479753
t3_1j6osm,0.3092108496918396
t3_xcdxo,0.2166292552970818
t3_1eqkcw,0.16395417353597402
t3_1i5vnp,0.3438886887386662
t3_w1pfu,0.17274531379702365
t3_1eeqcs,0.18194446723656654
t3_rpdiz,0.2656776039782507
t3_t3uat,0.26728887808595103
t3_1ayjhe,0.2749239364416123
t3_13jfrb,0.415045559632931
t3_l8bnw,0.30335410532361795
t3_14tjdf,0.3272200550456951
t3_kse6r,0.45212019354426325
t3_1gtb6m,0.5479048844840974
t3_1mjf8o,0.18896153400457666
t3_1mh8hd,0.2790177960303308
t3_1kgiqn,0.2843910920253384
t3_rdzac,0.2660597970380337
t3_i98md,0.22034235279048014
t3_rekw2,0.31527755588733236
t3_1j57s5,0.17454326902390566
t3_zkvfi,0.3260981533876796
t3_1jwjz1,0.17648288559288836
t3_18zn0d,0.36006142962215426
t3_1ktyev,0.2490665037755787
t3_m5ara,0.2794973774537003
t3_1aex0q,0.21276299986818964
t3_1l5diu,0.39426051602575785
t3_lb3k5,0.38988481556266585
t3_16gdbu,0.34466828874514255
t3_11lvl7,0.5488425690045726
t3_ltlev,0.151017247010878
t3_1cxvc5,0.309512074574135
t3_10pz0s,0.15229074887405197
t3_1kj23h,0.17410613050968218
t3_pgkkz,0.4993181716059951
t3_iqrcx,0.33977777597262604
t3_1i6786,0.2398771341913166
t3_11kxvh,0.10453510957138135
t3_10rvni,0.266082792476693
t3_1cta35,0.3029854535398091
t3_njyij,0.3389942660881164
t3_hhgic,0.28066033959084796
t3_1hkyhy,0.12664179624939603
t3_15nuxv,0.24390388327423898
t3_icfj2,0.1912093599469308
t3_p7my1,0.4646002329141584
t3_phjlw,0.27178106513822275
t3_1ld5j6,0.3773873039557922
t3_1is4rs,0.41224012756143613
t3_10pq58,0.29835598583158157
t3_w3crb,0.3677692589241873
t3_nonc4,0.37508166295097234
t3_1ll0sz,0.2550969724681904
t3_it4h2,0.38968742580221083
t3_11pen3,0.16694892007960596
t3_vcn3x,0.2360006999915178
t3_1e7t7h,0.14701125827961864
t3_17aq8d,0.23301925415213703
t3_1lr3i8,0.5984070224275416
t3_10nzqp,0.18647276843401733
t3_1jp4vc,0.5587560161013356
t3_y0ano,0.3016783908493781
t3_ifeu9,0.13022162647856822
t3_l8g1b,0.19662094473618805
t3_r4k7g,0.292229995573164
t3_11tivy,0.24614500676517892
t3_rdkc5,0.20765507012501414
t3_knh6v,0.22110898827520442
t3_195gj1,0.41373156834388214
t3_m1t5z,0.19876110672792655
t3_p6lib,0.23260686256144986
t3_13lbzi,0.5094223554713456
t3_tvwmt,0.15651238357650682
t3_1da9ae,0.21926942197058047
t3_svw8j,0.5573333480313409
t3_1iwt3k,0.4401246533024461
t3_mj5ju,0.2817593452049852
t3_hy0vl,0.4200774540684789
t3_1cbum9,0.3661062931252069
t3_qvf9b,0.5106717244159179
t3_ph959,0.3670022472769259
t3_ickap,0.24083618911951948
t3_15g1rr,0.38312091719166713
t3_i3735,0.19098964651392727
t3_umiaz,0.2587698785782771
t3_112ec3,0.16313715336139187
t3_uyapc,0.41377616260569344
t3_1hfuh7,0.2491804382843547
t3_iil4h,0.4089181114112888
t3_12psv7,0.19284406903964915
t3_wwdjm,0.38440403290097036
t3_pdxll,0.6753155326760383
t3_1l33kn,0.3039415375712731
t3_t7fp4,0.332376030314901
t3_l55gf,0.37783454750281087
t3_1lvypa,0.18396458053944786
t3_1i92ag,0.1932881146841425
t3_p9dk1,0.1398625325463918
t3_kutpx,0.4805493445364387
t3_19vzo3,0.24815778323270826
t3_1llqlm,0.2330951898069572
t3_1meso5,0.3469167426806654
t3_18a6wc,0.2997245714880796
t3_19d7h5,0.3157706148542652
t3_1n0elq,0.34411947552037037
t3_nylom,0.461443752264091
t3_j1hth,0.20081774380572054
t3_ivd1a,0.49057892505784617
t3_1jgp51,0.2508651776788958
t3_1142bk,0.13938802648227627
t3_qagim,0.1503457157027305
t3_t12we,0.17287073029154826
t3_sorhh,0.21686751619290096
t3_js36w,0.5124039688723739
t3_1dqrm6,0.2822944384037909
t3_xqeim,0.1601000803934352
t3_1ian7f,0.33213434895665417
t3_16gqmg,0.6048944004608543
t3_l4hr9,0.24714514816191072
t3_ljfjh,0.4781544201836483
t3_1fq4v3,0.28683900383565775
t3_xu9k9,0.28035261454805305
t3_zqykg,0.22723695751606565
t3_1eo0kr,0.44327649560186033
t3_v0bne,0.1866687869919494
t3_1ilc22,0.48099572517677747
t3_ozqyn,0.4295023682335706
t3_p4ovq,0.42485582358186164
t3_nakz9,0.17914216124133722
t3_1j5piq,0.25057522760503004
t3_1b34e5,0.346895479154602
t3_v7j8q,0.5003549804758083
t3_ikg6e,0.16929286552585326
t3_px5ws,0.43446377943448183
t3_owlgk,0.2785369278098888
t3_la5nq,0.4204772709879724
t3_18vx3q,0.2505777204936686
t3_idloh,0.2669206233335507
t3_185l84,0.36903092058361575
t3_td0yv,0.40706077483123426
t3_mc8or,0.3959421728838975
t3_1jy0x7,0.567607628566056
t3_tagb8,0.4431627934572371
t3_1kd6kj,0.4166317245547719
t3_srvli,0.2272147996616362
t3_mxsww,0.17213358716783772
t3_vuunv,0.3551775778655229
t3_1i7mc9,0.1471256639410691
t3_1e5gew,0.36399550477054554
t3_lhdt0,0.22327522801682675
t3_kx5g9,0.20871577897095503
t3_jm28w,0.21606940473873948
t3_tl7q7,0.19777503916453437
t3_ifbuc,0.17169539156645552
t3_1jhwvy,0.20128925078267232
t3_1eecka,0.2937309866840252
t3_ip3mm,0.36622635693788214
t3_mwyh8,0.2261546849569961
t3_ojsi7,0.23722964056566273
t3_wos8r,0.4106784608235885
t3_nejwm,0.5589572025536403
t3_k9deb,0.1791223257590804
t3_1btika,0.21892837070285215
t3_j4hdb,0.25335978842027496
t3_1ixzy0,0.34017695005290394
t3_nwwmb,0.26354986340955755
t3_133cg3,0.25155825705301815
t3_yj8a6,0.4436468360433751
t3_101uyy,0.10278843148379395
t3_hyf1p,0.2664778945308909
t3_s1us6,0.25995065662909644
t3_xkg32,0.1260960059631807
t3_icw5d,0.30502575865658577
t3_jsbkc,0.1439960674149611
t3_t5soc,0.2677427069309521
t3_15uyq3,0.21389227923402335
t3_huujf,0.32064612570139583
t3_14gmeb,0.2807816267247298
t3_lpzmu,0.22106840722701349
t3_zo7x6,0.3200851680166536
t3_1bwe1z,0.17882674427975115
t3_oepok,0.1798773977269424
t3_1d4ncf,0.25623620241602374
t3_l268t,0.2517306239762742
t3_1nv8jq,0.2392355590638236
t3_lit9l,0.3728518499089007
t3_wivqj,0.21818113981384823
t3_ux6ka,0.20950716269204042
t3_18g8j0,0.24196867472880498
t3_ofpdj,0.21008904963526165
t3_14bkx0,0.5441531918592091
t3_1b2ij2,0.2573559717590957
t3_jk2h2,0.33363307792422614
t3_1bvr8d,0.19368160349357003
t3_o7zs6,0.22510466380220553
t3_1cwnn0,0.2367537498809027
t3_jbtvg,0.4303808267475332
t3_w1vg8,0.17574992348796728
t3_o880l,0.2776181404085986
t3_18ic2n,0.2528967453657419
t3_1itzpp,0.22038167100152345
t3_10sfld,0.2996284344204328
t3_itf9z,0.12172146559847725
t3_19elkp,0.4031091637888245
t3_pfky1,0.6584460932572106
t3_17kpe8,0.22436981270233358
t3_ngp84,0.3747530652494876
t3_vjsze,0.33471108458330623
t3_13331n,0.3568242349932268
t3_uuwgc,0.4046759865019556
t3_ys1wm,0.33015960756800933
t3_17g6l7,0.24701277995502394
t3_mdvgl,0.5441530834807149
t3_10j2a1,0.26328991163192295
t3_13btoa,0.33492527172434694
t3_mwbd6,0.398996710187455
t3_1jpu8l,0.2753770084169567
t3_k3mbm,0.4090644432093907
t3_1o48ha,0.22638652122135208
t3_1mryfn,0.22253895249313133
t3_18c24q,0.25448519121159946
t3_qwu55,0.4834328428557412
t3_1ktwwv,0.27907704917253373
t3_pukrr,0.41446675462070354
t3_1jd5t9,0.29396359908283687
t3_i96xd,0.5989867664646578
t3_i67so,0.39792733633695476
t3_17pb84,0.316069786200301
t3_qseg2,0.17260755714935375
t3_xevib,0.16340408059153141
t3_mdb8o,0.3066827977711847
t3_nyxfh,0.24368378754218067
t3_jnosh,0.15296885638144816
t3_17ma70,0.3385565076123525
t3_1l2skl,0.529037006273637
t3_12s9wy,0.33890467994572065
t3_14fcmj,0.370866607042184
t3_icnsj,0.2718776964485244
t3_j3px1,0.2984931728895124
t3_p84xp,0.40372007323321046
t3_1iffmt,0.28997876176054105
t3_qwlzl,0.32426574130185265
t3_1ifykb,0.17771969497105242
t3_pf7xu,0.23899295141733318
t3_w1omy,0.1203742431175182
t3_ibxcx,0.33109393778921936
t3_16g44g,0.1702589607306099
t3_1lzgcg,0.29516267948104
t3_11v2e3,0.13475447931006665
t3_whggb,0.18910346042311788
t3_yyutk,0.5458354807684992
t3_jawug,0.1516999973621222
t3_11h5fx,0.22776044380190053
t3_ksmnr,0.23840233138705233
t3_xixa9,0.1752149179739175
t3_129hun,0.22962470818742106
t3_10w3p4,0.4328143721318249
t3_1aa9he,0.5687130363431363
t3_1ea7ee,0.2852538885015438
t3_17ghsm,0.4097933766965799
t3_o7i9r,0.1299473445860752
t3_lbanx,0.3665230967776691
t3_192rjt,0.5753284836011285
t3_u1pjd,0.2252160812039546
t3_w8ha8,0.5829706412043969
t3_12p7c1,0.4551287215038283
t3_j4i0t,0.26820743848941775
t3_jyqjt,0.1527037877564947
t3_1235kc,0.2667610452991277
t3_1drofn,0.3080377976480399
t3_iskfp,0.26386036079120073
t3_xnbcg,0.40796379644962555
t3_1ejj7t,0.4810123405475262
t3_iaoil,0.17625051228809088
t3_j48po,0.2756547845824084
t3_17mumg,0.23217515767509664
t3_1naboz,0.20083353982208535
t3_1a636c,0.21370860037540235
t3_rlqw0,0.33936902287506254
t3_17nxn9,0.40219248241072975
t3_15qs5c,0.1825041226904789
t3_tbdfc,0.27163064892171096
t3_1d1niu,0.2637997170537122
t3_1ejldw,0.28543879201029354
t3_1jyxj8,0.6182497020946088
t3_r9csz,0.31497829211818834
t3_im138,0.30607989676470687
t3_1fvlpz,0.5673322333579279
t3_kma5h,0.3644643945477246
t3_nb786,0.47173434426152744
t3_1iarcu,0.24423864754504582
t3_x9tks,0.15987555599653328
t3_r022i,0.2733673923680763
t3_ry4te,0.4776502854608078
t3_si6hr,0.25951801304646166
t3_kpi2z,0.17948617617641566
t3_1adsra,0.2096821490738653
t3_17ppx1,0.259594820053662
t3_vav2k,0.20180691478755308
t3_1jkuj5,0.4323613003881004
t3_1lixj3,0.18542973460934958
t3_p25h6,0.3347611512074947
t3_s36vf,0.2546761171591734
t3_1lxspb,0.20215985231012895
t3_1ccwpb,0.13413032948030576
t3_1kghul,0.3601272421830758
t3_1785hj,0.2150370930328121
t3_oijja,0.24926802340688822
t3_1a4uso,0.27208708257701264
t3_jf70p,0.29124995218575667
t3_tbnpe,0.24411840098769486
t3_1cke6u,0.4279392581103876
t3_veeyw,0.5080196939741494
t3_1bkxgh,0.4192360575321619
t3_11hkwu,0.21357041998187992
t3_od42n,0.250850390506145
t3_ixy0f,0.3722408867681597
t3_vwcvk,0.18675995938676143
t3_o77z6,0.4579424528299818
t3_139qw1,0.25011864086439767
t3_1hftkm,0.23030503578259337
t3_j1u1l,0.43050114592820543
t3_1lnq58,0.26528305532921076
t3_183j1t,0.1948714821579795
t3_1948qi,0.35632597831401736
t3_14kuxr,0.37689053589617255
t3_jraz4,0.18325218068791546
t3_o8nap,0.41361790967640794
t3_1m28mz,0.21980589687248114
t3_1j33z9,0.30085102055651725
t3_15r3p6,0.589380274886135
t3_penyh,0.2008260899838228
t3_ks7mt,0.3728115021294208
t3_10rvrc,0.22135230438845227
t3_14kzth,0.34728223324540586
t3_zqs0z,0.19320591285379746
t3_1ks9hw,0.22549290133231523
t3_tfksg,0.3053093568190465
t3_1dym29,0.33288618970903966
t3_1iv792,0.34153102458760703
t3_k87xw,0.3109471810900375
t3_j7j1a,0.1990599309224707
t3_1gtku5,0.19568314984842242
t3_1je0om,0.20591351508982417
t3_1fydsv,0.2021734863692705
t3_1923em,0.27934832730764647
t3_soxzw,0.1970530591995782
t3_1mwb3m,0.38561808562389854
t3_j0bk0,0.2698496217668481
t3_y3otl,0.15459161305027924
t3_1ejbbj,0.21231367835516624
t3_1ehr1g,0.29193437633270164
t3_vnmor,0.3102589443377545
t3_i49s7,0.15764942465619478
t3_1ezo2x,0.49728539605804223
t3_k3zte,0.2525409691315755
t3_px0sh,0.2400806405221465
t3_r65sc,0.33684685421090305
t3_ko3e1,0.1729375059584672
t3_1jpq2m,0.23354939526370916
t3_1do7ez,0.15831925660765528
t3_pvqb0,0.24264964463450167
t3_msef6,0.2125011578997854
t3_14i72s,0.16935713793801685
t3_1kkvey,0.22435447839366307
t3_wanz0,0.2844898074469695
t3_iv9ox,0.3829219945769805
t3_krb3m,0.3168038559200437
t3_ilau5,0.48589409532046
t3_1kj6vm,0.2260919573999372
t3_1l0ugy,0.37240680287569206
t3_1g8r0o,0.23986782547073976
t3_1le5sz,0.3384048203885275
t3_j869k,0.4261325397672733
t3_xtx62,0.2450179861881902
t3_1ivbrp,0.31837304473265793
t3_s2w1y,0.1384337710538845
t3_1ivgyp,0.15819636678034787
t3_pe178,0.17333588361484986
t3_s58wn,0.12312684170363959
t3_1i3zr6,0.3598977421854438
t3_wv24t,0.27131491443145905
t3_sbnbg,0.20017204164320762
t3_14f8ed,0.22139880987573263
t3_1mt2g2,0.4180693875702091
t3_1bvqrf,0.3238822766278915
t3_1d673k,0.3081652254938998
t3_k3k13,0.2162590979016158
t3_10usdp,0.5382768527626822
t3_o0m9i,0.3592986229366856
t3_1mjrmt,0.23557067228918316
t3_1lajal,0.18150941513761157
t3_lyd1s,0.4281881174376895
t3_1dayzb,0.23300423216834687
t3_z409k,0.2706853270134774
t3_1ipzb6,0.20541031386093234
t3_i5c8j,0.613135726884024
t3_qt3v7,0.5784132146290174
t3_igo1i,0.2036925034147788
t3_i3una,0.19778971280320873
t3_10u70o,0.3339675718648509
t3_1e95a5,0.39310891372064316
t3_ivhw5,0.15148376971335137
t3_liw3m,0.24287171685907816
t3_ra40d,0.3112715557164402
t3_1glla8,0.3416713140251353
t3_wy35k,0.31159894847196923
t3_1ihhx4,0.2687764013443165
t3_1idsgl,0.4343926313995933
t3_kfq6s,0.40162141438864113
t3_rzs62,0.4117127678556094
t3_lpu5j,0.1086579682175936
t3_l7y4a,0.22154131843429284
t3_ixx53,0.4803272475289672
t3_rrrzo,0.3680090282511672
t3_14tc0g,0.20788294103761742
t3_r8jj3,0.14421369099149023
t3_1lr307,0.40347051823218416
t3_mktvg,0.34670706137044693
t3_usmgq,0.3553834813730258
t3_162jlp,0.22186595358935315
t3_iaeax,0.3013880903260623
t3_ng075,0.48305970793733133
t3_11zxa9,0.11000683924665097
t3_i94gr,0.2041428049043474
t3_ytnaq,0.18982766148364724
t3_j7uxa,0.5226966624117171
t3_1da8ub,0.14189172508274978
t3_ssyae,0.19011726753494618
t3_kvu06,0.3837648135149919
t3_18zijt,0.2423792023487596
t3_16ibe1,0.22527544499518556
t3_idewk,0.28701355580147214
t3_jq3x6,0.1593046639892235
t3_1nc07j,0.30198096115919143
t3_1eemqq,0.29141440640445204
t3_iaftz,0.15682059959560055
t3_1nvvnk,0.2158918960444292
t3_1cfduv,0.17635445685253034
t3_1l59g9,0.39952960273261373
t3_icnyh,0.13098568244324757
t3_13ump5,0.22102853393938293
t3_m1twq,0.3199463869541741
t3_12mhsp,0.2572296975377819
t3_144ad5,0.5042013901367499
t3_13fuev,0.1921722497292967
t3_1jn7fx,0.32557437416460266
t3_te3za,0.1445581615486591
t3_yi4kv,0.4543540694851686
t3_145qyc,0.39639578085330085
t3_lboww,0.23290484550536644
t3_ien0r,0.20132725978060328
t3_1if61u,0.3865600494789643
t3_19ulmv,0.1348295642908742
t3_1btsrs,0.602023841425783
t3_t0fl6,0.3603939059590906
t3_11e5xk,0.23691754091656442
t3_w61sg,0.32371044066752386
t3_x19zb,0.24940065868701913
t3_1ju5fx,0.4323833446796995
t3_vnnkb,0.15476193859445408
t3_193tya,0.40957406667924545
t3_1iv3bw,0.32071686105850217
t3_1ltm59,0.39603948717759224
t3_hj6s8,0.32413506556553884
t3_pypw7,0.32751165769328544
t3_1fiyu3,0.43220765643225145
t3_1is1ux,0.314913281661018
t3_1310xx,0.3307326684054406
t3_1jnsxo,0.3113582758870673
t3_va5vp,0.2677784098239454
t3_usk00,0.2922309224800271
t3_1mg7w7,0.4244570219268452
t3_1hc7aj,0.2385435033290651
t3_1aulwp,0.19624525370633056
t3_1ixemj,0.17500281695200415
t3_1frcip,0.5417247966844541
t3_wgk03,0.27492293965798675
t3_k0l9j,0.24563742345893724
t3_wd8ky,0.13982377772986873
t3_nwamf,0.31128079186406743
t3_l1xkw,0.17921001187272848
t3_1ee34s,0.28977026534710043
t3_17biu9,0.33706021733494046
t3_12ge8l,0.3648722998623588
t3_zqtrr,0.26061168134959845
t3_oqsen,0.37371969896734963
t3_rlqcj,0.48970869848178844
t3_lkau4,0.15957724686795438
t3_iu9ym,0.3735607148911384
t3_11lmex,0.20030862057008167
t3_sdi2k,0.1732880672703403
t3_szbjh,0.1313407471893714
t3_1342ph,0.2229438805454808
t3_rk5ky,0.21292049370924465
t3_hz7vk,0.21491090777954447
t3_121ck5,0.1806085475630605
t3_10ben6,0.26092633626576
